{
	"credit": "Made with Blockbench",
	"textures": {
		"0": "slot_4:item/smoke/0",
		"particle": "slot_4:item/smoke/0"
	},
	"elements": [
		{
			"from": [4, 0, 4],
			"to": [13, 17, 13],
			"rotation": {"angle": 0, "axis": "y", "origin": [4, 2, 4]},
			"faces": {
				"north": {"uv": [0, 0, 12, 16], "texture": "#0"},
				"east": {"uv": [0, 0, 12, 16], "texture": "#0"},
				"south": {"uv": [0, 0, 12, 16], "texture": "#0"},
				"west": {"uv": [0, 0, 12, 16], "texture": "#0"},
				"up": {"uv": [0, 0, 2, 2], "texture": "#0"},
				"down": {"uv": [0, 0, 2, 2], "texture": "#0"}
			}
		},
		{
			"from": [6, 17, 6],
			"to": [11, 17.9, 11],
			"rotation": {"angle": 0, "axis": "y", "origin": [4, 2, 4]},
			"faces": {
				"north": {"uv": [12, 0, 14, 2], "texture": "#0"},
				"east": {"uv": [12, 0, 14, 2], "texture": "#0"},
				"south": {"uv": [12, 0, 14, 2], "texture": "#0"},
				"west": {"uv": [12, 0, 14, 2], "texture": "#0"},
				"up": {"uv": [12, 0, 14, 2], "texture": "#0"},
				"down": {"uv": [12, 0, 14, 2], "texture": "#0"}
			}
		},
		{
			"from": [6, 19.8, 5.5],
			"to": [11, 20.7, 11.5],
			"rotation": {"angle": 0, "axis": "y", "origin": [4, 2, 4]},
			"faces": {
				"north": {"uv": [12, 0, 14, 2], "texture": "#0"},
				"east": {"uv": [12, 0, 14, 2], "texture": "#0"},
				"south": {"uv": [12, 0, 14, 2], "texture": "#0"},
				"west": {"uv": [12, 0, 14, 2], "texture": "#0"},
				"up": {"uv": [12, 0, 14, 2], "texture": "#0"},
				"down": {"uv": [12, 0, 14, 2], "texture": "#0"}
			}
		},
		{
			"from": [6.6, 19.3318, 11.1818],
			"to": [10.4, 20.8318, 16.0818],
			"rotation": {"angle": 45, "axis": "x", "origin": [8.3, 20.3818, 11.1818]},
			"faces": {
				"north": {"uv": [12, 0, 14, 2], "texture": "#0"},
				"east": {"uv": [12, 0, 14, 2], "texture": "#0"},
				"south": {"uv": [12, 0, 14, 2], "texture": "#0"},
				"west": {"uv": [12, 0, 14, 2], "texture": "#0"},
				"up": {"uv": [12, 0, 14, 2], "texture": "#0"},
				"down": {"uv": [12, 0, 14, 2], "texture": "#0"}
			}
		},
		{
			"from": [7, 12.73518, 14.06482],
			"to": [10, 17.23518, 14.96482],
			"rotation": {"angle": 0, "axis": "x", "origin": [8.3, 21.23518, 10.51482]},
			"faces": {
				"north": {"uv": [12, 0, 14, 2], "rotation": 90, "texture": "#0"},
				"east": {"uv": [12, 0, 14, 2], "rotation": 90, "texture": "#0"},
				"south": {"uv": [12, 0, 14, 2], "rotation": 90, "texture": "#0"},
				"west": {"uv": [12, 0, 14, 2], "rotation": 90, "texture": "#0"},
				"up": {"uv": [12, 0, 14, 2], "rotation": 90, "texture": "#0"},
				"down": {"uv": [12, 0, 14, 2], "rotation": 90, "texture": "#0"}
			}
		},
		{
			"from": [7.4, 7.93518, 14.06482],
			"to": [9.6, 12.73518, 14.96482],
			"rotation": {"angle": 0, "axis": "y", "origin": [8.3, 21.23518, 10.51482]},
			"faces": {
				"north": {"uv": [12, 0, 14, 2], "rotation": 90, "texture": "#0"},
				"east": {"uv": [12, 0, 14, 2], "rotation": 90, "texture": "#0"},
				"south": {"uv": [12, 0, 14, 2], "rotation": 90, "texture": "#0"},
				"west": {"uv": [12, 0, 14, 2], "rotation": 90, "texture": "#0"},
				"up": {"uv": [12, 0, 14, 2], "rotation": 90, "texture": "#0"},
				"down": {"uv": [12, 0, 14, 2], "rotation": 90, "texture": "#0"}
			}
		},
		{
			"from": [6.5, 17.9, 6.5],
			"to": [10.5, 19.8, 10.5],
			"rotation": {"angle": 0, "axis": "y", "origin": [4, 2, 4]},
			"faces": {
				"north": {"uv": [12, 0, 14, 2], "texture": "#0"},
				"east": {"uv": [12, 0, 14, 2], "texture": "#0"},
				"south": {"uv": [12, 0, 14, 2], "texture": "#0"},
				"west": {"uv": [12, 0, 14, 2], "texture": "#0"},
				"up": {"uv": [12, 0, 14, 2], "texture": "#0"},
				"down": {"uv": [12, 0, 14, 2], "texture": "#0"}
			}
		},
		{
			"from": [-10.2, 30.90109, -0.5],
			"to": [-9.8, 31.20109, 3.5],
			"rotation": {"angle": -22.5, "axis": "z", "origin": [-9.9, 28.48687, 1.7]},
			"faces": {
				"north": {"uv": [12, 8, 15, 11], "texture": "#0"},
				"east": {"uv": [12, 8, 15, 11], "texture": "#0"},
				"south": {"uv": [12, 8, 15, 11], "texture": "#0"},
				"west": {"uv": [12, 8, 15, 11], "texture": "#0"},
				"up": {"uv": [12, 8, 15, 11], "texture": "#0"},
				"down": {"uv": [12, 8, 15, 11], "texture": "#0"}
			}
		},
		{
			"from": [-10.2, 27.08687, -0.61421],
			"to": [-9.8, 31.08687, -0.31421],
			"rotation": {"angle": -22.5, "axis": "z", "origin": [-9.9, 28.48687, 1.7]},
			"faces": {
				"north": {"uv": [12, 8, 15, 11], "rotation": 180, "texture": "#0"},
				"east": {"uv": [12, 8, 15, 11], "rotation": 180, "texture": "#0"},
				"south": {"uv": [12, 8, 15, 11], "rotation": 180, "texture": "#0"},
				"west": {"uv": [12, 8, 15, 11], "rotation": 180, "texture": "#0"},
				"up": {"uv": [12, 8, 15, 11], "rotation": 180, "texture": "#0"},
				"down": {"uv": [12, 8, 15, 11], "rotation": 180, "texture": "#0"}
			}
		},
		{
			"from": [-10.2, 26.97266, -0.5],
			"to": [-9.8, 27.27266, 3.5],
			"rotation": {"angle": -22.5, "axis": "z", "origin": [-9.9, 28.48687, 1.7]},
			"faces": {
				"north": {"uv": [12, 8, 15, 11], "rotation": 180, "texture": "#0"},
				"east": {"uv": [12, 8, 15, 11], "rotation": 180, "texture": "#0"},
				"south": {"uv": [12, 8, 15, 11], "rotation": 180, "texture": "#0"},
				"west": {"uv": [12, 8, 15, 11], "rotation": 180, "texture": "#0"},
				"up": {"uv": [12, 8, 15, 11], "rotation": 180, "texture": "#0"},
				"down": {"uv": [12, 8, 15, 11], "rotation": 180, "texture": "#0"}
			}
		},
		{
			"from": [-10.2, 27.08687, 3.31421],
			"to": [-9.8, 31.08687, 3.61421],
			"rotation": {"angle": -22.5, "axis": "z", "origin": [-9.9, 28.48687, 1.7]},
			"faces": {
				"north": {"uv": [12, 8, 15, 11], "rotation": 180, "texture": "#0"},
				"east": {"uv": [12, 8, 15, 11], "rotation": 180, "texture": "#0"},
				"south": {"uv": [12, 8, 15, 11], "rotation": 180, "texture": "#0"},
				"west": {"uv": [12, 8, 15, 11], "rotation": 180, "texture": "#0"},
				"up": {"uv": [12, 8, 15, 11], "rotation": 180, "texture": "#0"},
				"down": {"uv": [12, 8, 15, 11], "rotation": 180, "texture": "#0"}
			}
		},
		{
			"from": [-9.1, 30.9, 1.6],
			"to": [-4.1, 31.1, 1.8],
			"rotation": {"angle": 0, "axis": "y", "origin": [-10.1, 12.8, -2.8]},
			"faces": {
				"north": {"uv": [12, 8, 15, 11], "texture": "#0"},
				"east": {"uv": [12, 8, 15, 11], "texture": "#0"},
				"south": {"uv": [12, 8, 15, 11], "texture": "#0"},
				"west": {"uv": [12, 8, 15, 11], "texture": "#0"},
				"up": {"uv": [12, 8, 15, 11], "texture": "#0"},
				"down": {"uv": [12, 8, 15, 11], "texture": "#0"}
			}
		}
	],
	"display": {
		"thirdperson_righthand": {
			"rotation": [0, 90, 0],
			"scale": [0.3, 0.3, 0.3]
		},
		"thirdperson_lefthand": {
			"scale": [0, 0, 0]
		},
		"firstperson_righthand": {
			"rotation": [-33.5, 0, 39.5],
			"translation": [-0.5, 14, 0],
			"scale": [0.35, 0.35, 0.35]
		},
		"ground": {
			"rotation": [0, 0, 90],
			"scale": [0.5, 0.5, 0.5]
		},
		"gui": {
			"rotation": [0, 90, 0],
			"translation": [-0.5, -1.5, 0],
			"scale": [0.7, 0.7, 0.7]
		},
		"head": {
			"rotation": [90, 90, 0],
			"translation": [0, -42.5, -1.5],
			"scale": [0.5, 0.5, 0.5]
		},
		"fixed": {
			"rotation": [0, -90, 0],
			"translation": [0, -2.5, -3],
			"scale": [0.7, 0.7, 0.7]
		}
	},
	"groups": [
		0,
		1,
		2,
		3,
		4,
		5,
		6,
		{
			"name": "group",
			"origin": [0, 0, 0],
			"color": 0,
			"nbt": "{}",
			"armAnimationEnabled": false,
			"children": [7, 8, 9, 10, 11]
		}
	]
}