{
	"credit": "Made with Blockbench",
	"textures": {
		"0": "item/ai_killer2",
		"1": "item/ai_killer_antenna",
		"particle": "item/ai_killer_antenna"
	},
	"elements": [
		{
			"name": "Body",
			"from": [-2, -7, 8],
			"to": [18, 23, 8],
			"rotation": {"angle": 0, "axis": "y", "origin": [8, -8, 8]},
			"faces": {
				"north": {"uv": [0, 0, 16, 16], "texture": "#0"},
				"east": {"uv": [4, 5, 5, 8], "texture": "#0"},
				"south": {"uv": [0, 0, 16, 16], "texture": "#0"},
				"west": {"uv": [7, 5, 8, 8], "texture": "#0"},
				"up": {"uv": [7, 5, 5, 4], "texture": "#0"},
				"down": {"uv": [2, 14.88, 0, 15.88], "texture": "#0"}
			}
		},
		{
			"from": [7, 23, 7],
			"to": [9, 23.25, 9],
			"faces": {
				"north": {"uv": [0, 9.66667, 5.33333, 10.66667], "texture": "#1"},
				"east": {"uv": [0, 9.66667, 5.33333, 10.66667], "texture": "#1"},
				"south": {"uv": [0, 5.6, 5.33333, 6.6], "texture": "#1"},
				"west": {"uv": [0, 5.6, 5.33333, 6.6], "texture": "#1"},
				"up": {"uv": [5, 10.66667, 0, 5.66667], "texture": "#1"},
				"down": {"uv": [5, 10.66667, 0, 5.66667], "texture": "#1"}
			}
		},
		{
			"from": [7.5, 23.25, 8],
			"to": [8.5, 27.5, 8],
			"faces": {
				"north": {"uv": [5.46667, 0, 7.93333, 10.66667], "texture": "#1"},
				"east": {"uv": [0, 0, 0, 4], "texture": "#1"},
				"south": {"uv": [5.46667, 0, 7.93333, 10.53333], "texture": "#1"},
				"west": {"uv": [0, 0, 0, 4], "texture": "#1"},
				"up": {"uv": [1, 0, 0, 0], "texture": "#1"},
				"down": {"uv": [1, 0, 0, 0], "texture": "#1"}
			}
		},
		{
			"from": [7.25, 27.75, 8],
			"to": [8.75, 29.25, 8],
			"faces": {
				"north": {"uv": [0, 0, 5.33333, 5.33333], "texture": "#1"},
				"east": {"uv": [0, 0, 0, 2], "texture": "#1"},
				"south": {"uv": [0, 0, 5.33333, 5.33333], "texture": "#1"},
				"west": {"uv": [0, 0, 0, 2], "texture": "#1"},
				"up": {"uv": [2, 0, 0, 0], "texture": "#1"},
				"down": {"uv": [2, 0, 0, 0], "texture": "#1"}
			}
		},
		{
			"from": [7.75, 27.5, 8],
			"to": [8.25, 27.75, 8],
			"faces": {
				"north": {"uv": [5.50003, 0, 8, 1], "texture": "#1"},
				"east": {"uv": [0, 0, 0, 1], "texture": "#1"},
				"south": {"uv": [5.5, 0, 8, 1], "texture": "#1"},
				"west": {"uv": [0, 0, 0, 1], "texture": "#1"},
				"up": {"uv": [1, 0, 0, 0], "texture": "#1"},
				"down": {"uv": [1, 0, 0, 0], "texture": "#1"}
			}
		}
	],
	"display": {
		"head": {
			"translation": [0, -15.25, 0],
			"scale": [2, 2, 2]
		}
	},
	"groups": [
		{
			"name": "Head",
			"origin": [0, 24, 0],
			"rotation": [6, -5, 0],
			"color": 0,
			"children": []
		},
		{
			"name": "Body",
			"origin": [0, 24, 0],
			"color": 0,
			"children": [0]
		},
		{
			"name": "RightArm",
			"origin": [5, 22, 0],
			"rotation": [10, 0, 0],
			"color": 0,
			"children": []
		},
		{
			"name": "LeftArm",
			"origin": [-5, 22, 0],
			"rotation": [-12, 0, 0],
			"color": 0,
			"children": []
		},
		{
			"name": "RightLeg",
			"origin": [1.9, 12, 0],
			"rotation": [-11, 0, 2],
			"color": 0,
			"children": []
		},
		{
			"name": "LeftLeg",
			"origin": [-1.9, 12, 0],
			"rotation": [10, 0, -2],
			"color": 0,
			"children": []
		},
		{
			"name": "antena",
			"origin": [0, 0, 0],
			"color": 0,
			"children": [1, 2, 3, 4]
		}
	]
}