{
	"credit": "Made with Blockbench",
	"texture_size": [32, 32],
	"textures": {
		"0": "item/arrow",
		"particle": "item/arrow"
	},
	"elements": [
		{
			"name": "arrow",
			"from": [11, -11, 13],
			"to": [16, 5, 13],
			"rotation": {"angle": -22.5, "axis": "z", "origin": [8.5, 2, 8]},
			"faces": {
				"north": {"uv": [0, 0, 8, 2.5], "rotation": 90, "texture": "#0"},
				"east": {"uv": [16, 0, 8, 0], "rotation": 270, "texture": "#0"},
				"south": {"uv": [8, 0, 0, 2.5], "rotation": 270, "texture": "#0"},
				"west": {"uv": [8, 0, 0, 0], "rotation": 270, "texture": "#0"},
				"up": {"uv": [0, 0, 0, 2.5], "rotation": 270, "texture": "#0"},
				"down": {"uv": [8, 0, 8, 2.5], "rotation": 270, "texture": "#0"}
			}
		},
		{
			"name": "arrow",
			"from": [13.5, -11, 10.5],
			"to": [13.5, 5, 15.5],
			"rotation": {"angle": -22.5, "axis": "z", "origin": [8.5, 2, 8]},
			"faces": {
				"north": {"uv": [0, 2.5, 8, 2.5], "rotation": 90, "texture": "#0"},
				"east": {"uv": [8, 0, 0, 2.5], "rotation": 270, "texture": "#0"},
				"south": {"uv": [10.5, 2.5, 18.5, 2.5], "rotation": 270, "texture": "#0"},
				"west": {"uv": [8, 2.5, 0, 0], "rotation": 270, "texture": "#0"},
				"up": {"uv": [-2.5, 2.5, 0, 2.5], "rotation": 270, "texture": "#0"},
				"down": {"uv": [8, 2.5, 10.5, 2.5], "rotation": 270, "texture": "#0"}
			}
		},
		{
			"name": "arrow",
			"from": [11, 4, 10.5],
			"to": [16, 4, 15.5],
			"rotation": {"angle": -22.5, "axis": "z", "origin": [8.5, 2, 8]},
			"faces": {
				"north": {"uv": [2.5, 2.5, 2.5, 5], "rotation": 90, "texture": "#0"},
				"east": {"uv": [2.5, 0, 2.5, 2.5], "rotation": 270, "texture": "#0"},
				"south": {"uv": [5, 2.5, 5, 5], "rotation": 270, "texture": "#0"},
				"west": {"uv": [2.5, 2.5, 2.5, 0], "rotation": 270, "texture": "#0"},
				"up": {"uv": [0, 2.5, 2.5, 5], "rotation": 270, "texture": "#0"},
				"down": {"uv": [0, 2.5, 2.5, 5], "rotation": 270, "texture": "#0"}
			}
		},
		{
			"name": "arrow",
			"from": [13.5, -9, 5.5],
			"to": [13.5, 7, 10.5],
			"rotation": {"angle": 22.5, "axis": "y", "origin": [8.5, 2, 8]},
			"faces": {
				"north": {"uv": [16, 0, 8, 0], "rotation": 270, "texture": "#0"},
				"east": {"uv": [8, 0, 0, 2.5], "rotation": 270, "texture": "#0"},
				"south": {"uv": [8, 0, 0, 0], "rotation": 270, "texture": "#0"},
				"west": {"uv": [0, 0, 8, 2.5], "rotation": 90, "texture": "#0"},
				"up": {"uv": [0, 0, 0, 2.5], "rotation": 180, "texture": "#0"},
				"down": {"uv": [8, 0, 8, 2.5], "texture": "#0"}
			}
		},
		{
			"name": "arrow",
			"from": [11, 6, 5.5],
			"to": [16, 6, 10.5],
			"rotation": {"angle": 22.5, "axis": "y", "origin": [8.5, 2, 8]},
			"faces": {
				"north": {"uv": [2.5, 0, 2.5, 2.5], "rotation": 270, "texture": "#0"},
				"east": {"uv": [5, 2.5, 5, 5], "rotation": 270, "texture": "#0"},
				"south": {"uv": [2.5, 2.5, 2.5, 0], "rotation": 270, "texture": "#0"},
				"west": {"uv": [2.5, 2.5, 2.5, 5], "rotation": 90, "texture": "#0"},
				"up": {"uv": [0, 2.5, 2.5, 5], "rotation": 180, "texture": "#0"},
				"down": {"uv": [0, 2.5, 2.5, 5], "texture": "#0"}
			}
		},
		{
			"name": "arrow",
			"from": [11, -9, 8],
			"to": [16, 7, 8],
			"rotation": {"angle": 22.5, "axis": "y", "origin": [8.5, 2, 8]},
			"faces": {
				"north": {"uv": [8, 0, 0, 2.5], "rotation": 270, "texture": "#0"},
				"east": {"uv": [10.5, 2.5, 18.5, 2.5], "rotation": 270, "texture": "#0"},
				"south": {"uv": [8, 2.5, 0, 0], "rotation": 270, "texture": "#0"},
				"west": {"uv": [0, 2.5, 8, 2.5], "rotation": 90, "texture": "#0"},
				"up": {"uv": [-2.5, 2.5, 0, 2.5], "rotation": 180, "texture": "#0"},
				"down": {"uv": [8, 2.5, 10.5, 2.5], "texture": "#0"}
			}
		},
		{
			"name": "arrow",
			"from": [1, -9, 13],
			"to": [6, 7, 13],
			"rotation": {"angle": 22.5, "axis": "x", "origin": [8.5, 2, 8]},
			"faces": {
				"north": {"uv": [0, 0, 8, 2.5], "rotation": 90, "texture": "#0"},
				"east": {"uv": [16, 0, 8, 0], "rotation": 270, "texture": "#0"},
				"south": {"uv": [8, 0, 0, 2.5], "rotation": 270, "texture": "#0"},
				"west": {"uv": [8, 0, 0, 0], "rotation": 270, "texture": "#0"},
				"up": {"uv": [0, 0, 0, 2.5], "rotation": 270, "texture": "#0"},
				"down": {"uv": [8, 0, 8, 2.5], "rotation": 270, "texture": "#0"}
			}
		},
		{
			"name": "arrow",
			"from": [1, 6, 10.5],
			"to": [6, 6, 15.5],
			"rotation": {"angle": 22.5, "axis": "x", "origin": [8.5, 2, 8]},
			"faces": {
				"north": {"uv": [2.5, 2.5, 2.5, 5], "rotation": 90, "texture": "#0"},
				"east": {"uv": [2.5, 0, 2.5, 2.5], "rotation": 270, "texture": "#0"},
				"south": {"uv": [5, 2.5, 5, 5], "rotation": 270, "texture": "#0"},
				"west": {"uv": [2.5, 2.5, 2.5, 0], "rotation": 270, "texture": "#0"},
				"up": {"uv": [0, 2.5, 2.5, 5], "rotation": 270, "texture": "#0"},
				"down": {"uv": [0, 2.5, 2.5, 5], "rotation": 270, "texture": "#0"}
			}
		},
		{
			"name": "arrow",
			"from": [3.5, -9, 10.5],
			"to": [3.5, 7, 15.5],
			"rotation": {"angle": 22.5, "axis": "x", "origin": [8.5, 2, 8]},
			"faces": {
				"north": {"uv": [0, 2.5, 8, 2.5], "rotation": 90, "texture": "#0"},
				"east": {"uv": [8, 0, 0, 2.5], "rotation": 270, "texture": "#0"},
				"south": {"uv": [10.5, 2.5, 18.5, 2.5], "rotation": 270, "texture": "#0"},
				"west": {"uv": [8, 2.5, 0, 0], "rotation": 270, "texture": "#0"},
				"up": {"uv": [-2.5, 2.5, 0, 2.5], "rotation": 270, "texture": "#0"},
				"down": {"uv": [8, 2.5, 10.5, 2.5], "rotation": 270, "texture": "#0"}
			}
		},
		{
			"name": "arrow",
			"from": [1, -10, 8],
			"to": [6, 6, 8],
			"rotation": {"angle": 0, "axis": "y", "origin": [8.5, 2, 8]},
			"faces": {
				"north": {"uv": [0, 0, 8, 2.5], "rotation": 90, "texture": "#0"},
				"east": {"uv": [16, 0, 8, 0], "rotation": 270, "texture": "#0"},
				"south": {"uv": [8, 0, 0, 2.5], "rotation": 270, "texture": "#0"},
				"west": {"uv": [8, 0, 0, 0], "rotation": 270, "texture": "#0"},
				"up": {"uv": [0, 0, 0, 2.5], "rotation": 270, "texture": "#0"},
				"down": {"uv": [8, 0, 8, 2.5], "rotation": 270, "texture": "#0"}
			}
		},
		{
			"name": "arrow",
			"from": [1, 5, 5.5],
			"to": [6, 5, 10.5],
			"rotation": {"angle": 0, "axis": "y", "origin": [8.5, 2, 8]},
			"faces": {
				"north": {"uv": [2.5, 2.5, 2.5, 5], "rotation": 90, "texture": "#0"},
				"east": {"uv": [2.5, 0, 2.5, 2.5], "rotation": 270, "texture": "#0"},
				"south": {"uv": [5, 2.5, 5, 5], "rotation": 270, "texture": "#0"},
				"west": {"uv": [2.5, 2.5, 2.5, 0], "rotation": 270, "texture": "#0"},
				"up": {"uv": [0, 2.5, 2.5, 5], "rotation": 270, "texture": "#0"},
				"down": {"uv": [0, 2.5, 2.5, 5], "rotation": 270, "texture": "#0"}
			}
		},
		{
			"name": "arrow",
			"from": [3.5, -10, 5.5],
			"to": [3.5, 6, 10.5],
			"rotation": {"angle": 0, "axis": "y", "origin": [8.5, 2, 8]},
			"faces": {
				"north": {"uv": [0, 2.5, 8, 2.5], "rotation": 90, "texture": "#0"},
				"east": {"uv": [8, 0, 0, 2.5], "rotation": 270, "texture": "#0"},
				"south": {"uv": [10.5, 2.5, 18.5, 2.5], "rotation": 270, "texture": "#0"},
				"west": {"uv": [8, 2.5, 0, 0], "rotation": 270, "texture": "#0"},
				"up": {"uv": [-2.5, 2.5, 0, 2.5], "rotation": 270, "texture": "#0"},
				"down": {"uv": [8, 2.5, 10.5, 2.5], "rotation": 270, "texture": "#0"}
			}
		},
		{
			"name": "arrow",
			"from": [1, -11, 3],
			"to": [6, 5, 3],
			"rotation": {"angle": -22.5, "axis": "x", "origin": [8.5, 2, 8]},
			"faces": {
				"north": {"uv": [0, 0, 8, 2.5], "rotation": 90, "texture": "#0"},
				"east": {"uv": [16, 0, 8, 0], "rotation": 270, "texture": "#0"},
				"south": {"uv": [8, 0, 0, 2.5], "rotation": 270, "texture": "#0"},
				"west": {"uv": [8, 0, 0, 0], "rotation": 270, "texture": "#0"},
				"up": {"uv": [0, 0, 0, 2.5], "rotation": 270, "texture": "#0"},
				"down": {"uv": [8, 0, 8, 2.5], "rotation": 270, "texture": "#0"}
			}
		},
		{
			"name": "arrow",
			"from": [1, 4, 0.5],
			"to": [6, 4, 5.5],
			"rotation": {"angle": -22.5, "axis": "x", "origin": [8.5, 2, 8]},
			"faces": {
				"north": {"uv": [2.5, 2.5, 2.5, 5], "rotation": 90, "texture": "#0"},
				"east": {"uv": [2.5, 0, 2.5, 2.5], "rotation": 270, "texture": "#0"},
				"south": {"uv": [5, 2.5, 5, 5], "rotation": 270, "texture": "#0"},
				"west": {"uv": [2.5, 2.5, 2.5, 0], "rotation": 270, "texture": "#0"},
				"up": {"uv": [0, 2.5, 2.5, 5], "rotation": 270, "texture": "#0"},
				"down": {"uv": [0, 2.5, 2.5, 5], "rotation": 270, "texture": "#0"}
			}
		},
		{
			"name": "arrow",
			"from": [3.5, -11, 0.5],
			"to": [3.5, 5, 5.5],
			"rotation": {"angle": -22.5, "axis": "x", "origin": [8.5, 2, 8]},
			"faces": {
				"north": {"uv": [0, 2.5, 8, 2.5], "rotation": 90, "texture": "#0"},
				"east": {"uv": [8, 0, 0, 2.5], "rotation": 270, "texture": "#0"},
				"south": {"uv": [10.5, 2.5, 18.5, 2.5], "rotation": 270, "texture": "#0"},
				"west": {"uv": [8, 2.5, 0, 0], "rotation": 270, "texture": "#0"},
				"up": {"uv": [-2.5, 2.5, 0, 2.5], "rotation": 270, "texture": "#0"},
				"down": {"uv": [8, 2.5, 10.5, 2.5], "rotation": 270, "texture": "#0"}
			}
		},
		{
			"name": "arrow",
			"from": [6, -8, 8],
			"to": [11, 8, 8],
			"rotation": {"angle": 0, "axis": "y", "origin": [8.5, 2, 8]},
			"faces": {
				"north": {"uv": [0, 0, 8, 2.5], "rotation": 90, "texture": "#0"},
				"east": {"uv": [16, 0, 8, 0], "rotation": 270, "texture": "#0"},
				"south": {"uv": [8, 0, 0, 2.5], "rotation": 270, "texture": "#0"},
				"west": {"uv": [8, 0, 0, 0], "rotation": 270, "texture": "#0"},
				"up": {"uv": [0, 0, 0, 2.5], "rotation": 270, "texture": "#0"},
				"down": {"uv": [8, 0, 8, 2.5], "rotation": 270, "texture": "#0"}
			}
		},
		{
			"name": "arrow",
			"from": [6, 7, 5.5],
			"to": [11, 7, 10.5],
			"rotation": {"angle": 0, "axis": "y", "origin": [8.5, 2, 8]},
			"faces": {
				"north": {"uv": [2.5, 2.5, 2.5, 5], "rotation": 90, "texture": "#0"},
				"east": {"uv": [2.5, 0, 2.5, 2.5], "rotation": 270, "texture": "#0"},
				"south": {"uv": [5, 2.5, 5, 5], "rotation": 270, "texture": "#0"},
				"west": {"uv": [2.5, 2.5, 2.5, 0], "rotation": 270, "texture": "#0"},
				"up": {"uv": [0, 2.5, 2.5, 5], "rotation": 270, "texture": "#0"},
				"down": {"uv": [0, 2.5, 2.5, 5], "rotation": 270, "texture": "#0"}
			}
		},
		{
			"name": "arrow",
			"from": [8.5, -8, 5.5],
			"to": [8.5, 8, 10.5],
			"rotation": {"angle": 0, "axis": "y", "origin": [8.5, 2, 8]},
			"faces": {
				"north": {"uv": [0, 2.5, 8, 2.5], "rotation": 90, "texture": "#0"},
				"east": {"uv": [8, 0, 0, 2.5], "rotation": 270, "texture": "#0"},
				"south": {"uv": [10.5, 2.5, 18.5, 2.5], "rotation": 270, "texture": "#0"},
				"west": {"uv": [8, 2.5, 0, 0], "rotation": 270, "texture": "#0"},
				"up": {"uv": [-2.5, 2.5, 0, 2.5], "rotation": 270, "texture": "#0"},
				"down": {"uv": [8, 2.5, 10.5, 2.5], "rotation": 270, "texture": "#0"}
			}
		},
		{
			"name": "arrow",
			"from": [11, -11, 8],
			"to": [16, 5, 8],
			"rotation": {"angle": -22.5, "axis": "y", "origin": [8.5, 2, 8]},
			"faces": {
				"north": {"uv": [0, 0, 8, 2.5], "rotation": 90, "texture": "#0"},
				"east": {"uv": [16, 0, 8, 0], "rotation": 270, "texture": "#0"},
				"south": {"uv": [8, 0, 0, 2.5], "rotation": 270, "texture": "#0"},
				"west": {"uv": [8, 0, 0, 0], "rotation": 270, "texture": "#0"},
				"up": {"uv": [0, 0, 0, 2.5], "rotation": 270, "texture": "#0"},
				"down": {"uv": [8, 0, 8, 2.5], "rotation": 270, "texture": "#0"}
			}
		},
		{
			"name": "arrow",
			"from": [11, 4, 5.5],
			"to": [16, 4, 10.5],
			"rotation": {"angle": -22.5, "axis": "y", "origin": [8.5, 2, 8]},
			"faces": {
				"north": {"uv": [2.5, 2.5, 2.5, 5], "rotation": 90, "texture": "#0"},
				"east": {"uv": [2.5, 0, 2.5, 2.5], "rotation": 270, "texture": "#0"},
				"south": {"uv": [5, 2.5, 5, 5], "rotation": 270, "texture": "#0"},
				"west": {"uv": [2.5, 2.5, 2.5, 0], "rotation": 270, "texture": "#0"},
				"up": {"uv": [0, 2.5, 2.5, 5], "rotation": 270, "texture": "#0"},
				"down": {"uv": [0, 2.5, 2.5, 5], "rotation": 270, "texture": "#0"}
			}
		},
		{
			"name": "arrow",
			"from": [13.5, -11, 5.5],
			"to": [13.5, 5, 10.5],
			"rotation": {"angle": -22.5, "axis": "y", "origin": [8.5, 2, 8]},
			"faces": {
				"north": {"uv": [0, 2.5, 8, 2.5], "rotation": 90, "texture": "#0"},
				"east": {"uv": [8, 0, 0, 2.5], "rotation": 270, "texture": "#0"},
				"south": {"uv": [10.5, 2.5, 18.5, 2.5], "rotation": 270, "texture": "#0"},
				"west": {"uv": [8, 2.5, 0, 0], "rotation": 270, "texture": "#0"},
				"up": {"uv": [-2.5, 2.5, 0, 2.5], "rotation": 270, "texture": "#0"},
				"down": {"uv": [8, 2.5, 10.5, 2.5], "rotation": 270, "texture": "#0"}
			}
		},
		{
			"name": "arrow",
			"from": [11, -8, 3],
			"to": [16, 8, 3],
			"rotation": {"angle": 22.5, "axis": "y", "origin": [8.5, 2, 8]},
			"faces": {
				"north": {"uv": [0, 0, 8, 2.5], "rotation": 90, "texture": "#0"},
				"east": {"uv": [16, 0, 8, 0], "rotation": 270, "texture": "#0"},
				"south": {"uv": [8, 0, 0, 2.5], "rotation": 270, "texture": "#0"},
				"west": {"uv": [8, 0, 0, 0], "rotation": 270, "texture": "#0"},
				"up": {"uv": [0, 0, 0, 2.5], "rotation": 270, "texture": "#0"},
				"down": {"uv": [8, 0, 8, 2.5], "rotation": 270, "texture": "#0"}
			}
		},
		{
			"name": "arrow",
			"from": [11, 7, 0.5],
			"to": [16, 7, 5.5],
			"rotation": {"angle": 22.5, "axis": "y", "origin": [8.5, 2, 8]},
			"faces": {
				"north": {"uv": [2.5, 2.5, 2.5, 5], "rotation": 90, "texture": "#0"},
				"east": {"uv": [2.5, 0, 2.5, 2.5], "rotation": 270, "texture": "#0"},
				"south": {"uv": [5, 2.5, 5, 5], "rotation": 270, "texture": "#0"},
				"west": {"uv": [2.5, 2.5, 2.5, 0], "rotation": 270, "texture": "#0"},
				"up": {"uv": [0, 2.5, 2.5, 5], "rotation": 270, "texture": "#0"},
				"down": {"uv": [0, 2.5, 2.5, 5], "rotation": 270, "texture": "#0"}
			}
		},
		{
			"name": "arrow",
			"from": [13.5, -8, 0.5],
			"to": [13.5, 8, 5.5],
			"rotation": {"angle": 22.5, "axis": "y", "origin": [8.5, 2, 8]},
			"faces": {
				"north": {"uv": [0, 2.5, 8, 2.5], "rotation": 90, "texture": "#0"},
				"east": {"uv": [8, 0, 0, 2.5], "rotation": 270, "texture": "#0"},
				"south": {"uv": [10.5, 2.5, 18.5, 2.5], "rotation": 270, "texture": "#0"},
				"west": {"uv": [8, 2.5, 0, 0], "rotation": 270, "texture": "#0"},
				"up": {"uv": [-2.5, 2.5, 0, 2.5], "rotation": 270, "texture": "#0"},
				"down": {"uv": [8, 2.5, 10.5, 2.5], "rotation": 270, "texture": "#0"}
			}
		},
		{
			"name": "arrow",
			"from": [6, -10, 3],
			"to": [11, 6, 3],
			"rotation": {"angle": 45, "axis": "y", "origin": [8.5, 2, 8]},
			"faces": {
				"north": {"uv": [0, 0, 8, 2.5], "rotation": 90, "texture": "#0"},
				"east": {"uv": [16, 0, 8, 0], "rotation": 270, "texture": "#0"},
				"south": {"uv": [8, 0, 0, 2.5], "rotation": 270, "texture": "#0"},
				"west": {"uv": [8, 0, 0, 0], "rotation": 270, "texture": "#0"},
				"up": {"uv": [0, 0, 0, 2.5], "rotation": 270, "texture": "#0"},
				"down": {"uv": [8, 0, 8, 2.5], "rotation": 270, "texture": "#0"}
			}
		},
		{
			"name": "arrow",
			"from": [6, 5, 0.5],
			"to": [11, 5, 5.5],
			"rotation": {"angle": 45, "axis": "y", "origin": [8.5, 2, 8]},
			"faces": {
				"north": {"uv": [2.5, 2.5, 2.5, 5], "rotation": 90, "texture": "#0"},
				"east": {"uv": [2.5, 0, 2.5, 2.5], "rotation": 270, "texture": "#0"},
				"south": {"uv": [5, 2.5, 5, 5], "rotation": 270, "texture": "#0"},
				"west": {"uv": [2.5, 2.5, 2.5, 0], "rotation": 270, "texture": "#0"},
				"up": {"uv": [0, 2.5, 2.5, 5], "rotation": 270, "texture": "#0"},
				"down": {"uv": [0, 2.5, 2.5, 5], "rotation": 270, "texture": "#0"}
			}
		},
		{
			"name": "arrow",
			"from": [8.5, -10, 0.5],
			"to": [8.5, 6, 5.5],
			"rotation": {"angle": 45, "axis": "y", "origin": [8.5, 2, 8]},
			"faces": {
				"north": {"uv": [0, 2.5, 8, 2.5], "rotation": 90, "texture": "#0"},
				"east": {"uv": [8, 0, 0, 2.5], "rotation": 270, "texture": "#0"},
				"south": {"uv": [10.5, 2.5, 18.5, 2.5], "rotation": 270, "texture": "#0"},
				"west": {"uv": [8, 2.5, 0, 0], "rotation": 270, "texture": "#0"},
				"up": {"uv": [-2.5, 2.5, 0, 2.5], "rotation": 270, "texture": "#0"},
				"down": {"uv": [8, 2.5, 10.5, 2.5], "rotation": 270, "texture": "#0"}
			}
		}
	],
	"display": {
		"head": {
			"translation": [0, 12, 0]
		}
	}
}