{
	"credit": "Made with Blockbench",
	"texture_size": [64, 64],
	"textures": {
		"0": "block/custom/bee_head"
	},
	"elements": [
		{
			"name": "left_wing",
			"from": [-2.5, 10, 7],
			"to": [6.5, 10, 13],
			"rotation": {"angle": -22.5, "axis": "z", "origin": [2, 10, 10]},
			"faces": {
				"north": {"uv": [3.75, 6, 1.5, 6], "texture": "#0"},
				"east": {"uv": [5.25, 6, 3.75, 6], "texture": "#0"},
				"south": {"uv": [7.5, 6, 5.25, 6], "texture": "#0"},
				"west": {"uv": [1.5, 6, 0, 6], "texture": "#0"},
				"up": {"uv": [1.5, 6, 3.75, 4.5], "texture": "#0"},
				"down": {"uv": [1.5, 4.5, 3.75, 6], "texture": "#0"}
			}
		},
		{
			"name": "right_wing",
			"from": [9.5, 10, 7],
			"to": [18.5, 10, 13],
			"rotation": {"angle": 22.5, "axis": "z", "origin": [14, 10, 10]},
			"faces": {
				"north": {"uv": [1.5, 6, 3.75, 6], "texture": "#0"},
				"east": {"uv": [0, 6, 1.5, 6], "texture": "#0"},
				"south": {"uv": [5.25, 6, 7.5, 6], "texture": "#0"},
				"west": {"uv": [3.75, 6, 5.25, 6], "texture": "#0"},
				"up": {"uv": [3.75, 6, 1.5, 4.5], "texture": "#0"},
				"down": {"uv": [3.75, 4.5, 1.5, 6], "texture": "#0"}
			}
		},
		{
			"name": "left_antenna",
			"from": [5.5, 7, 2.35],
			"to": [5.5, 9, 5.35],
			"rotation": {"angle": 0, "axis": "y", "origin": [8, 0, 8]},
			"faces": {
				"north": {"uv": [1.25, 0.75, 1.25, 1.25], "texture": "#0"},
				"east": {"uv": [0.5, 0.75, 1.25, 1.25], "texture": "#0"},
				"south": {"uv": [2, 0.75, 2, 1.25], "texture": "#0"},
				"west": {"uv": [1.25, 0.75, 0.5, 1.25], "texture": "#0"},
				"up": {"uv": [1.25, 0.75, 1.25, 0], "texture": "#0"},
				"down": {"uv": [1.25, 0, 1.25, 0.75], "texture": "#0"}
			}
		},
		{
			"name": "stinger",
			"from": [8, 5, 13],
			"to": [8, 6, 14.5],
			"rotation": {"angle": 0, "axis": "y", "origin": [8, 0, 8]},
			"faces": {
				"north": {"uv": [6.5, 2.25, 6.5, 2.5], "texture": "#0"},
				"east": {"uv": [6.5, 2.25, 7, 2.5], "texture": "#0"},
				"south": {"uv": [7, 2.25, 7, 2.5], "texture": "#0"},
				"west": {"uv": [6.5, 2.25, 7, 2.5], "texture": "#0"},
				"up": {"uv": [6.5, 2.25, 6.5, 1.75], "texture": "#0"},
				"down": {"uv": [6.5, 1.75, 6.5, 2.25], "texture": "#0"}
			}
		},
		{
			"name": "right_antenna",
			"from": [10.5, 7, 2.35],
			"to": [10.5, 9, 5.35],
			"rotation": {"angle": 0, "axis": "y", "origin": [8, 0, 8]},
			"faces": {
				"north": {"uv": [1.25, 1.5, 1.25, 2], "texture": "#0"},
				"east": {"uv": [2.25, 1.5, 1.5, 2], "texture": "#0"},
				"south": {"uv": [2, 1.5, 2, 2], "texture": "#0"},
				"west": {"uv": [1.5, 1.5, 2.25, 2], "texture": "#0"},
				"up": {"uv": [1.25, 1.5, 1.25, 0.75], "texture": "#0"},
				"down": {"uv": [1.25, 0.75, 1.25, 1.5], "texture": "#0"}
			}
		},
		{
			"name": "torso",
			"from": [5.5, 3, 11],
			"to": [10.5, 8, 13],
			"faces": {
				"north": {"uv": [2.5, 1.5, 4, 2.75], "texture": "#0"},
				"east": {"uv": [0, 2.5, 1, 4.25], "texture": "#0"},
				"south": {"uv": [6.75, 2.5, 8.5, 4.25], "texture": "#0"},
				"west": {"uv": [5.75, 2.5, 6.75, 4.25], "texture": "#0"},
				"up": {"uv": [4.25, 1, 2.5, 0], "texture": "#0"},
				"down": {"uv": [6, 0, 4.25, 1], "texture": "#0"}
			}
		}
	],
	"display": {
		"gui": {
			"rotation": [23, -51, 0],
			"translation": [1, 3.5, 0],
			"scale": [2, 2, 2]
		},
		"head": {
			"translation": [0, 5.5, -0.5],
			"scale": [2.2, 2.2, 2.2]
		}
	},
	"groups": [
		{
			"name": "body",
			"origin": [8, 0, 8],
			"color": 0,
			"children": []
		},
		{
			"name": "left_wing",
			"origin": [6.5, 9, 5],
			"color": 0,
			"children": [0]
		},
		{
			"name": "right_wing",
			"origin": [9.5, 9, 5],
			"color": 0,
			"children": [1]
		},
		{
			"name": "left_antenna",
			"origin": [8, 7, 3],
			"color": 0,
			"children": [2]
		},
		{
			"name": "stinger",
			"origin": [8, 5, 8],
			"color": 0,
			"children": [3]
		},
		{
			"name": "right_antenna",
			"origin": [8, 7, 3],
			"color": 0,
			"children": [4]
		},
		{
			"name": "torso",
			"origin": [8, 5, 8],
			"color": 0,
			"children": []
		},
		5
	]
}