{
	"credit": "Made with Blockbench",
	"texture_size": [32, 32],
	"textures": {
		"0": "item/double_it_card",
		"particle": "item/double_it_card"
	},
	"elements": [
		{
			"from": [1, 1, 8],
			"to": [15, 26, 8],
			"faces": {
				"north": {"uv": [0, 0, 8, 12], "texture": "#0"},
				"east": {"uv": [0, 0, 0, 12.5], "texture": "#0"},
				"south": {"uv": [8, 0, 16, 12], "texture": "#0"},
				"west": {"uv": [0, 0, 0, 12.5], "texture": "#0"},
				"up": {"uv": [7, 0, 0, 0], "texture": "#0"},
				"down": {"uv": [7, 0, 0, 0], "texture": "#0"}
			}
		}
	],
	"display": {
		"thirdperson_righthand": {
			"translation": [0, 1, 0.5],
			"scale": [0.15, 0.15, 0.15]
		},
		"thirdperson_lefthand": {
			"translation": [0, 1, 0.5],
			"scale": [0.15, 0.15, 0.15]
		},
		"firstperson_righthand": {
			"rotation": [-65, 0, 0],
			"translation": [-9, 3.5, -2.25],
			"scale": [0.5, 0.5, 0.25]
		},
		"firstperson_lefthand": {
			"rotation": [-65, 0, 0],
			"translation": [-9, 3.5, -2.25],
			"scale": [0.5, 0.5, 0.5]
		},
		"ground": {
			"rotation": [45, 45, 0],
			"translation": [0, 3, 0],
			"scale": [0.5, 0.5, 0.5]
		},
		"gui": {
			"rotation": [33, -45, 0],
			"scale": [0.75, 0.75, 0.75]
		}
	}
}