{
	"credit": "Made with Blockbench",
	"texture_size": [32, 32],
	"textures": {
		"0": "block/custom/gas_mask",
		"particle": "block/custom/gas_mask"
	},
	"elements": [
		{
			"from": [2.5, 0, 7],
			"to": [13.5, 7, 7.75],
			"faces": {
				"north": {"uv": [0, 12.5, 5.5, 16], "texture": "#0"},
				"east": {"uv": [0, 0, 0.375, 3.5], "texture": "#0"},
				"south": {"uv": [0, 2, 5.5, 5.5], "texture": "#0"},
				"west": {"uv": [0, 0, 0.375, 3.5], "texture": "#0"},
				"up": {"uv": [1, 15, 4, 15.5], "texture": "#0"},
				"down": {"uv": [0, 0, 5.5, 0.375], "texture": "#0"}
			}
		},
		{
			"from": [9, 7, 7.25],
			"to": [12, 10, 7.25],
			"faces": {
				"north": {"uv": [1, 11, 2.5, 12.5], "texture": "#0"},
				"east": {"uv": [0, 0, 0, 1.5], "texture": "#0"},
				"south": {"uv": [3, 11, 4.5, 12.5], "texture": "#0"},
				"west": {"uv": [0, 0, 0, 1.5], "texture": "#0"},
				"up": {"uv": [0, 0, 1.5, 0], "texture": "#0"},
				"down": {"uv": [0, 0, 1.5, 0], "texture": "#0"}
			}
		},
		{
			"from": [4, 7, 7.25],
			"to": [7, 10, 7.25],
			"faces": {
				"north": {"uv": [3, 11, 4.5, 12.5], "texture": "#0"},
				"east": {"uv": [0, 0, 0, 1.5], "texture": "#0"},
				"south": {"uv": [1, 11, 2.5, 12.5], "texture": "#0"},
				"west": {"uv": [0, 0, 0, 1.5], "texture": "#0"},
				"up": {"uv": [0, 0, 1.5, 0], "texture": "#0"},
				"down": {"uv": [0, 0, 1.5, 0], "texture": "#0"}
			}
		},
		{
			"from": [5.5, 1.5, 6.25],
			"to": [10.5, 6.5, 7],
			"faces": {
				"north": {"uv": [7, 10, 9.5, 12.5], "texture": "#0"},
				"east": {"uv": [7, 10, 7.5, 12.5], "texture": "#0"},
				"south": {"uv": [7, 10, 9.5, 12.5], "texture": "#0"},
				"west": {"uv": [9, 10, 9.5, 12.5], "texture": "#0"},
				"up": {"uv": [9.5, 10, 7, 10.5], "texture": "#0"},
				"down": {"uv": [7, 12, 9.5, 12.5], "texture": "#0"}
			}
		},
		{
			"from": [6.25, 2.25, 4.5],
			"to": [9.75, 5.75, 6.25],
			"faces": {
				"north": {"uv": [7, 13.5, 9.5, 16], "texture": "#0"},
				"east": {"uv": [9, 13.5, 9.5, 16], "texture": "#0"},
				"south": {"uv": [0, 0, 1.75, 1.75], "texture": "#0"},
				"west": {"uv": [7, 13.5, 7.5, 16], "texture": "#0"},
				"up": {"uv": [9.5, 13.5, 7, 14], "texture": "#0"},
				"down": {"uv": [7, 15.5, 9.5, 16], "texture": "#0"}
			}
		},
		{
			"from": [11.5625, 1.5625, 3.25],
			"to": [12.3125, 5.0625, 6.25],
			"rotation": {"angle": 22.5, "axis": "y", "origin": [13, 3.25, 5.75]},
			"faces": {
				"north": {"uv": [13.5, 12.5, 14, 14.25], "texture": "#0"},
				"east": {"uv": [13.5, 12.5, 16, 16], "texture": "#0"},
				"south": {"uv": [13.5, 12.5, 14, 14.25], "texture": "#0"},
				"west": {"uv": [13.5, 10, 16, 12.5], "texture": "#0"},
				"up": {"uv": [13.5, 12.5, 14, 14], "texture": "#0"},
				"down": {"uv": [13.5, 12.5, 14, 14], "texture": "#0"}
			}
		},
		{
			"from": [4.13689, 1.5, 3.40401],
			"to": [4.88689, 5, 6.40401],
			"rotation": {"angle": -22.5, "axis": "y", "origin": [3.88689, 3.25, 4.65401]},
			"faces": {
				"north": {"uv": [13.5, 12.5, 14, 14.25], "texture": "#0"},
				"east": {"uv": [13.5, 10, 16, 12.5], "texture": "#0"},
				"south": {"uv": [13.5, 12.5, 14, 14.25], "texture": "#0"},
				"west": {"uv": [16, 12.5, 13.5, 16], "texture": "#0"},
				"up": {"uv": [13.5, 12.5, 14, 14], "texture": "#0"},
				"down": {"uv": [13.5, 12.5, 14, 14], "texture": "#0"}
			}
		},
		{
			"from": [4.25, 2.5, 5],
			"to": [6.5, 4.25, 5.75],
			"rotation": {"angle": 22.5, "axis": "z", "origin": [4.5, 4, 5.5]},
			"faces": {
				"north": {"uv": [14, 10, 15, 10.5], "texture": "#0"},
				"east": {"uv": [13.5, 10, 14, 11], "texture": "#0"},
				"south": {"uv": [14, 10, 15, 10.5], "texture": "#0"},
				"west": {"uv": [13.5, 10, 14, 11], "texture": "#0"},
				"up": {"uv": [14, 10, 15, 10.5], "texture": "#0"},
				"down": {"uv": [14, 10, 15, 10.5], "texture": "#0"}
			}
		},
		{
			"from": [9, 5.125, 5],
			"to": [11.25, 6.875, 5.75],
			"rotation": {"angle": -22.5, "axis": "z", "origin": [4.5, 4, 5.5]},
			"faces": {
				"north": {"uv": [14, 10, 15, 10.5], "texture": "#0"},
				"east": {"uv": [13.5, 10, 14, 11], "texture": "#0"},
				"south": {"uv": [14, 10, 15, 10.5], "texture": "#0"},
				"west": {"uv": [13.5, 10, 14, 11], "texture": "#0"},
				"up": {"uv": [14, 10, 15, 10.5], "texture": "#0"},
				"down": {"uv": [14, 10, 15, 10.5], "texture": "#0"}
			}
		},
		{
			"from": [12, 7, 7],
			"to": [13.5, 12, 7.75],
			"faces": {
				"north": {"uv": [0, 10, 1, 12.5], "texture": "#0"},
				"east": {"uv": [0, 0, 0.375, 2.5], "texture": "#0"},
				"south": {"uv": [5.75, 0, 5, 2.5], "texture": "#0"},
				"west": {"uv": [0.5, 10.5, 1, 12.5], "texture": "#0"},
				"up": {"uv": [0, 0, 0.75, 0.375], "texture": "#0"},
				"down": {"uv": [0, 0, 0.75, 0.375], "texture": "#0"}
			}
		},
		{
			"from": [2.5, 7, 7],
			"to": [4, 12, 7.75],
			"faces": {
				"north": {"uv": [4.5, 10, 5.5, 12.5], "texture": "#0"},
				"east": {"uv": [0.5, 10.5, 1, 12.5], "texture": "#0"},
				"south": {"uv": [0, 0, 0.75, 2.5], "texture": "#0"},
				"west": {"uv": [0, 0, 0.375, 2.5], "texture": "#0"},
				"up": {"uv": [0, 0, 0.75, 0.375], "texture": "#0"},
				"down": {"uv": [0, 0, 0.75, 0.375], "texture": "#0"}
			}
		},
		{
			"from": [2, 0, 7],
			"to": [2.5, 12, 9.5],
			"faces": {
				"north": {"uv": [5, 10, 5.5, 16], "texture": "#0"},
				"east": {"uv": [0, 0, 0.5, 6], "texture": "#0"},
				"south": {"uv": [5.5, 10, 6, 16], "texture": "#0"},
				"west": {"uv": [7, 10.5, 5.5, 15.5], "texture": "#0"},
				"up": {"uv": [0, 0, 0.25, 1.25], "texture": "#0"},
				"down": {"uv": [0, 0, 0.25, 1.25], "texture": "#0"}
			}
		},
		{
			"from": [2, 12, 7],
			"to": [14, 12.5, 9.5],
			"rotation": {"angle": 0, "axis": "y", "origin": [2.25, 6, 8.25]},
			"faces": {
				"north": {"uv": [0, 10, 0.5, 12.5], "rotation": 270, "texture": "#0"},
				"east": {"uv": [5.5, 10, 6, 11.5], "rotation": 90, "texture": "#0"},
				"south": {"uv": [5.5, 10, 6, 16], "rotation": 90, "texture": "#0"},
				"west": {"uv": [5.5, 10, 6, 11.5], "rotation": 90, "texture": "#0"},
				"up": {"uv": [9.5, 10, 11, 16], "rotation": 90, "texture": "#0"},
				"down": {"uv": [0, 0, 0.5, 6], "rotation": 90, "texture": "#0"}
			}
		},
		{
			"from": [2, -0.5, 7],
			"to": [14, 0, 9.5],
			"rotation": {"angle": 0, "axis": "y", "origin": [2.25, 6, 8.25]},
			"faces": {
				"north": {"uv": [0, 10, 0.5, 12.5], "rotation": 270, "texture": "#0"},
				"east": {"uv": [5.5, 14.5, 6, 16], "rotation": 90, "texture": "#0"},
				"south": {"uv": [5.5, 10, 6, 16], "rotation": 90, "texture": "#0"},
				"west": {"uv": [5.5, 14.5, 6, 16], "rotation": 90, "texture": "#0"},
				"up": {"uv": [5, 0, 5.5, 6], "rotation": 90, "texture": "#0"},
				"down": {"uv": [9.5, 10, 11, 16], "rotation": 90, "texture": "#0"}
			}
		},
		{
			"from": [13.5, 0, 7],
			"to": [14, 12, 9.5],
			"faces": {
				"north": {"uv": [0, 10, 0.5, 12.5], "texture": "#0"},
				"east": {"uv": [5.5, 10.5, 7, 15.5], "texture": "#0"},
				"south": {"uv": [5.5, 10, 6, 16], "texture": "#0"},
				"west": {"uv": [5, 0, 5.5, 6], "texture": "#0"},
				"up": {"uv": [0, 0, 0.25, 1.25], "texture": "#0"},
				"down": {"uv": [0, 0, 0.25, 1.25], "texture": "#0"}
			}
		},
		{
			"from": [14, 5, 9.5],
			"to": [14, 6.75, 20.75],
			"faces": {
				"north": {"uv": [0, 0, 0, 0.875], "texture": "#0"},
				"east": {"uv": [5.5, 9, 0, 10], "texture": "#0"},
				"south": {"uv": [0, 0, 0, 0.875], "texture": "#0"},
				"west": {"uv": [0, 9, 5.5, 10], "texture": "#0"},
				"up": {"uv": [0, 0, 0, 5.625], "texture": "#0"},
				"down": {"uv": [0, 0, 0, 5.625], "texture": "#0"}
			}
		},
		{
			"from": [2, 5, 9.5],
			"to": [2, 6.75, 20.75],
			"faces": {
				"north": {"uv": [0, 0, 0, 0.875], "texture": "#0"},
				"east": {"uv": [5.5, 9, 0, 10], "texture": "#0"},
				"south": {"uv": [0, 0, 0, 0.875], "texture": "#0"},
				"west": {"uv": [0, 9, 5.5, 10], "texture": "#0"},
				"up": {"uv": [0, 0, 0, 5.625], "texture": "#0"},
				"down": {"uv": [0, 0, 0, 5.625], "texture": "#0"}
			}
		},
		{
			"from": [7, 12.5, 9.5],
			"to": [8.75, 12.5, 20.75],
			"faces": {
				"north": {"uv": [0, 0, 0, 0.875], "rotation": 270, "texture": "#0"},
				"east": {"uv": [0, 0, 0, 5.625], "rotation": 90, "texture": "#0"},
				"south": {"uv": [0, 0, 0, 0.875], "rotation": 90, "texture": "#0"},
				"west": {"uv": [0, 0, 0, 5.625], "rotation": 90, "texture": "#0"},
				"up": {"uv": [5.5, 8, 0, 9], "rotation": 90, "texture": "#0"},
				"down": {"uv": [0, 8, 5.5, 9], "rotation": 90, "texture": "#0"}
			}
		},
		{
			"from": [2, 5, 20.75],
			"to": [14, 6.75, 20.75],
			"rotation": {"angle": 0, "axis": "y", "origin": [2, 5.875, 21.5]},
			"faces": {
				"north": {"uv": [8.5, 9, 14, 10], "texture": "#0"},
				"east": {"uv": [0, 0, 0, 0.875], "texture": "#0"},
				"south": {"uv": [8.5, 9, 14, 10], "texture": "#0"},
				"west": {"uv": [0, 0, 0, 0.875], "texture": "#0"},
				"up": {"uv": [0, 0, 0, 6], "rotation": 270, "texture": "#0"},
				"down": {"uv": [0, 0, 0, 6], "rotation": 90, "texture": "#0"}
			}
		},
		{
			"from": [7, 6.75, 20.75],
			"to": [8.75, 12.5, 20.75],
			"rotation": {"angle": 0, "axis": "y", "origin": [8, 5.875, 20.75]},
			"faces": {
				"north": {"uv": [5.5, 9, 8.5, 10], "rotation": 270, "texture": "#0"},
				"east": {"uv": [0, 0, 0, 2.875], "texture": "#0"},
				"south": {"uv": [5.5, 9, 8.375, 9.875], "rotation": 90, "texture": "#0"},
				"west": {"uv": [0, 0, 0, 2.875], "rotation": 180, "texture": "#0"},
				"up": {"uv": [0, 0, 0, 0.875], "rotation": 90, "texture": "#0"},
				"down": {"uv": [0, 0, 0, 0.875], "rotation": 90, "texture": "#0"}
			}
		},
		{
			"from": [7, 7, 7],
			"to": [9, 12, 7.75],
			"faces": {
				"north": {"uv": [2.5, 10, 3, 12.5], "texture": "#0"},
				"east": {"uv": [0.5, 10.5, 1, 12.5], "texture": "#0"},
				"south": {"uv": [2.5, 0, 3.5, 2.5], "texture": "#0"},
				"west": {"uv": [2.5, 10.5, 3, 12.5], "texture": "#0"},
				"up": {"uv": [0, 0, 1, 0.375], "texture": "#0"},
				"down": {"uv": [0, 0, 1, 0.375], "texture": "#0"}
			}
		},
		{
			"from": [9, 10, 7],
			"to": [12, 12, 7.75],
			"faces": {
				"north": {"uv": [1, 10, 2.5, 11], "texture": "#0"},
				"east": {"uv": [0, 0, 0.375, 1], "texture": "#0"},
				"south": {"uv": [1, 0, 2.5, 1], "texture": "#0"},
				"west": {"uv": [0, 0, 0.375, 1], "texture": "#0"},
				"up": {"uv": [0, 0, 1.5, 0.375], "texture": "#0"},
				"down": {"uv": [1, 10.5, 2.5, 10.875], "texture": "#0"}
			}
		},
		{
			"from": [4, 10, 7],
			"to": [7, 12, 7.75],
			"faces": {
				"north": {"uv": [3, 10, 4.5, 11], "texture": "#0"},
				"east": {"uv": [0, 0, 0.375, 1], "texture": "#0"},
				"south": {"uv": [0.5, 0, 2, 1], "texture": "#0"},
				"west": {"uv": [0, 0, 0.375, 1], "texture": "#0"},
				"up": {"uv": [0, 0, 1.5, 0.375], "texture": "#0"},
				"down": {"uv": [3, 10.5, 4.5, 10.875], "texture": "#0"}
			}
		}
	],
	"display": {
		"thirdperson_righthand": {
			"translation": [-1.75, 4.5, 0],
			"scale": [0.7, 0.7, 0.7]
		},
		"thirdperson_lefthand": {
			"translation": [-1.75, 4.5, 0],
			"scale": [0.7, 0.7, 0.7]
		},
		"firstperson_righthand": {
			"rotation": [0, 123.75, 0],
			"translation": [0, 4.5, 0],
			"scale": [0.7, 0.7, 0.7]
		},
		"firstperson_lefthand": {
			"rotation": [0, 486.25, 0],
			"translation": [2.75, 4, -2.5],
			"scale": [0.7, 0.7, 0.7]
		},
		"ground": {
			"rotation": [29.5, 0, 0],
			"translation": [0, 3, 0]
		},
		"gui": {
			"rotation": [15, -149, 6.25],
			"translation": [2.5, 0.75, 0]
		},
		"head": {
			"translation": [0, 2, -6.25],
			"scale": [1.2, 1.08, 1.05]
		},
		"fixed": {
			"rotation": [0, -22, 0],
			"translation": [0, 0.75, -2.25]
		}
	}
}