{
	"credit": "Made with Blockbench",
	"texture_size": [48, 48],
	"textures": {
		"0": "block/custom/gorges_hammer",
		"particle": "block/custom/gorges_hammer"
	},
	"elements": [
		{
			"from": [7, 0, 7],
			"to": [9, 22, 9],
			"faces": {
				"north": {"uv": [0.66667, 4, 1.33333, 11.33333], "texture": "#0"},
				"east": {"uv": [0, 4, 0.66667, 11.33333], "texture": "#0"},
				"south": {"uv": [2, 4, 2.66667, 11.33333], "texture": "#0"},
				"west": {"uv": [1.33333, 4, 2, 11.33333], "texture": "#0"},
				"up": {"uv": [1.33333, 4, 0.66667, 3.33333], "texture": "#0"},
				"down": {"uv": [2, 3.33333, 1.33333, 4], "texture": "#0"}
			}
		},
		{
			"from": [3, 16, 5.25],
			"to": [13, 21.5, 10.75],
			"faces": {
				"north": {"uv": [1.66667, 1.66667, 5, 3.33333], "texture": "#0"},
				"east": {"uv": [0, 1.66667, 1.66667, 3.33333], "texture": "#0"},
				"south": {"uv": [6.66667, 1.66667, 10, 3.33333], "texture": "#0"},
				"west": {"uv": [5, 1.66667, 6.66667, 3.33333], "texture": "#0"},
				"up": {"uv": [5, 1.66667, 1.66667, 0], "texture": "#0"},
				"down": {"uv": [8.33333, 0, 5, 1.66667], "texture": "#0"}
			}
		}
	],
	"display": {
		"thirdperson_righthand": {
			"rotation": [0, -90, 0],
			"translation": [0, 3, 1.5]
		},
		"thirdperson_lefthand": {
			"rotation": [0, -90, 0],
			"translation": [0, 2.25, 1.5]
		},
		"firstperson_righthand": {
			"rotation": [0, -90, 0],
			"translation": [0, 0.5, -2]
		}
	}
}