{
	"credit": "Made with Blockbench",
	"texture_size": [64, 64],
	"textures": {
		"0": "block/custom/head_in_fridge",
		"particle": "block/custom/head_in_fridge"
	},
	"elements": [
		{
			"from": [4, 0, 4],
			"to": [12, 0, 12],
			"faces": {
				"north": {"uv": [4, 2, 2, 2], "texture": "#0"},
				"east": {"uv": [6, 2, 4, 2], "texture": "#0"},
				"south": {"uv": [8, 2, 6, 2], "texture": "#0"},
				"west": {"uv": [2, 2, 0, 2], "texture": "#0"},
				"up": {"uv": [2, 2, 4, 0], "texture": "#0"},
				"down": {"uv": [4, 0, 6, 2], "texture": "#0"}
			}
		},
		{
			"from": [4, 9, 4],
			"to": [12, 9, 12],
			"faces": {
				"north": {"uv": [9, 2, 11, 2], "texture": "#0"},
				"east": {"uv": [7, 2, 9, 2], "texture": "#0"},
				"south": {"uv": [13, 2, 15, 2], "texture": "#0"},
				"west": {"uv": [11, 2, 13, 2], "texture": "#0"},
				"up": {"uv": [11, 2, 9, 0], "texture": "#0"},
				"down": {"uv": [13, 0, 11, 2], "texture": "#0"}
			}
		},
		{
			"from": [4, 7, 4],
			"to": [12, 7, 12],
			"faces": {
				"north": {"uv": [9, 2, 11, 2], "texture": "#0"},
				"east": {"uv": [7, 2, 9, 2], "texture": "#0"},
				"south": {"uv": [13, 2, 15, 2], "texture": "#0"},
				"west": {"uv": [11, 2, 13, 2], "texture": "#0"},
				"up": {"uv": [11, 2, 9, 0], "texture": "#0"},
				"down": {"uv": [13, 0, 11, 2], "texture": "#0"}
			}
		},
		{
			"from": [4, 11, 4],
			"to": [12, 11, 12],
			"faces": {
				"north": {"uv": [2, 2, 4, 2], "texture": "#0"},
				"east": {"uv": [0, 2, 2, 2], "texture": "#0"},
				"south": {"uv": [6, 2, 8, 2], "texture": "#0"},
				"west": {"uv": [4, 2, 6, 2], "texture": "#0"},
				"up": {"uv": [4, 2, 2, 0], "texture": "#0"},
				"down": {"uv": [6, 0, 4, 2], "texture": "#0"}
			}
		},
		{
			"from": [3, 0, 4],
			"to": [4, 11, 12],
			"faces": {
				"north": {"uv": [2, 4, 2.25, 6.75], "texture": "#0"},
				"east": {"uv": [0, 4, 2, 6.75], "texture": "#0"},
				"south": {"uv": [4.25, 4, 4.5, 6.75], "texture": "#0"},
				"west": {"uv": [2.25, 4, 4.25, 6.75], "texture": "#0"},
				"up": {"uv": [2.25, 4, 2, 2], "texture": "#0"},
				"down": {"uv": [2.5, 2, 2.25, 4], "texture": "#0"}
			}
		},
		{
			"from": [12, 0, 4],
			"to": [13, 11, 12],
			"faces": {
				"north": {"uv": [2.25, 4, 2, 6.75], "texture": "#0"},
				"east": {"uv": [4.25, 4, 2.25, 6.75], "texture": "#0"},
				"south": {"uv": [4.5, 4, 4.25, 6.75], "texture": "#0"},
				"west": {"uv": [2, 4, 0, 6.75], "texture": "#0"},
				"up": {"uv": [2, 4, 2.25, 2], "texture": "#0"},
				"down": {"uv": [2.25, 2, 2.5, 4], "texture": "#0"}
			}
		},
		{
			"from": [10.4, 0.1, -4],
			"to": [11.4, 10.9, 4],
			"rotation": {"angle": 22.5, "axis": "y", "origin": [12.5, 5.501, 0]},
			"faces": {
				"north": {"uv": [6.5, 2, 6.75, 4.5], "texture": "#0"},
				"east": {"uv": [4.5, 2, 6.5, 4.5], "texture": "#0"},
				"south": {"uv": [8.75, 2, 9, 4.5], "texture": "#0"},
				"west": {"uv": [6.75, 2, 8.75, 4.5], "texture": "#0"},
				"up": {"uv": [6.75, 2, 6.5, 0], "texture": "#0"},
				"down": {"uv": [7, 0, 6.75, 2], "texture": "#0"}
			}
		},
		{
			"from": [11.4, 4.1, -3],
			"to": [11.9, 6.9, -2],
			"rotation": {"angle": 22.5, "axis": "y", "origin": [12.5, 5.501, 0]},
			"faces": {
				"north": {"uv": [3.75, 3.5, 3.75, 4], "texture": "#0"},
				"east": {"uv": [3.5, 3.5, 3.75, 4], "texture": "#0"},
				"south": {"uv": [4, 3.5, 4, 4], "texture": "#0"},
				"west": {"uv": [3.75, 3.5, 4, 4], "texture": "#0"},
				"up": {"uv": [3.75, 3.5, 3.75, 3.25], "texture": "#0"},
				"down": {"uv": [3.75, 3.25, 3.75, 3.5], "texture": "#0"}
			}
		},
		{
			"from": [3, 0, 12],
			"to": [13, 11, 13],
			"rotation": {"angle": 0, "axis": "y", "origin": [12.5, 4, 16]},
			"faces": {
				"north": {"uv": [4.75, 4.75, 7.25, 7.5], "texture": "#0"},
				"east": {"uv": [4.5, 4.75, 4.75, 7.5], "texture": "#0"},
				"south": {"uv": [7.5, 4.75, 10, 7.5], "texture": "#0"},
				"west": {"uv": [7.25, 4.75, 7.5, 7.5], "texture": "#0"},
				"up": {"uv": [7.25, 4.75, 4.75, 4.5], "texture": "#0"},
				"down": {"uv": [9.75, 4.5, 7.25, 4.75], "texture": "#0"}
			}
		}
	],
	"display": {
		"gui": {
			"rotation": [8, 169, 0],
			"translation": [0, 2.5, 0],
			"scale": [1.3, 1.3, 1.3]
		},
		"head": {
			"translation": [0, 8.75, 0],
			"scale": [1.9, 1.95, 1.9]
		}
	}
}