{
	"credit": "Made with Blockbench",
	"texture_size": [64, 64],
	"textures": {
		"0": "item/mimic"
	},
	"elements": [
		{
			"name": "base",
			"from": [1, 0, 1],
			"to": [15, 10, 15],
			"rotation": {"angle": 0, "axis": "y", "origin": [8, 0, 8]},
			"faces": {
				"north": {"uv": [7, 8.25, 3.5, 10.75], "texture": "#0"},
				"east": {"uv": [3.5, 8.25, 0, 10.75], "texture": "#0"},
				"south": {"uv": [14, 8.25, 10.5, 10.75], "texture": "#0"},
				"west": {"uv": [10.5, 8.25, 7, 10.75], "texture": "#0"},
				"up": {"uv": [10.5, 8.25, 7, 4.75], "texture": "#0"},
				"down": {"uv": [7, 4.75, 3.5, 8.25], "texture": "#0"}
			}
		},
		{
			"name": "lid",
			"from": [0.9, 9, 0.9],
			"to": [15.1, 14, 15.1],
			"rotation": {"angle": -45, "axis": "x", "origin": [8, 9, 1]},
			"faces": {
				"north": {"uv": [3.5, 3.5, 7, 4.75], "rotation": 180, "texture": "#0"},
				"east": {"uv": [7, 3.5, 10.5, 4.75], "rotation": 180, "texture": "#0"},
				"south": {"uv": [10.5, 3.5, 14, 4.75], "rotation": 180, "texture": "#0"},
				"west": {"uv": [0, 3.5, 3.5, 4.75], "rotation": 180, "texture": "#0"},
				"up": {"uv": [10.5, 0, 7, 3.5], "rotation": 180, "texture": "#0"},
				"down": {"uv": [7, 3.5, 3.5, 0], "rotation": 180, "texture": "#0"}
			}
		},
		{
			"from": [1.4, 10.8, 1],
			"to": [1.4, 12.8, 13.7],
			"rotation": {"angle": -45, "axis": "x", "origin": [0, 12, 5]},
			"faces": {
				"north": {"uv": [0, 0, 0, 0.75], "texture": "#0"},
				"east": {"uv": [3.5, 4.75, 0, 5.25], "texture": "#0"},
				"south": {"uv": [0, 0, 0, 0.75], "texture": "#0"},
				"west": {"uv": [0, 4.75, 3.5, 5.25], "texture": "#0"},
				"up": {"uv": [0, 0, 0, 3.175], "texture": "#0"},
				"down": {"uv": [0, 0, 0, 3.175], "texture": "#0"}
			}
		},
		{
			"from": [14.55, 10.8, 1],
			"to": [14.55, 12.8, 13.7],
			"rotation": {"angle": -45, "axis": "x", "origin": [0, 12, 5]},
			"faces": {
				"north": {"uv": [0, 0, 0, 0.75], "texture": "#0"},
				"east": {"uv": [3.5, 4.75, 0, 5.25], "texture": "#0"},
				"south": {"uv": [0, 0, 0, 0.75], "texture": "#0"},
				"west": {"uv": [0, 4.75, 3.5, 5.25], "texture": "#0"},
				"up": {"uv": [0, 0, 0, 3.175], "texture": "#0"},
				"down": {"uv": [0, 0, 0, 3.175], "texture": "#0"}
			}
		},
		{
			"from": [14.45, 9.77028, 1.95312],
			"to": [14.45, 11.77028, 14.65312],
			"rotation": {"angle": 0, "axis": "z", "origin": [14.55, 13.52028, 6.80312]},
			"faces": {
				"north": {"uv": [0, 0, 0, 0.75], "rotation": 180, "texture": "#0"},
				"east": {"uv": [0, 4.75, 3.5, 5.25], "rotation": 180, "texture": "#0"},
				"south": {"uv": [0, 0, 0, 0.75], "rotation": 180, "texture": "#0"},
				"west": {"uv": [3.5, 4.75, 0, 5.25], "rotation": 180, "texture": "#0"},
				"up": {"uv": [0, 0, 0, 3.175], "rotation": 180, "texture": "#0"},
				"down": {"uv": [0, 0, 0, 3.175], "rotation": 180, "texture": "#0"}
			}
		},
		{
			"from": [1.45, 9.77028, 1.95312],
			"to": [1.45, 11.77028, 14.65312],
			"rotation": {"angle": 0, "axis": "z", "origin": [14.55, 13.52028, 6.80312]},
			"faces": {
				"north": {"uv": [0, 0, 0, 0.75], "rotation": 180, "texture": "#0"},
				"east": {"uv": [0, 4.75, 3.5, 5.25], "rotation": 180, "texture": "#0"},
				"south": {"uv": [0, 0, 0, 0.75], "rotation": 180, "texture": "#0"},
				"west": {"uv": [3.5, 4.75, 0, 5.25], "rotation": 180, "texture": "#0"},
				"up": {"uv": [0, 0, 0, 3.175], "rotation": 180, "texture": "#0"},
				"down": {"uv": [0, 0, 0, 3.175], "rotation": 180, "texture": "#0"}
			}
		},
		{
			"from": [1.5, 9.77028, 14.65312],
			"to": [14.4, 12.27028, 14.65312],
			"rotation": {"angle": 0, "axis": "y", "origin": [1.45, 10.77028, 8.30312]},
			"faces": {
				"north": {"uv": [0, 5.25, 3.5, 5.75], "rotation": 180, "texture": "#0"},
				"east": {"uv": [0, 0, 0, 0.75], "rotation": 180, "texture": "#0"},
				"south": {"uv": [3.5, 5.25, 0, 5.75], "rotation": 180, "texture": "#0"},
				"west": {"uv": [0, 0, 0, 0.75], "rotation": 180, "texture": "#0"},
				"up": {"uv": [0, 0, 0, 3.175], "rotation": 90, "texture": "#0"},
				"down": {"uv": [0, 0, 0, 3.175], "rotation": 270, "texture": "#0"}
			}
		},
		{
			"from": [1.4, 18.27028, 13.85312],
			"to": [14.5, 20.77028, 13.85312],
			"rotation": {"angle": -45, "axis": "x", "origin": [7.95, 15.77028, 14.65312]},
			"faces": {
				"north": {"uv": [0, 5.25, 3.5, 5.75], "texture": "#0"},
				"east": {"uv": [0, 0, 0, 0.75], "texture": "#0"},
				"south": {"uv": [3.5, 5.25, 0, 5.75], "texture": "#0"},
				"west": {"uv": [0, 0, 0, 0.75], "texture": "#0"},
				"up": {"uv": [0, 0, 0, 3.175], "rotation": 270, "texture": "#0"},
				"down": {"uv": [0, 0, 0, 3.175], "rotation": 90, "texture": "#0"}
			}
		},
		{
			"name": "knob",
			"from": [7, 7, 15],
			"to": [9, 11, 16],
			"rotation": {"angle": -45, "axis": "x", "origin": [8, 9, 1]},
			"faces": {
				"north": {"uv": [0.25, 0.25, 0.75, 1.25], "rotation": 180, "texture": "#0"},
				"east": {"uv": [0.75, 0.25, 1, 1.25], "rotation": 180, "texture": "#0"},
				"south": {"uv": [1, 0.25, 1.5, 1.25], "rotation": 180, "texture": "#0"},
				"west": {"uv": [0, 0.25, 0.25, 1.25], "rotation": 180, "texture": "#0"},
				"up": {"uv": [1.25, 0, 0.75, 0.25], "rotation": 180, "texture": "#0"},
				"down": {"uv": [0.75, 0.25, 0.25, 0], "rotation": 180, "texture": "#0"}
			}
		},
		{
			"from": [1.9, 9, 15.2],
			"to": [14.1, 13, 15.2],
			"rotation": {"angle": -45, "axis": "x", "origin": [8, 9, 1]},
			"faces": {
				"north": {"uv": [10.5, 7.25, 13.55, 8.25], "texture": "#0"},
				"east": {"uv": [0, 0, 0, 1], "texture": "#0"},
				"south": {"uv": [0, 13, 6, 15], "texture": "#0"},
				"west": {"uv": [0, 0, 0, 1], "texture": "#0"},
				"up": {"uv": [0, 0, 3.05, 0], "texture": "#0"},
				"down": {"uv": [0, 0, 3.05, 0], "texture": "#0"}
			}
		},
		{
			"from": [4, 0.8495, 15.25],
			"to": [12, 10.0995, 15.25],
			"rotation": {"angle": 0, "axis": "x", "origin": [8, 10, 20.875]},
			"faces": {
				"north": {"uv": [10.5, 8.1875, 12.75, 4.75], "rotation": 180, "texture": "#0"},
				"east": {"uv": [0, 0, 2.3125, 0], "rotation": 270, "texture": "#0"},
				"south": {"uv": [10.5, 4.75, 12.75, 8.25], "texture": "#0"},
				"west": {"uv": [0, 0, 2.3125, 0], "rotation": 90, "texture": "#0"},
				"up": {"uv": [10.5, 0, 12.5, 0], "rotation": 180, "texture": "#0"},
				"down": {"uv": [0, 0, 2, 0], "texture": "#0"}
			}
		},
		{
			"from": [4, 10.1, 4],
			"to": [12, 10.1, 15.25],
			"faces": {
				"north": {"uv": [0, 0, 2, 0], "texture": "#0"},
				"east": {"uv": [0, 0, 2.8125, 0], "texture": "#0"},
				"south": {"uv": [0, 0, 2, 0], "texture": "#0"},
				"west": {"uv": [0, 0, 2.8125, 0], "texture": "#0"},
				"up": {"uv": [10.5, 0, 12.75, 3.5], "texture": "#0"},
				"down": {"uv": [0, 1.375, 2, 2.8125], "texture": "#0"}
			}
		}
	],
	"display": {
		"head": {
			"rotation": [180, 0, 180],
			"translation": [0, 5, 0],
			"scale": [1.5, 1.5, 1.5]
		}
	},
	"groups": [
		{
			"name": "base",
			"origin": [16, 0, 16],
			"color": 0,
			"children": [0]
		},
		{
			"name": "lid",
			"origin": [16, 9, 15],
			"color": 0,
			"children": [1, 2, 3, 4, 5, 6, 7]
		},
		{
			"name": "knob",
			"origin": [16, 9, 15],
			"color": 0,
			"children": [8]
		},
		9,
		{
			"name": "tongue",
			"origin": [0, 0, 0],
			"color": 0,
			"children": [10, 11]
		}
	]
}