{
	"credit": "Made with Blockbench",
	"texture_size": [64, 64],
	"textures": {
		"0": "block/custom/night_vision",
		"particle": "block/custom/night_vision"
	},
	"elements": [
		{
			"from": [5.25, 0, 10],
			"to": [7.25, 2, 13.25],
			"rotation": {"angle": 0, "axis": "y", "origin": [8.375, 1, 7.225]},
			"faces": {
				"north": {"uv": [11.5, 0, 14.5, 3], "texture": "#0"},
				"east": {"uv": [2.5, 2.5, 8.5, 5.5], "texture": "#0"},
				"south": {"uv": [11.5, 3, 14.5, 6], "texture": "#0"},
				"west": {"uv": [2.5, 2.5, 8.5, 5.5], "texture": "#0"},
				"up": {"uv": [8.5, 0, 11.5, 5.5], "texture": "#0"},
				"down": {"uv": [8.5, 0, 11.5, 5.5], "texture": "#0"}
			}
		},
		{
			"from": [5.5, 0.25, 7.51],
			"to": [7, 1.75, 10.01],
			"rotation": {"angle": 0, "axis": "y", "origin": [8.375, 1, 7.225]},
			"faces": {
				"north": {"uv": [0, 0, 2.5, 2.5], "texture": "#0"},
				"east": {"uv": [2.5, 0, 7, 2.5], "texture": "#0"},
				"south": {"uv": [2.5, 5.5, 5.5, 8.5], "texture": "#0"},
				"west": {"uv": [7, 0, 2.5, 2.5], "texture": "#0"},
				"up": {"uv": [0, 2.5, 2.5, 7], "texture": "#0"},
				"down": {"uv": [0, 2.5, 2.5, 7], "texture": "#0"}
			}
		},
		{
			"from": [7.255, 0.625, 10],
			"to": [8.475, 1.375, 11.25],
			"rotation": {"angle": 0, "axis": "y", "origin": [8.375, 1, 7.225]},
			"faces": {
				"north": {"uv": [7, 0, 8.5, 0.5], "texture": "#0"},
				"east": {"uv": [7, 0, 8.125, 0.375], "texture": "#0"},
				"south": {"uv": [7, 0, 8.5, 0.5], "texture": "#0"},
				"west": {"uv": [7, 0, 8.125, 0.375], "texture": "#0"},
				"up": {"uv": [7, 0, 8.5, 2.5], "texture": "#0"},
				"down": {"uv": [7, 0, 8.5, 2.5], "texture": "#0"}
			}
		},
		{
			"from": [8.5, 0, 10],
			"to": [10.5, 2, 13.25],
			"rotation": {"angle": 0, "axis": "y", "origin": [8.375, 1, 7.225]},
			"faces": {
				"north": {"uv": [11.5, 0, 14.5, 3], "texture": "#0"},
				"east": {"uv": [2.5, 2.5, 8.5, 5.5], "texture": "#0"},
				"south": {"uv": [11.5, 3, 14.5, 6], "texture": "#0"},
				"west": {"uv": [2.5, 2.5, 8.5, 5.5], "texture": "#0"},
				"up": {"uv": [8.5, 0, 11.5, 5.5], "texture": "#0"},
				"down": {"uv": [8.5, 0, 11.5, 5.5], "texture": "#0"}
			}
		},
		{
			"from": [8.5, 0, 10],
			"to": [10.5, 2, 10],
			"rotation": {"angle": 0, "axis": "y", "origin": [8.375, 1, 7.225]},
			"faces": {
				"north": {"uv": [9, 0.5, 11, 2.5], "texture": "#0"},
				"east": {"uv": [2.5, 2.5, 8.5, 5.5], "texture": "#0"},
				"south": {"uv": [9, 0.5, 11, 2.5], "texture": "#0"},
				"west": {"uv": [2.5, 2.5, 8.5, 5.5], "texture": "#0"},
				"up": {"uv": [8.5, 0, 11.5, 5.5], "texture": "#0"},
				"down": {"uv": [8.5, 0, 11.5, 5.5], "texture": "#0"}
			}
		},
		{
			"from": [5.25, 0, 10],
			"to": [7.25, 2, 10],
			"rotation": {"angle": 0, "axis": "y", "origin": [8.375, 1, 7.225]},
			"faces": {
				"north": {"uv": [9, 0.5, 11, 2.5], "texture": "#0"},
				"east": {"uv": [2.5, 2.5, 8.5, 5.5], "texture": "#0"},
				"south": {"uv": [9, 0.5, 11, 2.5], "texture": "#0"},
				"west": {"uv": [2.5, 2.5, 8.5, 5.5], "texture": "#0"},
				"up": {"uv": [8.5, 0, 11.5, 5.5], "texture": "#0"},
				"down": {"uv": [8.5, 0, 11.5, 5.5], "texture": "#0"}
			}
		},
		{
			"from": [8.5, 2, 10],
			"to": [10.5, 2, 13.25],
			"rotation": {"angle": 0, "axis": "y", "origin": [8.375, 1, 7.225]},
			"faces": {
				"north": {"uv": [11.5, 0, 14.5, 3], "texture": "#0"},
				"east": {"uv": [2.5, 2.5, 8.5, 5.5], "texture": "#0"},
				"south": {"uv": [11.5, 3, 14.5, 6], "texture": "#0"},
				"west": {"uv": [2.5, 2.5, 8.5, 5.5], "texture": "#0"},
				"up": {"uv": [8.5, 0, 11.5, 5.5], "texture": "#0"},
				"down": {"uv": [8.5, 0, 11.5, 5.5], "texture": "#0"}
			}
		},
		{
			"from": [8.5, 0, 10],
			"to": [10.5, 0, 13.25],
			"rotation": {"angle": 0, "axis": "y", "origin": [8.375, 1, 7.225]},
			"faces": {
				"north": {"uv": [11.5, 0, 14.5, 3], "texture": "#0"},
				"east": {"uv": [2.5, 2.5, 8.5, 5.5], "texture": "#0"},
				"south": {"uv": [11.5, 3, 14.5, 6], "texture": "#0"},
				"west": {"uv": [2.5, 2.5, 8.5, 5.5], "texture": "#0"},
				"up": {"uv": [8.5, 0, 11.5, 5.5], "texture": "#0"},
				"down": {"uv": [8.5, 0, 11.5, 5.5], "texture": "#0"}
			}
		},
		{
			"from": [8.5, 0, 10],
			"to": [8.5, 2, 13.25],
			"rotation": {"angle": 0, "axis": "y", "origin": [8.375, 1, 7.225]},
			"faces": {
				"north": {"uv": [11.5, 0, 14.5, 3], "texture": "#0"},
				"east": {"uv": [2.5, 2.5, 8.5, 5.5], "texture": "#0"},
				"south": {"uv": [11.5, 3, 14.5, 6], "texture": "#0"},
				"west": {"uv": [8.5, 2.5, 2.5, 5.5], "texture": "#0"},
				"up": {"uv": [8.5, 0, 11.5, 5.5], "texture": "#0"},
				"down": {"uv": [8.5, 0, 11.5, 5.5], "texture": "#0"}
			}
		},
		{
			"from": [10.5, 0, 10],
			"to": [10.5, 2, 13.25],
			"rotation": {"angle": 0, "axis": "y", "origin": [8.375, 1, 7.225]},
			"faces": {
				"north": {"uv": [11.5, 0, 14.5, 3], "texture": "#0"},
				"east": {"uv": [8.5, 2.5, 2.5, 5.5], "texture": "#0"},
				"south": {"uv": [11.5, 3, 14.5, 6], "texture": "#0"},
				"west": {"uv": [2.5, 2.5, 8.5, 5.5], "texture": "#0"},
				"up": {"uv": [8.5, 0, 11.5, 5.5], "texture": "#0"},
				"down": {"uv": [8.5, 0, 11.5, 5.5], "texture": "#0"}
			}
		},
		{
			"from": [5.25, 2, 10],
			"to": [7.25, 2, 13.25],
			"rotation": {"angle": 0, "axis": "y", "origin": [8.375, 1, 7.225]},
			"faces": {
				"north": {"uv": [11.5, 0, 14.5, 3], "texture": "#0"},
				"east": {"uv": [2.5, 2.5, 8.5, 5.5], "texture": "#0"},
				"south": {"uv": [11.5, 3, 14.5, 6], "texture": "#0"},
				"west": {"uv": [2.5, 2.5, 8.5, 5.5], "texture": "#0"},
				"up": {"uv": [8.5, 0, 11.5, 5.5], "texture": "#0"},
				"down": {"uv": [8.5, 0, 11.5, 5.5], "texture": "#0"}
			}
		},
		{
			"from": [5.25, 0, 10],
			"to": [7.25, 0, 13.25],
			"rotation": {"angle": 0, "axis": "y", "origin": [8.375, 1, 7.225]},
			"faces": {
				"north": {"uv": [11.5, 0, 14.5, 3], "texture": "#0"},
				"east": {"uv": [2.5, 2.5, 8.5, 5.5], "texture": "#0"},
				"south": {"uv": [11.5, 3, 14.5, 6], "texture": "#0"},
				"west": {"uv": [2.5, 2.5, 8.5, 5.5], "texture": "#0"},
				"up": {"uv": [8.5, 0, 11.5, 5.5], "texture": "#0"},
				"down": {"uv": [8.5, 0, 11.5, 5.5], "texture": "#0"}
			}
		},
		{
			"from": [7.25, 0, 10],
			"to": [7.25, 2, 13.25],
			"rotation": {"angle": 0, "axis": "y", "origin": [8.375, 1, 7.225]},
			"faces": {
				"north": {"uv": [11.5, 0, 14.5, 3], "texture": "#0"},
				"east": {"uv": [8.5, 2.5, 2.5, 5.5], "texture": "#0"},
				"south": {"uv": [11.5, 3, 14.5, 6], "texture": "#0"},
				"west": {"uv": [2.5, 2.5, 8.5, 5.5], "texture": "#0"},
				"up": {"uv": [8.5, 0, 11.5, 5.5], "texture": "#0"},
				"down": {"uv": [8.5, 0, 11.5, 5.5], "texture": "#0"}
			}
		},
		{
			"from": [5.25, 0, 10],
			"to": [5.25, 2, 13.25],
			"rotation": {"angle": 0, "axis": "y", "origin": [8.375, 1, 7.225]},
			"faces": {
				"north": {"uv": [11.5, 0, 14.5, 3], "texture": "#0"},
				"east": {"uv": [2.5, 2.5, 8.5, 5.5], "texture": "#0"},
				"south": {"uv": [11.5, 3, 14.5, 6], "texture": "#0"},
				"west": {"uv": [8.5, 2.5, 2.5, 5.5], "texture": "#0"},
				"up": {"uv": [8.5, 0, 11.5, 5.5], "texture": "#0"},
				"down": {"uv": [8.5, 0, 11.5, 5.5], "texture": "#0"}
			}
		},
		{
			"from": [8.75, 0.25, 7.51],
			"to": [10.25, 1.75, 10.01],
			"rotation": {"angle": 0, "axis": "y", "origin": [8.375, 1, 7.225]},
			"faces": {
				"north": {"uv": [0, 0, 2.5, 2.5], "texture": "#0"},
				"east": {"uv": [2.5, 0, 7, 2.5], "texture": "#0"},
				"south": {"uv": [2.5, 5.5, 5.5, 8.5], "texture": "#0"},
				"west": {"uv": [7, 0, 2.5, 2.5], "texture": "#0"},
				"up": {"uv": [0, 2.5, 2.5, 7], "texture": "#0"},
				"down": {"uv": [0, 2.5, 2.5, 7], "texture": "#0"}
			}
		},
		{
			"from": [5.75, 1.75, 9],
			"to": [6.75, 4.75, 9],
			"faces": {
				"north": {"uv": [2.5, 0, 3, 1.5], "texture": "#0"},
				"east": {"uv": [0, 0, 0, 1.5], "texture": "#0"},
				"south": {"uv": [0, 2.5, 0.5, 4], "texture": "#0"},
				"west": {"uv": [0, 0, 0, 1.5], "texture": "#0"},
				"up": {"uv": [0, 0, 0.5, 0], "texture": "#0"},
				"down": {"uv": [0, 0, 0.5, 0], "texture": "#0"}
			}
		},
		{
			"from": [9, 1.75, 9],
			"to": [10, 4.75, 9],
			"faces": {
				"north": {"uv": [2.5, 0, 3, 1.5], "texture": "#0"},
				"east": {"uv": [0, 0, 0, 1.5], "texture": "#0"},
				"south": {"uv": [0, 2.5, 0.5, 4], "texture": "#0"},
				"west": {"uv": [0, 0, 0, 1.5], "texture": "#0"},
				"up": {"uv": [0, 0, 0.5, 0], "texture": "#0"},
				"down": {"uv": [0, 0, 0.5, 0], "texture": "#0"}
			}
		},
		{
			"from": [5.75, 1.75, 1],
			"to": [6.75, 4.75, 1],
			"faces": {
				"north": {"uv": [0, 2.5, 0.5, 4], "texture": "#0"},
				"east": {"uv": [0, 0, 0, 1.5], "texture": "#0"},
				"south": {"uv": [0, 0, 0.5, 1.5], "texture": "#0"},
				"west": {"uv": [0, 0, 0, 1.5], "texture": "#0"},
				"up": {"uv": [0, 0, 0.5, 0], "texture": "#0"},
				"down": {"uv": [0, 0, 0.5, 0], "texture": "#0"}
			}
		},
		{
			"from": [9, 1.75, 1],
			"to": [10, 4.75, 1],
			"faces": {
				"north": {"uv": [0, 2.5, 0.5, 4], "texture": "#0"},
				"east": {"uv": [0, 0, 0, 1.5], "texture": "#0"},
				"south": {"uv": [0, 0, 0.5, 1.5], "texture": "#0"},
				"west": {"uv": [0, 0, 0, 1.5], "texture": "#0"},
				"up": {"uv": [0, 0, 0.5, 0], "texture": "#0"},
				"down": {"uv": [0, 0, 0.5, 0], "texture": "#0"}
			}
		},
		{
			"from": [5.75, 4.75, 1],
			"to": [6.75, 4.75, 9],
			"rotation": {"angle": 0, "axis": "x", "origin": [8.375, 5, 11]},
			"faces": {
				"north": {"uv": [0, 0, 0.5, 0], "rotation": 180, "texture": "#0"},
				"east": {"uv": [0, 0, 0, 4], "rotation": 90, "texture": "#0"},
				"south": {"uv": [0, 0, 0.5, 0], "texture": "#0"},
				"west": {"uv": [0, 0, 0, 4], "rotation": 270, "texture": "#0"},
				"up": {"uv": [0, 2.5, 0.5, 6.5], "texture": "#0"},
				"down": {"uv": [7, 0, 7.5, 2.5], "rotation": 180, "texture": "#0"}
			}
		},
		{
			"from": [9, 4.75, 1],
			"to": [10, 4.75, 9],
			"rotation": {"angle": 0, "axis": "x", "origin": [8.375, 5, 11]},
			"faces": {
				"north": {"uv": [0, 0, 0.5, 0], "rotation": 180, "texture": "#0"},
				"east": {"uv": [0, 0, 0, 4], "rotation": 90, "texture": "#0"},
				"south": {"uv": [0, 0, 0.5, 0], "texture": "#0"},
				"west": {"uv": [0, 0, 0, 4], "rotation": 270, "texture": "#0"},
				"up": {"uv": [0, 2.5, 0.5, 6.5], "texture": "#0"},
				"down": {"uv": [7, 0, 7.5, 2.5], "rotation": 180, "texture": "#0"}
			}
		}
	],
	"display": {
		"thirdperson_righthand": {
			"rotation": [-180, 0, 0],
			"translation": [0, -5.25, -0.5]
		},
		"thirdperson_lefthand": {
			"rotation": [-180, 0, 0],
			"translation": [0, -6, 0]
		},
		"firstperson_righthand": {
			"rotation": [0, -180, 0],
			"translation": [-8.25, 22, -1.5],
			"scale": [1.8, 2, 2]
		},
		"gui": {
			"rotation": [4, 12, 0],
			"translation": [0.25, 10.75, 0],
			"scale": [2, 2, 2]
		},
		"head": {
			"rotation": [0, 180, 0],
			"translation": [-0.25, 13.25, -7.5],
			"scale": [2, 2, 2]
		}
	}
}