{
	"credit": "Made with Blockbench",
	"texture_size": [128, 64],
	"textures": {
		"0": "item/ship"
	},
	"elements": [
		{
			"name": "front",
			"from": [0, 1, -9],
			"to": [16, 7, -7],
			"rotation": {"angle": 0, "axis": "y", "origin": [8, 0, 8]},
			"faces": {
				"north": {"uv": [0.25, 7.25, 2.25, 8.75], "texture": "#0"},
				"east": {"uv": [0, 7.25, 0.25, 8.75], "texture": "#0"},
				"south": {"uv": [2.5, 7.25, 4.5, 8.75], "texture": "#0"},
				"west": {"uv": [2.25, 7.25, 2.5, 8.75], "texture": "#0"},
				"up": {"uv": [2.25, 7.25, 0.25, 6.75], "texture": "#0"},
				"down": {"uv": [4.25, 6.75, 2.25, 7.25], "texture": "#0"}
			}
		},
		{
			"name": "back",
			"from": [-1, 1, 21],
			"to": [17, 7, 23],
			"rotation": {"angle": 0, "axis": "y", "origin": [8, 0, 8]},
			"faces": {
				"north": {"uv": [0.25, 5.25, 2.5, 6.75], "texture": "#0"},
				"east": {"uv": [0, 5.25, 0.25, 6.75], "texture": "#0"},
				"south": {"uv": [2.75, 5.25, 5, 6.75], "texture": "#0"},
				"west": {"uv": [2.5, 5.25, 2.75, 6.75], "texture": "#0"},
				"up": {"uv": [2.5, 5.25, 0.25, 4.75], "texture": "#0"},
				"down": {"uv": [4.75, 4.75, 2.5, 5.25], "texture": "#0"}
			}
		},
		{
			"name": "left",
			"from": [16, 1, -7],
			"to": [18, 7, 21],
			"rotation": {"angle": 0, "axis": "y", "origin": [8, 0, 8]},
			"faces": {
				"north": {"uv": [3.75, 11.25, 4, 12.75], "texture": "#0"},
				"east": {"uv": [0.25, 11.25, 3.75, 12.75], "texture": "#0"},
				"south": {"uv": [0, 11.25, 0.25, 12.75], "texture": "#0"},
				"west": {"uv": [4, 11.25, 7.5, 12.75], "texture": "#0"},
				"up": {"uv": [3.75, 11.25, 0.25, 10.75], "rotation": 90, "texture": "#0"},
				"down": {"uv": [7.25, 10.75, 3.75, 11.25], "rotation": 270, "texture": "#0"}
			}
		},
		{
			"name": "right",
			"from": [-2, 1, -7],
			"to": [0, 7, 21],
			"rotation": {"angle": 0, "axis": "y", "origin": [8, 0, 8]},
			"faces": {
				"north": {"uv": [3.75, 9.25, 4, 10.75], "texture": "#0"},
				"east": {"uv": [0.25, 9.25, 3.75, 10.75], "texture": "#0"},
				"south": {"uv": [0, 9.25, 0.25, 10.75], "texture": "#0"},
				"west": {"uv": [4, 9.25, 7.5, 10.75], "texture": "#0"},
				"up": {"uv": [3.75, 9.25, 0.25, 8.75], "rotation": 90, "texture": "#0"},
				"down": {"uv": [7.25, 8.75, 3.75, 9.25], "rotation": 270, "texture": "#0"}
			}
		},
		{
			"name": "bottom",
			"from": [0, -1, -7],
			"to": [16, 3, 21],
			"rotation": {"angle": 0, "axis": "z", "origin": [8, 0, 8]},
			"faces": {
				"north": {"uv": [3.875, 0.75, 4.25, 4.75], "rotation": 270, "texture": "#0"},
				"east": {"uv": [3.875, 0.75, 0.375, 0], "rotation": 180, "texture": "#0"},
				"south": {"uv": [0, 0.75, 0.375, 4.75], "rotation": 90, "texture": "#0"},
				"west": {"uv": [7.375, 0, 3.875, 0.75], "texture": "#0"},
				"up": {"uv": [4.25, 0.75, 7.75, 4.75], "rotation": 90, "texture": "#0"},
				"down": {"uv": [0.375, 0.75, 3.875, 4.75], "rotation": 90, "texture": "#0"}
			}
		}
	],
	"display": {
		"head": {
			"scale": [3, 3, 3]
		}
	},
	"groups": [
		{
			"name": "front",
			"origin": [8, 2, -7],
			"color": 0,
			"children": [0]
		},
		{
			"name": "back",
			"origin": [4, 2, 23],
			"color": 0,
			"children": [1]
		},
		{
			"name": "left",
			"origin": [-1, 2, 8],
			"color": 0,
			"children": [2]
		},
		{
			"name": "right",
			"origin": [17, 2, 8],
			"color": 0,
			"children": [3]
		},
		{
			"name": "bottom",
			"origin": [7, 3, 8],
			"color": 0,
			"children": [4]
		},
		{
			"name": "bottom_no_water",
			"origin": [7, 9, 8],
			"color": 0,
			"children": []
		},
		{
			"name": "paddle_left",
			"origin": [-1, 11, 5],
			"color": 0,
			"children": []
		},
		{
			"name": "paddle_right",
			"origin": [17, 11, 5],
			"color": 0,
			"children": []
		}
	]
}