{
	"credit": "Made with Blockbench",
	"texture_size": [32, 32],
	"textures": {
		"0": "block/custom/small_plane",
		"1": "block/custom/propeller",
		"particle": "block/custom/small_plane"
	},
	"elements": [
		{
			"from": [11, 3, 6],
			"to": [14, 3, 18],
			"rotation": {"angle": 0, "axis": "y", "origin": [8, 3.775, 1.755]},
			"faces": {
				"north": {"uv": [7, 3, 7.75, 3], "texture": "#0"},
				"east": {"uv": [4, 3, 7, 3], "texture": "#0"},
				"south": {"uv": [10.75, 3, 11.5, 3], "texture": "#0"},
				"west": {"uv": [7.75, 3, 10.75, 3], "texture": "#0"},
				"up": {"uv": [12, 5, 11.25, 2], "texture": "#0"},
				"down": {"uv": [12, 2, 11.25, 5], "texture": "#0"}
			}
		},
		{
			"from": [14, 3, 8],
			"to": [20, 3, 17],
			"rotation": {"angle": 0, "axis": "y", "origin": [8, 3.775, 1.755]},
			"faces": {
				"north": {"uv": [5.5, 8.25, 7, 8.25], "texture": "#0"},
				"east": {"uv": [3.25, 8.25, 5.5, 8.25], "texture": "#0"},
				"south": {"uv": [9.25, 8.25, 10.75, 8.25], "texture": "#0"},
				"west": {"uv": [7, 8.25, 9.25, 8.25], "texture": "#0"},
				"up": {"uv": [13.5, 4.25, 12, 2], "texture": "#0"},
				"down": {"uv": [13.5, 2, 12, 4.25], "texture": "#0"}
			}
		},
		{
			"from": [20, 3, 9],
			"to": [24, 3, 15],
			"rotation": {"angle": 0, "axis": "y", "origin": [8, 3.775, 1.755]},
			"faces": {
				"north": {"uv": [1.5, 1.5, 2.5, 1.5], "texture": "#0"},
				"east": {"uv": [0, 1.5, 1.5, 1.5], "texture": "#0"},
				"south": {"uv": [4, 1.5, 5, 1.5], "texture": "#0"},
				"west": {"uv": [2.5, 1.5, 4, 1.5], "texture": "#0"},
				"up": {"uv": [14.5, 3.5, 13.5, 2], "texture": "#0"},
				"down": {"uv": [14.5, 2, 13.5, 3.5], "texture": "#0"}
			}
		},
		{
			"from": [-8, 3, 9],
			"to": [-4, 3, 15],
			"rotation": {"angle": 0, "axis": "y", "origin": [8, 3.775, 1.755]},
			"faces": {
				"north": {"uv": [0, 0, 1, 0], "texture": "#missing"},
				"east": {"uv": [0, 0, 1.5, 0], "texture": "#missing"},
				"south": {"uv": [0, 0, 1, 0], "texture": "#missing"},
				"west": {"uv": [0, 0, 1.5, 0], "texture": "#missing"},
				"up": {"uv": [14.5, 2, 13.5, 3.5], "rotation": 180, "texture": "#0"},
				"down": {"uv": [14.5, 3.5, 13.5, 2], "rotation": 180, "texture": "#0"}
			}
		},
		{
			"from": [-4, 3, 8],
			"to": [2, 3, 17],
			"rotation": {"angle": 0, "axis": "y", "origin": [8, 3.775, 1.755]},
			"faces": {
				"north": {"uv": [0, 0, 1.5, 0], "texture": "#missing"},
				"east": {"uv": [0, 0, 2.25, 0], "texture": "#missing"},
				"south": {"uv": [0, 0, 1.5, 0], "texture": "#missing"},
				"west": {"uv": [0, 0, 2.25, 0], "texture": "#missing"},
				"up": {"uv": [13.5, 2, 12, 4.25], "rotation": 180, "texture": "#0"},
				"down": {"uv": [13.5, 4.25, 12, 2], "rotation": 180, "texture": "#0"}
			}
		},
		{
			"from": [2, 3, 6],
			"to": [5, 3, 18],
			"rotation": {"angle": 0, "axis": "y", "origin": [8, 3.775, 1.755]},
			"faces": {
				"north": {"uv": [0, 0, 0.75, 0], "texture": "#missing"},
				"east": {"uv": [0, 0, 3, 0], "texture": "#missing"},
				"south": {"uv": [0, 0, 0.75, 0], "texture": "#missing"},
				"west": {"uv": [0, 0, 3, 0], "texture": "#missing"},
				"up": {"uv": [12, 2, 11.25, 5], "rotation": 180, "texture": "#0"},
				"down": {"uv": [12, 5, 11.25, 2], "rotation": 180, "texture": "#0"}
			}
		},
		{
			"name": "backwing",
			"from": [8, 3.1, -9],
			"to": [8, 10, -5],
			"rotation": {"angle": 0, "axis": "y", "origin": [8, 3.775, 1.755]},
			"faces": {
				"north": {"uv": [1, 6.75, 1, 8.25], "texture": "#0"},
				"east": {"uv": [1, 6.75, 0, 8.25], "texture": "#0"},
				"south": {"uv": [2, 6.75, 2, 8.25], "texture": "#0"},
				"west": {"uv": [0, 6.75, 1, 8.25], "texture": "#0"},
				"up": {"uv": [1, 6.75, 1, 5.75], "texture": "#0"},
				"down": {"uv": [1, 5.75, 1, 6.75], "texture": "#0"}
			}
		},
		{
			"from": [7, 0, 0.25],
			"to": [9, 2, 19],
			"rotation": {"angle": 0, "axis": "y", "origin": [8, 3.775, 1.755]},
			"faces": {
				"north": {"uv": [4.5, 9.5, 5, 10], "texture": "#0"},
				"east": {"uv": [0, 9.5, 4.5, 10], "texture": "#0"},
				"south": {"uv": [4.5, 9.5, 5, 10], "texture": "#0"},
				"west": {"uv": [0, 9.5, 4.5, 10], "texture": "#0"},
				"up": {"uv": [5, 9.5, 4.5, 5], "texture": "#0"},
				"down": {"uv": [5, 5, 4.5, 9.4375], "texture": "#0"}
			}
		},
		{
			"from": [5, 1, 4],
			"to": [11, 5, 20],
			"rotation": {"angle": 0, "axis": "y", "origin": [8, 3.775, 1.755]},
			"faces": {
				"north": {"uv": [4, 4, 5.5, 5], "texture": "#0"},
				"east": {"uv": [0, 4, 4, 5], "texture": "#0"},
				"south": {"uv": [4, 4, 5.5, 5], "texture": "#0"},
				"west": {"uv": [0, 4, 4, 5], "texture": "#0"},
				"up": {"uv": [5.5, 4, 4, 0], "texture": "#0"},
				"down": {"uv": [7, 0, 5.5, 4], "texture": "#0"}
			}
		},
		{
			"from": [7, 3.1, -5],
			"to": [9, 7, 8],
			"rotation": {"angle": 0, "axis": "y", "origin": [8, 3.775, 1.755]},
			"faces": {
				"north": {"uv": [10, 10, 10.5, 10.75], "texture": "#0"},
				"east": {"uv": [6.75, 10, 10, 10.75], "texture": "#0"},
				"south": {"uv": [10, 10, 10.5, 10.75], "texture": "#0"},
				"west": {"uv": [6.75, 10, 10, 10.75], "texture": "#0"},
				"up": {"uv": [10.5, 6.75, 10, 10], "texture": "#0"},
				"down": {"uv": [10.5, 6.75, 10, 10], "texture": "#0"}
			}
		},
		{
			"name": "glass",
			"from": [7, 5, 8],
			"to": [9, 7, 14],
			"rotation": {"angle": 0, "axis": "y", "origin": [8, 3.775, 1.755]},
			"faces": {
				"north": {"uv": [1.5, 3, 2, 3.5], "texture": "#0"},
				"east": {"uv": [0, 3, 1.5, 3.5], "texture": "#0"},
				"south": {"uv": [1.5, 3, 2, 3.5], "texture": "#0"},
				"west": {"uv": [0, 3, 1.5, 3.5], "texture": "#0"},
				"up": {"uv": [2, 1.5, 1.5, 3], "texture": "#0"},
				"down": {"uv": [2, 1.5, 1.5, 3], "texture": "#0"}
			}
		},
		{
			"name": "engine",
			"from": [7, 5, 14],
			"to": [9, 6, 18],
			"rotation": {"angle": 0, "axis": "y", "origin": [8, 3.775, 1.755]},
			"faces": {
				"north": {"uv": [2, 8.25, 2.5, 8.5], "texture": "#0"},
				"east": {"uv": [2, 8.25, 1, 8.5], "texture": "#0"},
				"south": {"uv": [2, 8.25, 2.5, 8.5], "texture": "#0"},
				"west": {"uv": [1, 8.25, 2, 8.5], "texture": "#0"},
				"up": {"uv": [2.5, 7.25, 2, 8.25], "texture": "#0"},
				"down": {"uv": [2.5, 7.25, 2, 8.25], "texture": "#0"}
			}
		},
		{
			"name": "proppeller",
			"from": [3.25, -1.75, 20.51],
			"to": [12.75, 7.75, 20.51],
			"rotation": {"angle": 0, "axis": "y", "origin": [8, 3.775, 1.755]},
			"faces": {
				"north": {"uv": [16, 0, 0, 16], "texture": "#1"},
				"east": {"uv": [0, 5, 0, 6.75], "texture": "#0"},
				"south": {"uv": [0, 0, 16, 16], "texture": "#1"},
				"west": {"uv": [1.75, 5, 1.75, 6.75], "texture": "#0"},
				"up": {"uv": [1.75, 5, 0, 5], "texture": "#0"},
				"down": {"uv": [3.625, 5, 1.75, 5], "texture": "#0"}
			}
		},
		{
			"name": "holder",
			"from": [6.25, 1.25, 20],
			"to": [9.75, 4.75, 20.5],
			"rotation": {"angle": 0, "axis": "y", "origin": [8, 3.775, 1.755]},
			"faces": {
				"north": {"uv": [0, 0, 0.75, 0.75], "texture": "#0"},
				"east": {"uv": [1.375, 0, 1.5, 0.75], "texture": "#0"},
				"south": {"uv": [0.75, 0, 1.5, 0.75], "texture": "#0"},
				"west": {"uv": [0.75, 0, 0.875, 0.75], "texture": "#0"},
				"up": {"uv": [1.5, 0.625, 0.75, 0.75], "texture": "#0"},
				"down": {"uv": [1.5, 0, 0.75, 0.125], "texture": "#0"}
			}
		},
		{
			"from": [-1, 1, -2],
			"to": [17, 1, 2],
			"rotation": {"angle": 0, "axis": "y", "origin": [8, 3.775, 1.755]},
			"faces": {
				"north": {"uv": [5.5, 6, 10, 6], "texture": "#0"},
				"east": {"uv": [4.5, 6, 5.5, 6], "texture": "#0"},
				"south": {"uv": [11, 6, 15.5, 6], "texture": "#0"},
				"west": {"uv": [10, 6, 11, 6], "texture": "#0"},
				"up": {"uv": [10, 6, 5.5, 5], "texture": "#0"},
				"down": {"uv": [10, 5, 5.5, 6], "texture": "#0"}
			}
		},
		{
			"from": [1, 1, 2],
			"to": [15, 1, 4],
			"rotation": {"angle": 0, "axis": "y", "origin": [8, 3.775, 1.755]},
			"faces": {
				"north": {"uv": [8.5, 0.5, 12, 0.5], "texture": "#0"},
				"east": {"uv": [8, 0.5, 8.5, 0.5], "texture": "#0"},
				"south": {"uv": [12.5, 0.5, 16, 0.5], "texture": "#0"},
				"west": {"uv": [12, 0.5, 12.5, 0.5], "texture": "#0"},
				"up": {"uv": [9.5, 5, 6, 4.5], "texture": "#0"},
				"down": {"uv": [9.5, 4.5, 6, 5], "texture": "#0"}
			}
		},
		{
			"from": [6, 1.01, -4],
			"to": [10, 4.99, 4],
			"rotation": {"angle": 0, "axis": "y", "origin": [8, 3.775, 1.755]},
			"faces": {
				"north": {"uv": [9, 3, 10, 3.75], "texture": "#0"},
				"east": {"uv": [7, 3, 9, 3.75], "texture": "#0"},
				"south": {"uv": [9, 3, 10, 3.75], "texture": "#0"},
				"west": {"uv": [7, 3, 9, 3.75], "texture": "#0"},
				"up": {"uv": [10, 3, 9, 1], "texture": "#0"},
				"down": {"uv": [10, 1, 9, 3], "texture": "#0"}
			}
		}
	],
	"display": {
		"thirdperson_righthand": {
			"scale": [3, 3, 3]
		},
		"thirdperson_lefthand": {
			"scale": [3, 3, 3]
		},
		"firstperson_righthand": {
			"scale": [3, 3, 3]
		},
		"firstperson_lefthand": {
			"scale": [3, 3, 3]
		},
		"ground": {
			"translation": [0, 4.75, 0]
		},
		"gui": {
			"rotation": [4, 9, 0],
			"translation": [0, 9, 0],
			"scale": [2, 2, 2]
		},
		"head": {
			"rotation": [0, 180, 0],
			"translation": [0, 17.5, 0],
			"scale": [3, 3, 3]
		},
		"fixed": {
			"scale": [3, 3, 3]
		}
	},
	"groups": [
		{
			"name": "Wings",
			"origin": [-2.75, 3, 12.5],
			"color": 3,
			"children": [
				{
					"name": "lwing",
					"origin": [0, 0, 0],
					"color": 3,
					"children": [0, 1, 2]
				},
				{
					"name": "rwing",
					"origin": [-2.75, 3, 12.5],
					"color": 3,
					"children": [3, 4, 5]
				}
			]
		},
		6,
		{
			"name": "frame",
			"origin": [0, 0, 0],
			"color": 7,
			"children": [7, 8, 9]
		},
		{
			"name": "cockpit",
			"origin": [0, 0, 0],
			"color": 0,
			"children": [10, 11, 12, 13]
		},
		{
			"name": "underwing",
			"origin": [0, 0, 0],
			"color": 8,
			"children": [14, 15, 16]
		}
	]
}