{
	"credit": "Made with Blockbench",
	"texture_size": [64, 64],
	"textures": {
		"0": "block/custom/small_tree",
		"particle": "block/custom/small_tree"
	},
	"elements": [
		{
			"name": "grass",
			"from": [0, 1, 0],
			"to": [16, 3, 16],
			"faces": {
				"north": {"uv": [4, 4.25, 8, 4.75], "texture": "#0"},
				"east": {"uv": [0, 4.25, 4, 4.75], "texture": "#0"},
				"south": {"uv": [12, 4.25, 16, 4.75], "texture": "#0"},
				"west": {"uv": [8, 4.25, 12, 4.75], "texture": "#0"},
				"up": {"uv": [8, 4.25, 4, 0.25], "texture": "#0"},
				"down": {"uv": [10, 4.5, 8, 6.5], "texture": "#0"}
			}
		},
		{
			"from": [0, -1, 0],
			"to": [4, 1, 2],
			"faces": {
				"north": {"uv": [5.25, 5, 6.25, 5.5], "texture": "#0"},
				"east": {"uv": [4.75, 5, 5.25, 5.5], "texture": "#0"},
				"south": {"uv": [6.75, 5, 7.75, 5.5], "texture": "#0"},
				"west": {"uv": [6.25, 5, 6.75, 5.5], "texture": "#0"},
				"up": {"uv": [6.25, 5, 5.25, 4.5], "texture": "#0"},
				"down": {"uv": [7.25, 4.5, 6.25, 5], "texture": "#0"}
			}
		},
		{
			"from": [0, 3, 12],
			"to": [4, 5, 16],
			"faces": {
				"north": {"uv": [5, 3, 6, 3.5], "texture": "#0"},
				"east": {"uv": [4, 3, 5, 3.5], "texture": "#0"},
				"south": {"uv": [7, 3, 8, 3.5], "texture": "#0"},
				"west": {"uv": [6, 3, 7, 3.5], "texture": "#0"},
				"up": {"uv": [6, 3, 5, 2], "texture": "#0"},
				"down": {"uv": [7, 2, 6, 3], "texture": "#0"}
			}
		},
		{
			"from": [4, 3, 14],
			"to": [8, 5, 16],
			"faces": {
				"north": {"uv": [4.5, 2, 5.5, 2.5], "texture": "#0"},
				"east": {"uv": [4, 2, 4.5, 2.5], "texture": "#0"},
				"south": {"uv": [6, 2, 7, 2.5], "texture": "#0"},
				"west": {"uv": [5.5, 2, 6, 2.5], "texture": "#0"},
				"up": {"uv": [5.5, 2, 4.5, 1.5], "texture": "#0"},
				"down": {"uv": [6.5, 1.5, 5.5, 2], "texture": "#0"}
			}
		},
		{
			"from": [12, 3, 10],
			"to": [16, 5, 16],
			"faces": {
				"north": {"uv": [4.5, 4, 5.5, 4.5], "texture": "#0"},
				"east": {"uv": [3, 4, 4.5, 4.5], "texture": "#0"},
				"south": {"uv": [7, 4, 8, 4.5], "texture": "#0"},
				"west": {"uv": [5.5, 4, 7, 4.5], "texture": "#0"},
				"up": {"uv": [5.5, 4, 4.5, 2.5], "texture": "#0"},
				"down": {"uv": [6.5, 2.5, 5.5, 4], "texture": "#0"}
			}
		},
		{
			"from": [14, 3, 0],
			"to": [16, 5, 4],
			"faces": {
				"north": {"uv": [6, 4, 6.5, 4.5], "texture": "#0"},
				"east": {"uv": [5, 4, 6, 4.5], "texture": "#0"},
				"south": {"uv": [7.5, 4, 8, 4.5], "texture": "#0"},
				"west": {"uv": [6.5, 4, 7.5, 4.5], "texture": "#0"},
				"up": {"uv": [6.5, 4, 6, 3], "texture": "#0"},
				"down": {"uv": [7, 3, 6.5, 4], "texture": "#0"}
			}
		},
		{
			"from": [8, -1, 0],
			"to": [12, 1, 2],
			"faces": {
				"north": {"uv": [5.5, 5, 6.5, 5.5], "texture": "#0"},
				"east": {"uv": [5, 5, 5.5, 5.5], "texture": "#0"},
				"south": {"uv": [7, 5, 8, 5.5], "texture": "#0"},
				"west": {"uv": [6.5, 5, 7, 5.5], "texture": "#0"},
				"up": {"uv": [6.5, 5, 5.5, 4.5], "texture": "#0"},
				"down": {"uv": [7.5, 4.5, 6.5, 5], "texture": "#0"}
			}
		},
		{
			"from": [14, -1, 0],
			"to": [16, 1, 2],
			"faces": {
				"north": {"uv": [5.25, 5, 5.75, 5.5], "texture": "#0"},
				"east": {"uv": [4.75, 5, 5.25, 5.5], "texture": "#0"},
				"south": {"uv": [6.25, 5, 6.75, 5.5], "texture": "#0"},
				"west": {"uv": [5.75, 5, 6.25, 5.5], "texture": "#0"},
				"up": {"uv": [5.75, 5, 5.25, 4.5], "texture": "#0"},
				"down": {"uv": [6.25, 4.5, 5.75, 5], "texture": "#0"}
			}
		},
		{
			"from": [14, -1, 6],
			"to": [16, 1, 8],
			"faces": {
				"north": {"uv": [5.25, 5, 5.75, 5.5], "texture": "#0"},
				"east": {"uv": [4.75, 5, 5.25, 5.5], "texture": "#0"},
				"south": {"uv": [6.25, 5, 6.75, 5.5], "texture": "#0"},
				"west": {"uv": [5.75, 5, 6.25, 5.5], "texture": "#0"},
				"up": {"uv": [5.75, 5, 5.25, 4.5], "texture": "#0"},
				"down": {"uv": [6.25, 4.5, 5.75, 5], "texture": "#0"}
			}
		},
		{
			"from": [14, -1, 12],
			"to": [16, 1, 16],
			"faces": {
				"north": {"uv": [6, 5.5, 6.5, 6], "texture": "#0"},
				"east": {"uv": [5, 5.5, 6, 6], "texture": "#0"},
				"south": {"uv": [7.5, 5.5, 8, 6], "texture": "#0"},
				"west": {"uv": [6.5, 5.5, 7.5, 6], "texture": "#0"},
				"up": {"uv": [6.5, 5.5, 6, 4.5], "texture": "#0"},
				"down": {"uv": [7, 4.5, 6.5, 5.5], "texture": "#0"}
			}
		},
		{
			"from": [8, -1, 14],
			"to": [12, 1, 16],
			"faces": {
				"north": {"uv": [4.75, 5, 5.75, 5.5], "texture": "#0"},
				"east": {"uv": [4.25, 5, 4.75, 5.5], "texture": "#0"},
				"south": {"uv": [6.25, 5, 7.25, 5.5], "texture": "#0"},
				"west": {"uv": [5.75, 5, 6.25, 5.5], "texture": "#0"},
				"up": {"uv": [5.75, 5, 4.75, 4.5], "texture": "#0"},
				"down": {"uv": [6.75, 4.5, 5.75, 5], "texture": "#0"}
			}
		},
		{
			"from": [0, -1, 8],
			"to": [2, 1, 10],
			"faces": {
				"north": {"uv": [8.5, 5, 9, 5.5], "texture": "#0"},
				"east": {"uv": [8, 5, 8.5, 5.5], "texture": "#0"},
				"south": {"uv": [9.5, 5, 10, 5.5], "texture": "#0"},
				"west": {"uv": [9, 5, 9.5, 5.5], "texture": "#0"},
				"up": {"uv": [9, 5, 8.5, 4.5], "texture": "#0"},
				"down": {"uv": [9.5, 4.5, 9, 5], "texture": "#0"}
			}
		},
		{
			"from": [0, -1, 4],
			"to": [2, 1, 6],
			"faces": {
				"north": {"uv": [5, 5.5, 5.5, 6], "texture": "#0"},
				"east": {"uv": [4.5, 5.5, 5, 6], "texture": "#0"},
				"south": {"uv": [6, 5.5, 6.5, 6], "texture": "#0"},
				"west": {"uv": [5.5, 5.5, 6, 6], "texture": "#0"},
				"up": {"uv": [5.5, 5.5, 5, 5], "texture": "#0"},
				"down": {"uv": [6, 5, 5.5, 5.5], "texture": "#0"}
			}
		},
		{
			"from": [4, -1, 14],
			"to": [6, 1, 16],
			"faces": {
				"north": {"uv": [5.75, 5, 6.25, 5.5], "texture": "#0"},
				"east": {"uv": [5.25, 5, 5.75, 5.5], "texture": "#0"},
				"south": {"uv": [6.75, 5, 7.25, 5.5], "texture": "#0"},
				"west": {"uv": [6.25, 5, 6.75, 5.5], "texture": "#0"},
				"up": {"uv": [6.25, 5, 5.75, 4.5], "texture": "#0"},
				"down": {"uv": [6.75, 4.5, 6.25, 5], "texture": "#0"}
			}
		},
		{
			"from": [0, -1, 12],
			"to": [2, 1, 16],
			"faces": {
				"north": {"uv": [3, 5.5, 3.5, 6], "texture": "#0"},
				"east": {"uv": [2, 5.5, 3, 6], "texture": "#0"},
				"south": {"uv": [4.5, 5.5, 5, 6], "texture": "#0"},
				"west": {"uv": [3.5, 5.5, 4.5, 6], "texture": "#0"},
				"up": {"uv": [3.5, 5.5, 3, 4.5], "texture": "#0"},
				"down": {"uv": [4, 4.5, 3.5, 5.5], "texture": "#0"}
			}
		},
		{
			"name": "log",
			"from": [7, 3, 7],
			"to": [9, 12, 9],
			"faces": {
				"north": {"uv": [0.5, 0.5, 1, 2.75], "texture": "#0"},
				"east": {"uv": [0, 0.5, 0.5, 2.75], "texture": "#0"},
				"south": {"uv": [1.5, 0.5, 2, 2.75], "texture": "#0"},
				"west": {"uv": [1, 0.5, 1.5, 2.75], "texture": "#0"},
				"up": {"uv": [1, 0.5, 0.5, 0], "texture": "#0"},
				"down": {"uv": [1.5, 0, 1, 0.5], "texture": "#0"}
			}
		},
		{
			"name": "leaves",
			"from": [3, 9, 3],
			"to": [13, 11, 13],
			"faces": {
				"north": {"uv": [2.5, 12.75, 5, 13.25], "texture": "#0"},
				"east": {"uv": [0, 12.75, 2.5, 13.25], "texture": "#0"},
				"south": {"uv": [7.5, 12.75, 10, 13.25], "texture": "#0"},
				"west": {"uv": [5, 12.75, 7.5, 13.25], "texture": "#0"},
				"up": {"uv": [5, 12.75, 2.5, 10.25], "texture": "#0"},
				"down": {"uv": [7.5, 10.25, 5, 12.75], "texture": "#0"}
			}
		},
		{
			"name": "leaves",
			"from": [5, 11, 5],
			"to": [11, 15, 11],
			"faces": {
				"north": {"uv": [1.5, 14.75, 3, 15.75], "texture": "#0"},
				"east": {"uv": [0, 14.75, 1.5, 15.75], "texture": "#0"},
				"south": {"uv": [4.5, 14.75, 6, 15.75], "texture": "#0"},
				"west": {"uv": [3, 14.75, 4.5, 15.75], "texture": "#0"},
				"up": {"uv": [3, 14.75, 1.5, 13.25], "texture": "#0"},
				"down": {"uv": [4.5, 13.25, 3, 14.75], "texture": "#0"}
			}
		}
	],
	"display": {
		"head": {
			"translation": [0, 12, 0]
		}
	},
	"groups": [
		0,
		{
			"name": "grass_sides",
			"origin": [0, 0, 0],
			"color": 0,
			"children": [1, 2, 3, 4, 5, 6, 7, 8, 9, 10, 11, 12, 13, 14]
		},
		15,
		16,
		17
	]
}