{
	"credit": "Made with Blockbench",
	"texture_size": [128, 128],
	"textures": {
		"0": "item/snow_shovel",
		"particle": "item/snow_shovel"
	},
	"elements": [
		{
			"from": [-16, 2, -13],
			"to": [32, 10, -13],
			"rotation": {"angle": 0, "axis": "y", "origin": [0, -1, -25]},
			"faces": {
				"north": {"uv": [0, 1, 10, 2.75], "texture": "#0"},
				"east": {"uv": [0, 0, 0, 1], "texture": "#0"},
				"south": {"uv": [0, 1, 10, 2.75], "texture": "#0"},
				"west": {"uv": [2, 0, 2, 1], "texture": "#0"},
				"up": {"uv": [2, 0, 0, 0], "texture": "#0"},
				"down": {"uv": [4, 0, 2, 0], "texture": "#0"}
			}
		},
		{
			"from": [-16, 0, -13],
			"to": [32, 2, -13],
			"rotation": {"angle": 22.5, "axis": "x", "origin": [8, 2, -13]},
			"faces": {
				"north": {"uv": [0, 2.75, 10, 3.25], "texture": "#0"},
				"east": {"uv": [0, 0, 0, 0.25], "texture": "#0"},
				"south": {"uv": [0, 2.75, 10, 3.25], "texture": "#0"},
				"west": {"uv": [2, 0, 2, 0.25], "texture": "#0"},
				"up": {"uv": [2, 0, 0, 0], "texture": "#0"},
				"down": {"uv": [4, 0, 2, 0], "texture": "#0"}
			}
		},
		{
			"from": [-16, 0.15224, -15.76537],
			"to": [32, 0.15224, -13.76537],
			"rotation": {"angle": 0, "axis": "x", "origin": [8, 0.15224, -13.76537]},
			"faces": {
				"north": {"uv": [0.25, 0.5, 2.25, 0.5], "texture": "#0"},
				"east": {"uv": [0, 0.5, 0.25, 0.5], "texture": "#0"},
				"south": {"uv": [2.5, 0.5, 4.5, 0.5], "texture": "#0"},
				"west": {"uv": [2.25, 0.5, 2.5, 0.5], "texture": "#0"},
				"up": {"uv": [7.75, 4, 0.25, 3.75], "texture": "#0"},
				"down": {"uv": [7.75, 3.75, 0.375, 4], "texture": "#0"}
			}
		},
		{
			"from": [-16, 10, -13],
			"to": [32, 12, -13],
			"rotation": {"angle": -22.5, "axis": "x", "origin": [8, 10, -13]},
			"faces": {
				"north": {"uv": [0, 0.5, 10, 1], "texture": "#0"},
				"east": {"uv": [0, 0, 0, 0.25], "texture": "#0"},
				"south": {"uv": [0, 0.5, 10, 1], "texture": "#0"},
				"west": {"uv": [2, 0, 2, 0.25], "texture": "#0"},
				"up": {"uv": [2, 0, 0, 0], "texture": "#0"},
				"down": {"uv": [4, 0, 2, 0], "texture": "#0"}
			}
		},
		{
			"from": [-16, 11.84776, -13.76537],
			"to": [32, 13.84776, -13.76537],
			"rotation": {"angle": -45, "axis": "x", "origin": [8, 11.84776, -13.76537]},
			"faces": {
				"north": {"uv": [0, 0, 10, 0.5], "texture": "#0"},
				"east": {"uv": [0, 0, 0, 0.25], "texture": "#0"},
				"south": {"uv": [0, 0, 10, 0.5], "texture": "#0"},
				"west": {"uv": [2, 0, 2, 0.25], "texture": "#0"},
				"up": {"uv": [2, 0, 0, 0], "texture": "#0"},
				"down": {"uv": [4, 0, 2, 0], "texture": "#0"}
			}
		},
		{
			"from": [3, 5, -13],
			"to": [3, 7, 32],
			"rotation": {"angle": 0, "axis": "y", "origin": [0, -1, -25]},
			"faces": {
				"north": {"uv": [5.625, 7.625, 5.625, 7.875], "texture": "#0"},
				"east": {"uv": [12, 3.75, 0, 4.125], "texture": "#0"},
				"south": {"uv": [11.25, 7.625, 11.25, 7.875], "texture": "#0"},
				"west": {"uv": [0, 3.75, 12, 4.125], "texture": "#0"},
				"up": {"uv": [5.625, 7.625, 5.625, 2], "texture": "#0"},
				"down": {"uv": [5.625, 2, 5.625, 7.625], "texture": "#0"}
			}
		},
		{
			"from": [13, 5, -13],
			"to": [13, 7, 32],
			"rotation": {"angle": 0, "axis": "y", "origin": [0, -1, -25]},
			"faces": {
				"north": {"uv": [5.625, 5.625, 5.625, 5.875], "texture": "#0"},
				"east": {"uv": [12, 3.75, 0, 4.125], "texture": "#0"},
				"south": {"uv": [11.25, 5.625, 11.25, 5.875], "texture": "#0"},
				"west": {"uv": [0, 3.75, 12, 4.125], "texture": "#0"},
				"up": {"uv": [5.625, 5.625, 5.625, 0], "texture": "#0"},
				"down": {"uv": [5.625, 0, 5.625, 5.625], "texture": "#0"}
			}
		}
	],
	"display": {
		"head": {
			"scale": [2, 2.25, 2.5]
		}
	}
}