{
	"credit": "Made with Blockbench",
	"textures": {
		"0": "item/spikes",
		"particle": "item/spikes"
	},
	"elements": [
		{
			"from": [4.9, 0, 0],
			"to": [4.9, 7, 16],
			"rotation": {"angle": 0, "axis": "y", "origin": [8, 3.5, 8]},
			"faces": {
				"north": {"uv": [0, 0, 0, 7], "texture": "#0"},
				"east": {"uv": [16, 0, 0, 6.74194], "texture": "#0"},
				"south": {"uv": [0, 0, 0, 7], "texture": "#0"},
				"west": {"uv": [0, 0, 16, 6.74194], "texture": "#0"},
				"up": {"uv": [0, 16, 0, 0], "texture": "#0"},
				"down": {"uv": [0, 0, 0, 16], "texture": "#0"}
			}
		},
		{
			"from": [1.85, 0, 0],
			"to": [1.85, 7, 16],
			"rotation": {"angle": 0, "axis": "y", "origin": [8, 3.5, 8]},
			"faces": {
				"north": {"uv": [0, 0, 0, 7], "texture": "#0"},
				"east": {"uv": [16, 0, 0, 6.74194], "texture": "#0"},
				"south": {"uv": [0, 0, 0, 7], "texture": "#0"},
				"west": {"uv": [16, 0, 0, 6.74194], "texture": "#0"},
				"up": {"uv": [0, 16, 0, 0], "texture": "#0"},
				"down": {"uv": [0, 0, 0, 16], "texture": "#0"}
			}
		},
		{
			"from": [8, 0, 0],
			"to": [8, 7, 16],
			"rotation": {"angle": 0, "axis": "y", "origin": [8, 3.5, 8]},
			"faces": {
				"north": {"uv": [0, 0, 0, 7], "texture": "#0"},
				"east": {"uv": [0, 0, 16, 6.74194], "texture": "#0"},
				"south": {"uv": [0, 0, 0, 7], "texture": "#0"},
				"west": {"uv": [16, 0, 0, 6.74194], "texture": "#0"},
				"up": {"uv": [0, 16, 0, 0], "texture": "#0"},
				"down": {"uv": [0, 0, 0, 16], "texture": "#0"}
			}
		},
		{
			"from": [11.1, 0, 0],
			"to": [11.1, 7, 16],
			"rotation": {"angle": 0, "axis": "y", "origin": [8, 3.5, 8]},
			"faces": {
				"north": {"uv": [0, 0, 0, 7], "texture": "#0"},
				"east": {"uv": [16, 0, 0, 6.74194], "texture": "#0"},
				"south": {"uv": [0, 0, 0, 7], "texture": "#0"},
				"west": {"uv": [0, 0, 16, 6.74194], "texture": "#0"},
				"up": {"uv": [0, 16, 0, 0], "texture": "#0"},
				"down": {"uv": [0, 0, 0, 16], "texture": "#0"}
			}
		},
		{
			"from": [14.15, 0, 0],
			"to": [14.15, 7, 16],
			"rotation": {"angle": 0, "axis": "y", "origin": [8, 3.5, 8]},
			"faces": {
				"north": {"uv": [0, 0, 0, 7], "texture": "#0"},
				"east": {"uv": [0, 0, 16, 6.74194], "texture": "#0"},
				"south": {"uv": [0, 0, 0, 7], "texture": "#0"},
				"west": {"uv": [0, 0, 16, 6.74194], "texture": "#0"},
				"up": {"uv": [0, 16, 0, 0], "texture": "#0"},
				"down": {"uv": [0, 0, 0, 16], "texture": "#0"}
			}
		},
		{
			"from": [0, 0, 1.8],
			"to": [16, 7, 1.8],
			"rotation": {"angle": 0, "axis": "y", "origin": [8, 3.5, 8]},
			"faces": {
				"north": {"uv": [0, 0, 16, 6.74194], "texture": "#0"},
				"east": {"uv": [0, 0, 0, 7], "texture": "#0"},
				"south": {"uv": [0, 0, 16, 6.74194], "texture": "#0"},
				"west": {"uv": [0, 0, 0, 7], "texture": "#0"},
				"up": {"uv": [0, 16, 0, 0], "rotation": 270, "texture": "#0"},
				"down": {"uv": [0, 0, 0, 16], "rotation": 90, "texture": "#0"}
			}
		},
		{
			"from": [0, 0, 4.9],
			"to": [16, 7, 4.9],
			"rotation": {"angle": 0, "axis": "y", "origin": [8, 3.5, 8]},
			"faces": {
				"north": {"uv": [16, 0, 0, 6.74194], "texture": "#0"},
				"east": {"uv": [0, 0, 0, 7], "texture": "#0"},
				"south": {"uv": [16, 0, 0, 6.74194], "texture": "#0"},
				"west": {"uv": [0, 0, 0, 7], "texture": "#0"},
				"up": {"uv": [0, 16, 0, 0], "rotation": 270, "texture": "#0"},
				"down": {"uv": [0, 0, 0, 16], "rotation": 90, "texture": "#0"}
			}
		},
		{
			"from": [0, 0, 8],
			"to": [16, 7, 8],
			"rotation": {"angle": 0, "axis": "y", "origin": [8, 3.5, 8]},
			"faces": {
				"north": {"uv": [16, 0, 0, 6.74194], "texture": "#0"},
				"east": {"uv": [0, 0, 0, 7], "texture": "#0"},
				"south": {"uv": [0, 0, 16, 6.74194], "texture": "#0"},
				"west": {"uv": [0, 0, 0, 7], "texture": "#0"},
				"up": {"uv": [0, 16, 0, 0], "rotation": 270, "texture": "#0"},
				"down": {"uv": [0, 0, 0, 16], "rotation": 90, "texture": "#0"}
			}
		},
		{
			"from": [0, 0, 11.1],
			"to": [16, 7, 11.1],
			"rotation": {"angle": 0, "axis": "y", "origin": [8, 3.5, 8]},
			"faces": {
				"north": {"uv": [0, 0, 16, 6.74194], "texture": "#0"},
				"east": {"uv": [0, 0, 0, 7], "texture": "#0"},
				"south": {"uv": [0, 0, 16, 6.74194], "texture": "#0"},
				"west": {"uv": [0, 0, 0, 7], "texture": "#0"},
				"up": {"uv": [0, 16, 0, 0], "rotation": 270, "texture": "#0"},
				"down": {"uv": [0, 0, 0, 16], "rotation": 90, "texture": "#0"}
			}
		},
		{
			"from": [0, 0, 14.15],
			"to": [16, 7, 14.15],
			"rotation": {"angle": 0, "axis": "y", "origin": [8, 3.5, 8]},
			"faces": {
				"north": {"uv": [16, 0, 0, 6.74194], "texture": "#0"},
				"east": {"uv": [0, 0, 0, 7], "texture": "#0"},
				"south": {"uv": [0, 0, 16, 6.74194], "texture": "#0"},
				"west": {"uv": [0, 0, 0, 7], "texture": "#0"},
				"up": {"uv": [0, 16, 0, 0], "rotation": 270, "texture": "#0"},
				"down": {"uv": [0, 0, 0, 16], "rotation": 90, "texture": "#0"}
			}
		}
	],
	"display": {}
}