{
	"credit": "Made with Blockbench",
	"textures": {
		"0": "block/custom/wolf_face",
		"particle": "block/custom/wolf_face"
	},
	"elements": [
		{
			"name": "head",
			"from": [5, 14.5, 1],
			"to": [7, 16.5, 2],
			"rotation": {"angle": 0, "axis": "y", "origin": [8, 0, 8]},
			"faces": {
				"north": {"uv": [11, 2, 13, 4], "texture": "#0"},
				"east": {"uv": [10, 2, 11, 4], "texture": "#0"},
				"south": {"uv": [14, 2, 16, 4], "texture": "#0"},
				"west": {"uv": [13, 2, 14, 4], "texture": "#0"},
				"up": {"uv": [13, 2, 11, 1], "texture": "#0"},
				"down": {"uv": [15, 1, 13, 2], "texture": "#0"}
			}
		},
		{
			"name": "head",
			"from": [9, 14.5, 1],
			"to": [11, 16.5, 2],
			"rotation": {"angle": 0, "axis": "y", "origin": [8, 0, 8]},
			"faces": {
				"north": {"uv": [11, 2, 13, 4], "texture": "#0"},
				"east": {"uv": [10, 2, 11, 4], "texture": "#0"},
				"south": {"uv": [14, 2, 16, 4], "texture": "#0"},
				"west": {"uv": [13, 2, 14, 4], "texture": "#0"},
				"up": {"uv": [13, 2, 11, 1], "texture": "#0"},
				"down": {"uv": [15, 1, 13, 2], "texture": "#0"}
			}
		},
		{
			"name": "head",
			"from": [6.5, 6.52, -4],
			"to": [9.5, 9.52, 0],
			"rotation": {"angle": 0, "axis": "y", "origin": [8, 0, 8]},
			"faces": {
				"north": {"uv": [4, 4, 7, 7], "texture": "#0"},
				"east": {"uv": [0, 4, 4, 7], "texture": "#0"},
				"south": {"uv": [11, 4, 14, 7], "texture": "#0"},
				"west": {"uv": [7, 4, 11, 7], "texture": "#0"},
				"up": {"uv": [7, 4, 4, 0], "texture": "#0"},
				"down": {"uv": [10, 0, 7, 4], "texture": "#0"}
			}
		}
	],
	"display": {
		"gui": {
			"rotation": [0, -168, 0],
			"translation": [-6, -5.25, 0],
			"scale": [1.5, 1.5, 4]
		},
		"head": {
			"translation": [0, -3.5, 5.75],
			"scale": [1.5, 1.5, 1.5]
		}
	},
	"groups": [
		{
			"name": "head",
			"origin": [9, 10.5, 1],
			"color": 0,
			"children": [0, 1, 2]
		}
	]
}