{
	"credit": "Made with Blockbench",
	"texture_size": [32, 32],
	"textures": {
		"0": "item/yellow_baloon",
		"particle": "item/yellow_baloon"
	},
	"elements": [
		{
			"from": [7.5, -6, 8],
			"to": [8.5, 3, 8],
			"rotation": {"angle": 0, "axis": "y", "origin": [8, -1.5, 8]},
			"faces": {
				"north": {"uv": [0.5, 5, 1, 9.5], "texture": "#0"},
				"east": {"uv": [0, 0, 0, 4.5], "texture": "#0"},
				"south": {"uv": [1, 5, 1.5, 9.5], "texture": "#0"},
				"west": {"uv": [0, 0, 0, 4.5], "texture": "#0"},
				"up": {"uv": [0, 0.5, 0, 0], "rotation": 270, "texture": "#0"},
				"down": {"uv": [0, 0, 0, 0.5], "rotation": 90, "texture": "#0"}
			}
		},
		{
			"from": [4, 3, 4],
			"to": [12, 13, 12],
			"faces": {
				"north": {"uv": [0, 0, 4, 5], "texture": "#0"},
				"east": {"uv": [0, 0, 4, 5], "texture": "#0"},
				"south": {"uv": [0, 0, 4, 5], "texture": "#0"},
				"west": {"uv": [0, 0, 4, 5], "texture": "#0"},
				"up": {"uv": [8, 4, 4, 0], "texture": "#0"},
				"down": {"uv": [12, 0, 8, 4], "texture": "#0"}
			}
		}
	],
	"display": {
		"head": {
			"translation": [0, 7.25, 0],
			"scale": [2, 2, 2]
		}
	}
}