{
    "providers": [
        {
            "type": "bitmap",
            "file": "generic:item/air.png",
            "ascent": -65335,
            "height": 0,
            "chars": [","]
        },
    
        {
            "type": "bitmap",
            "file": "generic:announcement/tag/0.png",
            "ascent": 8,
            "height": 10,
            "chars": [
				"闪烟盲穿头助+" 
			]
					
        },

        {
            "type": "bitmap",
            "file": "generic:announcement/weapon/mac10.png",
            "ascent": 9,
            "height": 11,
            "chars": [
				"一" 
			]
					
        },

        {
            "type": "bitmap",
            "file": "generic:announcement/weapon/mp9.png",
            "ascent": 9,
            "height": 11,
            "chars": [
				"二" 
			]
					
        },

        {
            "type": "bitmap",
            "file": "generic:announcement/weapon/bizon.png",
            "ascent": 13,
            "height": 20,
            "chars": [
				"三" 
			]
					
        },

        {
            "type": "bitmap",
            "file": "generic:announcement/weapon/p90.png",
            "ascent": 13,
            "height": 20,
            "chars": [
				"四" 
			]
					
        },

        {
            "type": "bitmap",
            "file": "generic:announcement/weapon/mp5.png",
            "ascent": 13,
            "height": 20,
            "chars": [
				"五" 
			]
					
        },

        {
            "type": "bitmap",
            "file": "generic:announcement/weapon/ump45.png",
            "ascent": 13,
            "height": 20,
            "chars": [
				"六" 
			]
					
        },

        {
            "type": "bitmap",
            "file": "generic:announcement/weapon/nova.png",
            "ascent": 18,
            "height": 30,
            "chars": [
				"七" 
			]
					
        },

        {
            "type": "bitmap",
            "file": "generic:announcement/weapon/sawedoff.png",
            "ascent": 13,
            "height": 20,
            "chars": [
				"八" 
			]
					
        },

        {
            "type": "bitmap",
            "file": "generic:announcement/weapon/mag7.png",
            "ascent": 13,
            "height": 20,
            "chars": [
				"九" 
			]
					
        },

        {
            "type": "bitmap",
            "file": "generic:announcement/weapon/xm1014.png",
            "ascent": 18,
            "height": 30,
            "chars": [
				"十" 
			]
					
        },

        {
            "type": "bitmap",
            "file": "generic:announcement/weapon/negev.png",
            "ascent": 21,
            "height": 35,
            "chars": [
				"甲" 
			]
					
        },

        {
            "type": "bitmap",
            "file": "generic:announcement/weapon/m249.png",
            "ascent": 21,
            "height": 35,
            "chars": [
				"乙" 
			]
					
        },

        {
            "type": "bitmap",
            "file": "generic:announcement/weapon/galil.png",
            "ascent": 18,
            "height": 28,
            "chars": [
				"丙" 
			]
					
        },

        {
            "type": "bitmap",
            "file": "generic:announcement/weapon/famas.png",
            "ascent": 18,
            "height": 28,
            "chars": [
				"丁" 
			]
					
        },

        {
            "type": "bitmap",
            "file": "generic:announcement/weapon/ak47.png",
            "ascent": 18,
            "height": 28,
            "chars": [
				"戊" 
			]
					
        },

        {
            "type": "bitmap",
            "file": "generic:announcement/weapon/m4a1-s.png",
            "ascent": 21,
            "height": 36,
            "chars": [
				"己" 
			]
					
        },

        {
            "type": "bitmap",
            "file": "generic:announcement/weapon/sg553.png",
            "ascent": 18,
            "height": 28,
            "chars": [
				"庚" 
			]
					
        },

        {
            "type": "bitmap",
            "file": "generic:announcement/weapon/aug.png",
            "ascent": 18,
            "height": 28,
            "chars": [
				"辛" 
			]
					
        },

        {
            "type": "bitmap",
            "file": "generic:announcement/weapon/ssg08.png",
            "ascent": 23,
            "height": 40,
            "chars": [
				"壬" 
			]
					
        },

        {
            "type": "bitmap",
            "file": "generic:announcement/weapon/scar20.png",
            "ascent": 23,
            "height": 40,
            "chars": [
				"癸" 
			]
					
        },

        {
            "type": "bitmap",
            "file": "generic:announcement/weapon/awp.png",
            "ascent": 23,
            "height": 40,
            "chars": [
				"乾" 
			]
					
        },

        {
            "type": "bitmap",
            "file": "generic:announcement/weapon/glock.png",
            "ascent": 9,
            "height": 11,
            "chars": [
				"坎" 
			]
					
        },

        {
            "type": "bitmap",
            "file": "generic:announcement/weapon/usp.png",
            "ascent": 13,
            "height": 20,
            "chars": [
				"艮" 
			]
					
        },

        {
            "type": "bitmap",
            "file": "generic:announcement/weapon/deagle.png",
            "ascent": 9,
            "height": 11,
            "chars": [
				"震" 
			]
					
        },
        
        {
            "type": "bitmap",
            "file": "generic:announcement/weapon/tec9.png",
            "ascent": 9,
            "height": 11,
            "chars": [
				"巽" 
			]
					
        },

        {
            "type": "bitmap",
            "file": "generic:announcement/weapon/fn57.png",
            "ascent": 9,
            "height": 11,
            "chars": [
				"离" 
			]
					
        },

        {
            "type": "bitmap",
            "file": "generic:announcement/weapon/colt1911.png",
            "ascent": 9,
            "height": 11,
            "chars": [
				"坤" 
			]
					
        },

        {
            "type": "bitmap",
            "file": "generic:announcement/weapon/zeus.png",
            "ascent": 9,
            "height": 11,
            "chars": [
				"兑" 
			]
					
        },

        {
            "type": "bitmap",
            "file": "generic:announcement/weapon/knife.png",
            "ascent": 13,
            "height": 20,
            "chars": [
				"休" 
			]
					
        },

        {
            "type": "bitmap",
            "file": "generic:announcement/weapon/sword.png",
            "ascent": 13,
            "height": 20,
            "chars": [
				"生" 
			]
					
        },

        {
            "type": "bitmap",
            "file": "generic:announcement/weapon/grenade.png",
            "ascent": 8,
            "height": 9,
            "chars": [
				"伤" 
			]
					
        },

        {
            "type": "bitmap",
            "file": "generic:announcement/weapon/firebomb.png",
            "ascent": 8,
            "height": 9,
            "chars": [
				"杜" 
			]
					
        },

        {
            "type": "bitmap",
            "file": "generic:announcement/weapon/claymore.png",
            "ascent": 8,
            "height": 9,
            "chars": [
				"景" 
			]
					
        },

        {
            "type": "bitmap",
            "file": "generic:announcement/weapon/drone.png",
            "ascent": 8,
            "height": 9,
            "chars": [
				"死" 
			]
					
        },


        {
            "type": "bitmap",
            "file": "generic:announcement/weapon/explosion.png",
            "ascent": 8,
            "height": 9,
            "chars": [
				"京" 
			]
					
        },

        {
            "type": "bitmap",
            "file": "generic:announcement/weapon/suicide.png",
            "ascent": 8,
            "height": 9,
            "chars": [
				"开" 
			]
					
        }
		
    ]
}