{
    "providers": [
        {
            "type": "bitmap",
            "file": "gameui:other/air.png",
            "ascent": -4,
            "height": -4,
            "chars": [","]
        },
    
        {
            "type": "bitmap",
            "file": "generic:lobby/maps/inferno.png",
            "ascent": 217,
            "height": 441,
            "chars": [
				"一" 
			]
					
        },

        {
            "type": "bitmap",
            "file": "generic:lobby/maps/mirage.png",
            "ascent": 217,
            "height": 441,
            "chars": [
				"二" 
			]
					
        },

        {
            "type": "bitmap",
            "file": "generic:lobby/maps/dust2.png",
            "ascent": 217,
            "height": 441,
            "chars": [
				"三" 
			]
					
        },

        {
            "type": "bitmap",
            "file": "generic:lobby/maps/vertigo.png",
            "ascent": 217,
            "height": 441,
            "chars": [
				"四" 
			]
					
        },

        {
            "type": "bitmap",
            "file": "generic:lobby/maps/ancient.png",
            "ascent": 217,
            "height": 441,
            "chars": [
				"五" 
			]
					
        }
		
    ]
}