{
    "providers": [
        {
            "type": "bitmap",
            "file": "generic:item/air.png",
            "ascent": -65335,
            "height": -3,
            "chars": [","]
        },
        {
            "type": "bitmap",
            "file": "generic:item/air.png",
            "ascent": -65335,
            "height": -3,
            "chars": [" "]
        },
    
        {
            "type": "bitmap",
            "file": "generic:shop/page1/slot_1_unpick.png",
            "ascent": 20,
            "height": 20,
            "chars": [
				"一" 
			]
					
        },

        {
            "type": "bitmap",
            "file": "generic:shop/page1/slot_1_pick.png",
            "ascent": 20,
            "height": 20,
            "chars": [
				"甲" 
			]
					
        },

        {
            "type": "bitmap",
            "file": "generic:shop/page1/slot_2_unpick.png",
            "ascent": 20,
            "height": 20,
            "chars": [
				"二" 
			]
					
        },

        {
            "type": "bitmap",
            "file": "generic:shop/page1/slot_2_pick.png",
            "ascent": 20,
            "height": 20,
            "chars": [
				"乙" 
			]
					
        },

        {
            "type": "bitmap",
            "file": "generic:shop/page1/slot_3_unpick.png",
            "ascent": 20,
            "height": 20,
            "chars": [
				"三" 
			]
					
        },

        {
            "type": "bitmap",
            "file": "generic:shop/page1/slot_3_pick.png",
            "ascent": 20,
            "height": 20,
            "chars": [
				"丙" 
			]
					
        },

        {
            "type": "bitmap",
            "file": "generic:shop/page1/slot_4_unpick.png",
            "ascent": 20,
            "height": 20,
            "chars": [
				"四" 
			]
					
        },

        {
            "type": "bitmap",
            "file": "generic:shop/page1/slot_4_pick.png",
            "ascent": 20,
            "height": 20,
            "chars": [
				"丁" 
			]
					
        },

        {
            "type": "bitmap",
            "file": "generic:shop/page1/slot_5_unpick.png",
            "ascent": 20,
            "height": 20,
            "chars": [
				"五" 
			]
					
        },

        {
            "type": "bitmap",
            "file": "generic:shop/page1/slot_5_pick.png",
            "ascent": 20,
            "height": 20,
            "chars": [
				"戊" 
			]
					
        },

        {
            "type": "bitmap",
            "file": "generic:shop/page1/slot_6_unpick.png",
            "ascent": 20,
            "height": 20,
            "chars": [
				"六" 
			]
					
        },

        {
            "type": "bitmap",
            "file": "generic:shop/page1/slot_6_pick.png",
            "ascent": 20,
            "height": 20,
            "chars": [
				"己" 
			]
					
        }
		
    ]
}