{
	"credit": "Made with Blockbench",
	"textures": {
		"0": "slot_4:item/incendiary/0",
		"particle": "slot_4:item/incendiary/0"
	},
	"elements": [
		{
			"from": [4, 0, 4],
			"to": [13, 22, 13],
			"rotation": {"angle": 0, "axis": "y", "origin": [4, 7, 4]},
			"faces": {
				"north": {"uv": [0, 0, 2, 2], "texture": "#0"},
				"east": {"uv": [0, 0, 2, 2], "texture": "#0"},
				"south": {"uv": [0, 0, 2, 2], "texture": "#0"},
				"west": {"uv": [0, 0, 12, 16], "texture": "#0"},
				"up": {"uv": [0, 0, 2, 2], "texture": "#0"},
				"down": {"uv": [0, 0, 2, 2], "texture": "#0"}
			}
		},
		{
			"from": [6, 22, 6],
			"to": [11, 22.9, 11],
			"rotation": {"angle": 0, "axis": "y", "origin": [4, 7, 4]},
			"faces": {
				"north": {"uv": [12, 0, 14, 2], "texture": "#0"},
				"east": {"uv": [12, 0, 14, 2], "texture": "#0"},
				"south": {"uv": [12, 0, 14, 2], "texture": "#0"},
				"west": {"uv": [12, 0, 14, 2], "texture": "#0"},
				"up": {"uv": [12, 0, 14, 2], "texture": "#0"},
				"down": {"uv": [12, 0, 14, 2], "texture": "#0"}
			}
		},
		{
			"from": [6, 24.8, 5.5],
			"to": [11, 25.7, 11.5],
			"rotation": {"angle": 0, "axis": "y", "origin": [4, 7, 4]},
			"faces": {
				"north": {"uv": [12, 0, 14, 2], "texture": "#0"},
				"east": {"uv": [12, 0, 14, 2], "texture": "#0"},
				"south": {"uv": [12, 0, 14, 2], "texture": "#0"},
				"west": {"uv": [12, 0, 14, 2], "texture": "#0"},
				"up": {"uv": [12, 0, 14, 2], "texture": "#0"},
				"down": {"uv": [12, 0, 14, 2], "texture": "#0"}
			}
		},
		{
			"from": [6.6, 24.3318, 11.1818],
			"to": [10.4, 25.8318, 16.0818],
			"rotation": {"angle": 45, "axis": "x", "origin": [8.3, 25.3818, 11.1818]},
			"faces": {
				"north": {"uv": [12, 0, 14, 2], "texture": "#0"},
				"east": {"uv": [12, 0, 14, 2], "texture": "#0"},
				"south": {"uv": [12, 0, 14, 2], "texture": "#0"},
				"west": {"uv": [12, 0, 14, 2], "texture": "#0"},
				"up": {"uv": [12, 0, 14, 2], "texture": "#0"},
				"down": {"uv": [12, 0, 14, 2], "texture": "#0"}
			}
		},
		{
			"from": [7, 17.73518, 14.06482],
			"to": [10, 22.23518, 14.96482],
			"rotation": {"angle": 0, "axis": "x", "origin": [8.3, 26.23518, 10.51482]},
			"faces": {
				"north": {"uv": [12, 0, 14, 2], "rotation": 90, "texture": "#0"},
				"east": {"uv": [12, 0, 14, 2], "rotation": 90, "texture": "#0"},
				"south": {"uv": [12, 0, 14, 2], "rotation": 90, "texture": "#0"},
				"west": {"uv": [12, 0, 14, 2], "rotation": 90, "texture": "#0"},
				"up": {"uv": [12, 0, 14, 2], "rotation": 90, "texture": "#0"},
				"down": {"uv": [12, 0, 14, 2], "rotation": 90, "texture": "#0"}
			}
		},
		{
			"from": [7.4, 12.93518, 14.06482],
			"to": [9.6, 17.73518, 14.96482],
			"rotation": {"angle": 0, "axis": "y", "origin": [8.3, 26.23518, 10.51482]},
			"faces": {
				"north": {"uv": [12, 0, 14, 2], "rotation": 90, "texture": "#0"},
				"east": {"uv": [12, 0, 14, 2], "rotation": 90, "texture": "#0"},
				"south": {"uv": [12, 0, 14, 2], "rotation": 90, "texture": "#0"},
				"west": {"uv": [12, 0, 14, 2], "rotation": 90, "texture": "#0"},
				"up": {"uv": [12, 0, 14, 2], "rotation": 90, "texture": "#0"},
				"down": {"uv": [12, 0, 14, 2], "rotation": 90, "texture": "#0"}
			}
		},
		{
			"from": [6.5, 22.9, 6.5],
			"to": [10.5, 24.8, 10.5],
			"rotation": {"angle": 0, "axis": "y", "origin": [4, 7, 4]},
			"faces": {
				"north": {"uv": [12, 0, 14, 2], "texture": "#0"},
				"east": {"uv": [12, 0, 14, 2], "texture": "#0"},
				"south": {"uv": [12, 0, 14, 2], "texture": "#0"},
				"west": {"uv": [12, 0, 14, 2], "texture": "#0"},
				"up": {"uv": [12, 0, 14, 2], "texture": "#0"},
				"down": {"uv": [12, 0, 14, 2], "texture": "#0"}
			}
		}
	],
	"display": {
		"thirdperson_righthand": {
			"rotation": [0, 90, 0],
			"translation": [-0.15, 0, 0],
			"scale": [0.3, 0.3, 0.3]
		},
		"thirdperson_lefthand": {
			"scale": [0, 0, 0]
		},
		"firstperson_righthand": {
			"rotation": [-20, -23, 58],
			"translation": [2, 21, 0],
			"scale": [0.3, 0.3, 0.3]
		},
		"firstperson_lefthand": {
			"scale": [0, 0, 0]
		},
		"ground": {
			"rotation": [-180, 0, 90],
			"scale": [0.5, 0.5, 0.5]
		},
		"gui": {
			"rotation": [0, 90, 0],
			"translation": [-0.5, -3, 0],
			"scale": [0.6, 0.6, 0.6]
		},
		"head": {
			"rotation": [90, 90, 0],
			"translation": [0, -42.5, -1.5],
			"scale": [0.5, 0.5, 0.5]
		},
		"fixed": {
			"rotation": [0, -90, 0],
			"translation": [0, -2.5, -3],
			"scale": [0.7, 0.7, 0.7]
		}
	}
}