{
    "parent": "item/generated",
    "textures": {
     "layer0": "item/carrot_on_a_stick"
    },
    
    "overrides": [
        {"predicate": {"custom_model_data":1}, "model": "block/custom/powerups/powerup_k_no_jump"},
        {"predicate": {"custom_model_data":2}, "model": "block/custom/powerups/powerup_k_slowdown"},
        {"predicate": {"custom_model_data":3}, "model": "block/custom/powerups/powerup_k_small_gary"},
        {"predicate": {"custom_model_data":4}, "model": "block/custom/powerups/powerup_k_spinning_runners"},
        {"predicate": {"custom_model_data":5}, "model": "block/custom/powerups/powerup_k_vex_trio"},
        {"predicate": {"custom_model_data":6}, "model": "block/custom/powerups/powerup_r_invisibility"},
        {"predicate": {"custom_model_data":7}, "model": "block/custom/powerups/powerup_r_speed_boost"},
        {"predicate": {"custom_model_data":8}, "model": "block/custom/powerups/powerup_r_trapper_blinder"},
        {"predicate": {"custom_model_data":9}, "model": "block/custom/powerups/powerup_r_spinning_killers"},
        {"predicate": {"custom_model_data":10}, "model": "block/custom/powerups/powerup_r_power_jump"},
        {"predicate": {"custom_model_data":11}, "model": "block/custom/powerups/powerup_r_portable_switch"}
    ]
   }