{
    "parent": "item/handheld_rod",
    "textures": {
        "layer0": "item/carrot_on_a_stick"
    },
	"overrides" :[
		{"predicate":{"custom_model_data":1},"model":"generic:air"},
		{"predicate":{"custom_model_data":11100},"model":"slot_1:mac10/drop"},
		{"predicate":{"custom_model_data":11101},"model":"slot_1:mac10/default"},
		{"predicate":{"custom_model_data":11102},"model":"slot_1:mac10/take_1"},
		{"predicate":{"custom_model_data":11103},"model":"slot_1:mac10/take_2"},
		{"predicate":{"custom_model_data":11104},"model":"slot_1:mac10/take_3"},
		{"predicate":{"custom_model_data":11105},"model":"slot_1:mac10/take_4"},
		{"predicate":{"custom_model_data":11106},"model":"slot_1:mac10/take_5"},
		{"predicate":{"custom_model_data":11107},"model":"slot_1:mac10/fire_1"},
		{"predicate":{"custom_model_data":11108},"model":"slot_1:mac10/reload_1"},
		{"predicate":{"custom_model_data":11109},"model":"slot_1:mac10/reload_2"},
		{"predicate":{"custom_model_data":11110},"model":"slot_1:mac10/reload_3"},
		{"predicate":{"custom_model_data":11111},"model":"slot_1:mac10/reload_4"},
		{"predicate":{"custom_model_data":11112},"model":"slot_1:mac10/pull_1"},
		{"predicate":{"custom_model_data":11113},"model":"slot_1:mac10/pull_2"},
		
		{"predicate":{"custom_model_data":11200},"model":"slot_1:mp9/drop"},
		{"predicate":{"custom_model_data":11201},"model":"slot_1:mp9/default"},
		{"predicate":{"custom_model_data":11202},"model":"slot_1:mp9/take_1"},
		{"predicate":{"custom_model_data":11203},"model":"slot_1:mp9/take_2"},
		{"predicate":{"custom_model_data":11204},"model":"slot_1:mp9/take_3"},
		{"predicate":{"custom_model_data":11205},"model":"slot_1:mp9/take_4"},
		{"predicate":{"custom_model_data":11206},"model":"slot_1:mp9/take_5"},
		{"predicate":{"custom_model_data":11207},"model":"slot_1:mp9/fire_1"},
		{"predicate":{"custom_model_data":11208},"model":"slot_1:mp9/reload_1"},
		{"predicate":{"custom_model_data":11209},"model":"slot_1:mp9/reload_2"},
		{"predicate":{"custom_model_data":11210},"model":"slot_1:mp9/reload_3"},
		{"predicate":{"custom_model_data":11211},"model":"slot_1:mp9/reload_4"},
		{"predicate":{"custom_model_data":11212},"model":"slot_1:mp9/pull_1"},
		{"predicate":{"custom_model_data":11213},"model":"slot_1:mp9/pull_2"},

		{"predicate":{"custom_model_data":11300},"model":"slot_1:bizon/drop"},
		{"predicate":{"custom_model_data":11301},"model":"slot_1:bizon/default"},
		{"predicate":{"custom_model_data":11302},"model":"slot_1:bizon/take_1"},
		{"predicate":{"custom_model_data":11303},"model":"slot_1:bizon/take_2"},
		{"predicate":{"custom_model_data":11304},"model":"slot_1:bizon/take_3"},
		{"predicate":{"custom_model_data":11305},"model":"slot_1:bizon/take_4"},
		{"predicate":{"custom_model_data":11306},"model":"slot_1:bizon/take_5"},
		{"predicate":{"custom_model_data":11307},"model":"slot_1:bizon/fire_1"},
		{"predicate":{"custom_model_data":11308},"model":"slot_1:bizon/reload_1"},
		{"predicate":{"custom_model_data":11309},"model":"slot_1:bizon/reload_2"},
		{"predicate":{"custom_model_data":11310},"model":"slot_1:bizon/reload_3"},
		{"predicate":{"custom_model_data":11311},"model":"slot_1:bizon/reload_4"},
		{"predicate":{"custom_model_data":11312},"model":"slot_1:bizon/pull_1"},
		{"predicate":{"custom_model_data":11313},"model":"slot_1:bizon/pull_2"},

		{"predicate":{"custom_model_data":11400},"model":"slot_1:p90/drop"},
		{"predicate":{"custom_model_data":11401},"model":"slot_1:p90/default"},
		{"predicate":{"custom_model_data":11402},"model":"slot_1:p90/take_1"},
		{"predicate":{"custom_model_data":11403},"model":"slot_1:p90/take_2"},
		{"predicate":{"custom_model_data":11404},"model":"slot_1:p90/take_3"},
		{"predicate":{"custom_model_data":11405},"model":"slot_1:p90/take_4"},
		{"predicate":{"custom_model_data":11406},"model":"slot_1:p90/take_5"},
		{"predicate":{"custom_model_data":11407},"model":"slot_1:p90/fire_1"},
		{"predicate":{"custom_model_data":11408},"model":"slot_1:p90/reload_1"},
		{"predicate":{"custom_model_data":11409},"model":"slot_1:p90/reload_2"},
		{"predicate":{"custom_model_data":11410},"model":"slot_1:p90/reload_3"},
		{"predicate":{"custom_model_data":11411},"model":"slot_1:p90/reload_4"},
		{"predicate":{"custom_model_data":11412},"model":"slot_1:p90/pull_1"},
		{"predicate":{"custom_model_data":11413},"model":"slot_1:p90/pull_2"},

		{"predicate":{"custom_model_data":11500},"model":"slot_1:mp5/drop"},
		{"predicate":{"custom_model_data":11501},"model":"slot_1:mp5/default"},
		{"predicate":{"custom_model_data":11502},"model":"slot_1:mp5/take_1"},
		{"predicate":{"custom_model_data":11503},"model":"slot_1:mp5/take_2"},
		{"predicate":{"custom_model_data":11504},"model":"slot_1:mp5/take_3"},
		{"predicate":{"custom_model_data":11505},"model":"slot_1:mp5/take_4"},
		{"predicate":{"custom_model_data":11506},"model":"slot_1:mp5/take_5"},
		{"predicate":{"custom_model_data":11507},"model":"slot_1:mp5/fire_1"},
		{"predicate":{"custom_model_data":11508},"model":"slot_1:mp5/reload_1"},
		{"predicate":{"custom_model_data":11509},"model":"slot_1:mp5/reload_2"},
		{"predicate":{"custom_model_data":11510},"model":"slot_1:mp5/reload_3"},
		{"predicate":{"custom_model_data":11511},"model":"slot_1:mp5/reload_4"},
		{"predicate":{"custom_model_data":11512},"model":"slot_1:mp5/pull_1"},
		{"predicate":{"custom_model_data":11513},"model":"slot_1:mp5/pull_2"},

		{"predicate":{"custom_model_data":11600},"model":"slot_1:ump45/drop"},
		{"predicate":{"custom_model_data":11601},"model":"slot_1:ump45/default"},
		{"predicate":{"custom_model_data":11602},"model":"slot_1:ump45/take_1"},
		{"predicate":{"custom_model_data":11603},"model":"slot_1:ump45/take_2"},
		{"predicate":{"custom_model_data":11604},"model":"slot_1:ump45/take_3"},
		{"predicate":{"custom_model_data":11605},"model":"slot_1:ump45/take_4"},
		{"predicate":{"custom_model_data":11606},"model":"slot_1:ump45/take_5"},
		{"predicate":{"custom_model_data":11607},"model":"slot_1:ump45/fire_1"},
		{"predicate":{"custom_model_data":11608},"model":"slot_1:ump45/reload_1"},
		{"predicate":{"custom_model_data":11609},"model":"slot_1:ump45/reload_2"},
		{"predicate":{"custom_model_data":11610},"model":"slot_1:ump45/reload_3"},
		{"predicate":{"custom_model_data":11611},"model":"slot_1:ump45/reload_4"},
		{"predicate":{"custom_model_data":11612},"model":"slot_1:ump45/pull_1"},
		{"predicate":{"custom_model_data":11613},"model":"slot_1:ump45/pull_2"},

		{"predicate":{"custom_model_data":12100},"model":"slot_1:nova/drop"},
		{"predicate":{"custom_model_data":12101},"model":"slot_1:nova/default"},
		{"predicate":{"custom_model_data":12102},"model":"slot_1:nova/take_1"},
		{"predicate":{"custom_model_data":12103},"model":"slot_1:nova/take_2"},
		{"predicate":{"custom_model_data":12104},"model":"slot_1:nova/take_3"},
		{"predicate":{"custom_model_data":12105},"model":"slot_1:nova/take_4"},
		{"predicate":{"custom_model_data":12106},"model":"slot_1:nova/take_5"},
		{"predicate":{"custom_model_data":12107},"model":"slot_1:nova/fire_1"},
		{"predicate":{"custom_model_data":12108},"model":"slot_1:nova/reload_1"},
		{"predicate":{"custom_model_data":12109},"model":"slot_1:nova/reload_2"},
		{"predicate":{"custom_model_data":12110},"model":"slot_1:nova/reload_3"},
		{"predicate":{"custom_model_data":12111},"model":"slot_1:nova/reload_4"},
		{"predicate":{"custom_model_data":12112},"model":"slot_1:nova/pull_1"},
		{"predicate":{"custom_model_data":12113},"model":"slot_1:nova/pull_2"},

		{"predicate":{"custom_model_data":12200},"model":"slot_1:sawedoff/drop"},
		{"predicate":{"custom_model_data":12201},"model":"slot_1:sawedoff/default"},
		{"predicate":{"custom_model_data":12202},"model":"slot_1:sawedoff/take_1"},
		{"predicate":{"custom_model_data":12203},"model":"slot_1:sawedoff/take_2"},
		{"predicate":{"custom_model_data":12204},"model":"slot_1:sawedoff/take_3"},
		{"predicate":{"custom_model_data":12205},"model":"slot_1:sawedoff/take_4"},
		{"predicate":{"custom_model_data":12206},"model":"slot_1:sawedoff/take_5"},
		{"predicate":{"custom_model_data":12207},"model":"slot_1:sawedoff/fire_1"},
		{"predicate":{"custom_model_data":12208},"model":"slot_1:sawedoff/reload_1"},
		{"predicate":{"custom_model_data":12209},"model":"slot_1:sawedoff/reload_2"},
		{"predicate":{"custom_model_data":12210},"model":"slot_1:sawedoff/reload_3"},
		{"predicate":{"custom_model_data":12211},"model":"slot_1:sawedoff/reload_4"},
		{"predicate":{"custom_model_data":12212},"model":"slot_1:sawedoff/pull_1"},
		{"predicate":{"custom_model_data":12213},"model":"slot_1:sawedoff/pull_2"},

		{"predicate":{"custom_model_data":12300},"model":"slot_1:mag7/drop"},
		{"predicate":{"custom_model_data":12301},"model":"slot_1:mag7/default"},
		{"predicate":{"custom_model_data":12302},"model":"slot_1:mag7/take_1"},
		{"predicate":{"custom_model_data":12303},"model":"slot_1:mag7/take_2"},
		{"predicate":{"custom_model_data":12304},"model":"slot_1:mag7/take_3"},
		{"predicate":{"custom_model_data":12305},"model":"slot_1:mag7/take_4"},
		{"predicate":{"custom_model_data":12306},"model":"slot_1:mag7/take_5"},
		{"predicate":{"custom_model_data":12307},"model":"slot_1:mag7/fire_1"},
		{"predicate":{"custom_model_data":12308},"model":"slot_1:mag7/reload_1"},
		{"predicate":{"custom_model_data":12309},"model":"slot_1:mag7/reload_2"},
		{"predicate":{"custom_model_data":12310},"model":"slot_1:mag7/reload_3"},
		{"predicate":{"custom_model_data":12311},"model":"slot_1:mag7/reload_4"},
		{"predicate":{"custom_model_data":12312},"model":"slot_1:mag7/pull_1"},
		{"predicate":{"custom_model_data":12313},"model":"slot_1:mag7/pull_2"},

		{"predicate":{"custom_model_data":12400},"model":"slot_1:xm1014/drop"},
		{"predicate":{"custom_model_data":12401},"model":"slot_1:xm1014/default"},
		{"predicate":{"custom_model_data":12402},"model":"slot_1:xm1014/take_1"},
		{"predicate":{"custom_model_data":12403},"model":"slot_1:xm1014/take_2"},
		{"predicate":{"custom_model_data":12404},"model":"slot_1:xm1014/take_3"},
		{"predicate":{"custom_model_data":12405},"model":"slot_1:xm1014/take_4"},
		{"predicate":{"custom_model_data":12406},"model":"slot_1:xm1014/take_5"},
		{"predicate":{"custom_model_data":12407},"model":"slot_1:xm1014/fire_1"},
		{"predicate":{"custom_model_data":12408},"model":"slot_1:xm1014/reload_1"},
		{"predicate":{"custom_model_data":12409},"model":"slot_1:xm1014/reload_2"},
		{"predicate":{"custom_model_data":12410},"model":"slot_1:xm1014/reload_3"},
		{"predicate":{"custom_model_data":12411},"model":"slot_1:xm1014/reload_4"},
		{"predicate":{"custom_model_data":12412},"model":"slot_1:xm1014/pull_1"},
		{"predicate":{"custom_model_data":12413},"model":"slot_1:xm1014/pull_2"},

		{"predicate":{"custom_model_data":12500},"model":"slot_1:negev/drop"},
		{"predicate":{"custom_model_data":12501},"model":"slot_1:negev/default"},
		{"predicate":{"custom_model_data":12502},"model":"slot_1:negev/take_1"},
		{"predicate":{"custom_model_data":12503},"model":"slot_1:negev/take_2"},
		{"predicate":{"custom_model_data":12504},"model":"slot_1:negev/take_3"},
		{"predicate":{"custom_model_data":12505},"model":"slot_1:negev/take_4"},
		{"predicate":{"custom_model_data":12506},"model":"slot_1:negev/take_5"},
		{"predicate":{"custom_model_data":12507},"model":"slot_1:negev/fire_1"},
		{"predicate":{"custom_model_data":12508},"model":"slot_1:negev/reload_1"},
		{"predicate":{"custom_model_data":12509},"model":"slot_1:negev/reload_2"},
		{"predicate":{"custom_model_data":12510},"model":"slot_1:negev/reload_3"},
		{"predicate":{"custom_model_data":12511},"model":"slot_1:negev/reload_4"},
		{"predicate":{"custom_model_data":12512},"model":"slot_1:negev/pull_1"},
		{"predicate":{"custom_model_data":12513},"model":"slot_1:negev/pull_2"},

		{"predicate":{"custom_model_data":12600},"model":"slot_1:m249/drop"},
		{"predicate":{"custom_model_data":12601},"model":"slot_1:m249/default"},
		{"predicate":{"custom_model_data":12602},"model":"slot_1:m249/take_1"},
		{"predicate":{"custom_model_data":12603},"model":"slot_1:m249/take_2"},
		{"predicate":{"custom_model_data":12604},"model":"slot_1:m249/take_3"},
		{"predicate":{"custom_model_data":12605},"model":"slot_1:m249/take_4"},
		{"predicate":{"custom_model_data":12606},"model":"slot_1:m249/take_5"},
		{"predicate":{"custom_model_data":12607},"model":"slot_1:m249/fire_1"},
		{"predicate":{"custom_model_data":12608},"model":"slot_1:m249/reload_1"},
		{"predicate":{"custom_model_data":12609},"model":"slot_1:m249/reload_2"},
		{"predicate":{"custom_model_data":12610},"model":"slot_1:m249/reload_3"},
		{"predicate":{"custom_model_data":12611},"model":"slot_1:m249/reload_4"},
		{"predicate":{"custom_model_data":12612},"model":"slot_1:m249/pull_1"},
		{"predicate":{"custom_model_data":12613},"model":"slot_1:m249/pull_2"},

		{"predicate":{"custom_model_data":13100},"model":"slot_1:galil/drop"},
		{"predicate":{"custom_model_data":13101},"model":"slot_1:galil/default"},
		{"predicate":{"custom_model_data":13102},"model":"slot_1:galil/take_1"},
		{"predicate":{"custom_model_data":13103},"model":"slot_1:galil/take_2"},
		{"predicate":{"custom_model_data":13104},"model":"slot_1:galil/take_3"},
		{"predicate":{"custom_model_data":13105},"model":"slot_1:galil/take_4"},
		{"predicate":{"custom_model_data":13106},"model":"slot_1:galil/take_5"},
		{"predicate":{"custom_model_data":13107},"model":"slot_1:galil/fire_1"},
		{"predicate":{"custom_model_data":13108},"model":"slot_1:galil/reload_1"},
		{"predicate":{"custom_model_data":13109},"model":"slot_1:galil/reload_2"},
		{"predicate":{"custom_model_data":13110},"model":"slot_1:galil/reload_3"},
		{"predicate":{"custom_model_data":13111},"model":"slot_1:galil/reload_4"},
		{"predicate":{"custom_model_data":13112},"model":"slot_1:galil/pull_1"},
		{"predicate":{"custom_model_data":13113},"model":"slot_1:galil/pull_2"},

		{"predicate":{"custom_model_data":13200},"model":"slot_1:famas/drop"},
		{"predicate":{"custom_model_data":13201},"model":"slot_1:famas/default"},
		{"predicate":{"custom_model_data":13202},"model":"slot_1:famas/take_1"},
		{"predicate":{"custom_model_data":13203},"model":"slot_1:famas/take_2"},
		{"predicate":{"custom_model_data":13204},"model":"slot_1:famas/take_3"},
		{"predicate":{"custom_model_data":13205},"model":"slot_1:famas/take_4"},
		{"predicate":{"custom_model_data":13206},"model":"slot_1:famas/take_5"},
		{"predicate":{"custom_model_data":13207},"model":"slot_1:famas/fire_1"},
		{"predicate":{"custom_model_data":13208},"model":"slot_1:famas/reload_1"},
		{"predicate":{"custom_model_data":13209},"model":"slot_1:famas/reload_2"},
		{"predicate":{"custom_model_data":13210},"model":"slot_1:famas/reload_3"},
		{"predicate":{"custom_model_data":13211},"model":"slot_1:famas/reload_4"},
		{"predicate":{"custom_model_data":13212},"model":"slot_1:famas/pull_1"},
		{"predicate":{"custom_model_data":13213},"model":"slot_1:famas/pull_2"},

		{"predicate":{"custom_model_data":13300},"model":"slot_1:ak47/drop"},
		{"predicate":{"custom_model_data":13301},"model":"slot_1:ak47/default"},
		{"predicate":{"custom_model_data":13302},"model":"slot_1:ak47/take_1"},
		{"predicate":{"custom_model_data":13303},"model":"slot_1:ak47/take_2"},
		{"predicate":{"custom_model_data":13304},"model":"slot_1:ak47/take_3"},
		{"predicate":{"custom_model_data":13305},"model":"slot_1:ak47/take_4"},
		{"predicate":{"custom_model_data":13306},"model":"slot_1:ak47/take_5"},
		{"predicate":{"custom_model_data":13307},"model":"slot_1:ak47/fire_1"},
		{"predicate":{"custom_model_data":13308},"model":"slot_1:ak47/reload_1"},
		{"predicate":{"custom_model_data":13309},"model":"slot_1:ak47/reload_2"},
		{"predicate":{"custom_model_data":13310},"model":"slot_1:ak47/reload_3"},
		{"predicate":{"custom_model_data":13311},"model":"slot_1:ak47/reload_4"},
		{"predicate":{"custom_model_data":13312},"model":"slot_1:ak47/pull_1"},
		{"predicate":{"custom_model_data":13313},"model":"slot_1:ak47/pull_2"},

		{"predicate":{"custom_model_data":13400},"model":"slot_1:m4a1-s/drop"},
		{"predicate":{"custom_model_data":13401},"model":"slot_1:m4a1-s/default"},
		{"predicate":{"custom_model_data":13402},"model":"slot_1:m4a1-s/take_1"},
		{"predicate":{"custom_model_data":13403},"model":"slot_1:m4a1-s/take_2"},
		{"predicate":{"custom_model_data":13404},"model":"slot_1:m4a1-s/take_3"},
		{"predicate":{"custom_model_data":13405},"model":"slot_1:m4a1-s/take_4"},
		{"predicate":{"custom_model_data":13406},"model":"slot_1:m4a1-s/take_5"},
		{"predicate":{"custom_model_data":13407},"model":"slot_1:m4a1-s/fire_1"},
		{"predicate":{"custom_model_data":13408},"model":"slot_1:m4a1-s/reload_1"},
		{"predicate":{"custom_model_data":13409},"model":"slot_1:m4a1-s/reload_2"},
		{"predicate":{"custom_model_data":13410},"model":"slot_1:m4a1-s/reload_3"},
		{"predicate":{"custom_model_data":13411},"model":"slot_1:m4a1-s/reload_4"},
		{"predicate":{"custom_model_data":13412},"model":"slot_1:m4a1-s/pull_1"},
		{"predicate":{"custom_model_data":13413},"model":"slot_1:m4a1-s/pull_2"},
		{"predicate":{"custom_model_data":13414},"model":"slot_1:m4a1-s/special_1"},
		{"predicate":{"custom_model_data":13415},"model":"slot_1:m4a1-s/special_2"},
		{"predicate":{"custom_model_data":13416},"model":"slot_1:m4a1-s/special_3"},

		{"predicate":{"custom_model_data":13500},"model":"slot_1:sg553/drop"},
		{"predicate":{"custom_model_data":13501},"model":"slot_1:sg553/default"},
		{"predicate":{"custom_model_data":13502},"model":"slot_1:sg553/take_1"},
		{"predicate":{"custom_model_data":13503},"model":"slot_1:sg553/take_2"},
		{"predicate":{"custom_model_data":13504},"model":"slot_1:sg553/take_3"},
		{"predicate":{"custom_model_data":13505},"model":"slot_1:sg553/take_4"},
		{"predicate":{"custom_model_data":13506},"model":"slot_1:sg553/take_5"},
		{"predicate":{"custom_model_data":13507},"model":"slot_1:sg553/fire_1"},
		{"predicate":{"custom_model_data":13508},"model":"slot_1:sg553/reload_1"},
		{"predicate":{"custom_model_data":13509},"model":"slot_1:sg553/reload_2"},
		{"predicate":{"custom_model_data":13510},"model":"slot_1:sg553/reload_3"},
		{"predicate":{"custom_model_data":13511},"model":"slot_1:sg553/reload_4"},
		{"predicate":{"custom_model_data":13512},"model":"slot_1:sg553/pull_1"},
		{"predicate":{"custom_model_data":13513},"model":"slot_1:sg553/pull_2"},
		{"predicate":{"custom_model_data":13514},"model":"slot_1:sg553/special_1"},
		{"predicate":{"custom_model_data":13515},"model":"slot_1:sg553/special_2"},
		{"predicate":{"custom_model_data":13516},"model":"slot_1:sg553/special_3"},

		{"predicate":{"custom_model_data":13600},"model":"slot_1:aug/drop"},
		{"predicate":{"custom_model_data":13601},"model":"slot_1:aug/default"},
		{"predicate":{"custom_model_data":13602},"model":"slot_1:aug/take_1"},
		{"predicate":{"custom_model_data":13603},"model":"slot_1:aug/take_2"},
		{"predicate":{"custom_model_data":13604},"model":"slot_1:aug/take_3"},
		{"predicate":{"custom_model_data":13605},"model":"slot_1:aug/take_4"},
		{"predicate":{"custom_model_data":13606},"model":"slot_1:aug/take_5"},
		{"predicate":{"custom_model_data":13607},"model":"slot_1:aug/fire_1"},
		{"predicate":{"custom_model_data":13608},"model":"slot_1:aug/reload_1"},
		{"predicate":{"custom_model_data":13609},"model":"slot_1:aug/reload_2"},
		{"predicate":{"custom_model_data":13610},"model":"slot_1:aug/reload_3"},
		{"predicate":{"custom_model_data":13611},"model":"slot_1:aug/reload_4"},
		{"predicate":{"custom_model_data":13612},"model":"slot_1:aug/pull_1"},
		{"predicate":{"custom_model_data":13613},"model":"slot_1:aug/pull_2"},
		{"predicate":{"custom_model_data":13614},"model":"slot_1:aug/special_1"},
		{"predicate":{"custom_model_data":13615},"model":"slot_1:aug/special_2"},
		{"predicate":{"custom_model_data":13616},"model":"slot_1:aug/special_3"},

		{"predicate":{"custom_model_data":13700},"model":"slot_1:ssg08/drop"},
		{"predicate":{"custom_model_data":13701},"model":"slot_1:ssg08/default"},
		{"predicate":{"custom_model_data":13702},"model":"slot_1:ssg08/take_1"},
		{"predicate":{"custom_model_data":13703},"model":"slot_1:ssg08/take_2"},
		{"predicate":{"custom_model_data":13704},"model":"slot_1:ssg08/take_3"},
		{"predicate":{"custom_model_data":13705},"model":"slot_1:ssg08/take_4"},
		{"predicate":{"custom_model_data":13706},"model":"slot_1:ssg08/take_5"},
		{"predicate":{"custom_model_data":13707},"model":"slot_1:ssg08/fire_1"},
		{"predicate":{"custom_model_data":13708},"model":"slot_1:ssg08/reload_1"},
		{"predicate":{"custom_model_data":13709},"model":"slot_1:ssg08/reload_2"},
		{"predicate":{"custom_model_data":13710},"model":"slot_1:ssg08/reload_3"},
		{"predicate":{"custom_model_data":13711},"model":"slot_1:ssg08/reload_4"},
		{"predicate":{"custom_model_data":13712},"model":"slot_1:ssg08/pull_1"},
		{"predicate":{"custom_model_data":13713},"model":"slot_1:ssg08/pull_2"},
		{"predicate":{"custom_model_data":13714},"model":"slot_1:ssg08/special_1"},
		{"predicate":{"custom_model_data":13715},"model":"slot_1:ssg08/special_2"},
		{"predicate":{"custom_model_data":13716},"model":"slot_1:ssg08/special_3"},

		{"predicate":{"custom_model_data":13800},"model":"slot_1:scar20/drop"},
		{"predicate":{"custom_model_data":13801},"model":"slot_1:scar20/default"},
		{"predicate":{"custom_model_data":13802},"model":"slot_1:scar20/take_1"},
		{"predicate":{"custom_model_data":13803},"model":"slot_1:scar20/take_2"},
		{"predicate":{"custom_model_data":13804},"model":"slot_1:scar20/take_3"},
		{"predicate":{"custom_model_data":13805},"model":"slot_1:scar20/take_4"},
		{"predicate":{"custom_model_data":13806},"model":"slot_1:scar20/take_5"},
		{"predicate":{"custom_model_data":13807},"model":"slot_1:scar20/fire_1"},
		{"predicate":{"custom_model_data":13808},"model":"slot_1:scar20/reload_1"},
		{"predicate":{"custom_model_data":13809},"model":"slot_1:scar20/reload_2"},
		{"predicate":{"custom_model_data":13810},"model":"slot_1:scar20/reload_3"},
		{"predicate":{"custom_model_data":13811},"model":"slot_1:scar20/reload_4"},
		{"predicate":{"custom_model_data":13812},"model":"slot_1:scar20/pull_1"},
		{"predicate":{"custom_model_data":13813},"model":"slot_1:scar20/pull_2"},
		{"predicate":{"custom_model_data":13814},"model":"slot_1:scar20/special_1"},
		{"predicate":{"custom_model_data":13815},"model":"slot_1:scar20/special_2"},
		{"predicate":{"custom_model_data":13816},"model":"slot_1:scar20/special_3"},

		{"predicate":{"custom_model_data":13900},"model":"slot_1:awp/drop"},
		{"predicate":{"custom_model_data":13901},"model":"slot_1:awp/default"},
		{"predicate":{"custom_model_data":13902},"model":"slot_1:awp/take_1"},
		{"predicate":{"custom_model_data":13903},"model":"slot_1:awp/take_2"},
		{"predicate":{"custom_model_data":13904},"model":"slot_1:awp/take_3"},
		{"predicate":{"custom_model_data":13905},"model":"slot_1:awp/take_4"},
		{"predicate":{"custom_model_data":13906},"model":"slot_1:awp/take_5"},
		{"predicate":{"custom_model_data":13907},"model":"slot_1:awp/fire_1"},
		{"predicate":{"custom_model_data":13908},"model":"slot_1:awp/reload_1"},
		{"predicate":{"custom_model_data":13909},"model":"slot_1:awp/reload_2"},
		{"predicate":{"custom_model_data":13910},"model":"slot_1:awp/reload_3"},
		{"predicate":{"custom_model_data":13911},"model":"slot_1:awp/reload_4"},
		{"predicate":{"custom_model_data":13912},"model":"slot_1:awp/pull_1"},
		{"predicate":{"custom_model_data":13913},"model":"slot_1:awp/pull_2"},
		{"predicate":{"custom_model_data":13914},"model":"slot_1:awp/special_1"},
		{"predicate":{"custom_model_data":13915},"model":"slot_1:awp/special_2"},
		{"predicate":{"custom_model_data":13916},"model":"slot_1:awp/special_3"},

		{"predicate":{"custom_model_data":20100},"model":"slot_2:glock/drop"},
		{"predicate":{"custom_model_data":20101},"model":"slot_2:glock/default"},
		{"predicate":{"custom_model_data":20102},"model":"slot_2:glock/take_1"},
		{"predicate":{"custom_model_data":20103},"model":"slot_2:glock/take_2"},
		{"predicate":{"custom_model_data":20104},"model":"slot_2:glock/take_3"},
		{"predicate":{"custom_model_data":20105},"model":"slot_2:glock/take_4"},
		{"predicate":{"custom_model_data":20106},"model":"slot_2:glock/take_5"},
		{"predicate":{"custom_model_data":20107},"model":"slot_2:glock/fire_1"},
		{"predicate":{"custom_model_data":20108},"model":"slot_2:glock/reload_1"},
		{"predicate":{"custom_model_data":20109},"model":"slot_2:glock/reload_2"},
		{"predicate":{"custom_model_data":20110},"model":"slot_2:glock/reload_3"},
		{"predicate":{"custom_model_data":20111},"model":"slot_2:glock/reload_4"},
		{"predicate":{"custom_model_data":20112},"model":"slot_2:glock/pull_1"},
		{"predicate":{"custom_model_data":20113},"model":"slot_2:glock/pull_2"},

		{"predicate":{"custom_model_data":20200},"model":"slot_2:usp/drop"},
		{"predicate":{"custom_model_data":20201},"model":"slot_2:usp/default"},
		{"predicate":{"custom_model_data":20202},"model":"slot_2:usp/take_1"},
		{"predicate":{"custom_model_data":20203},"model":"slot_2:usp/take_2"},
		{"predicate":{"custom_model_data":20204},"model":"slot_2:usp/take_3"},
		{"predicate":{"custom_model_data":20205},"model":"slot_2:usp/take_4"},
		{"predicate":{"custom_model_data":20206},"model":"slot_2:usp/take_5"},
		{"predicate":{"custom_model_data":20207},"model":"slot_2:usp/fire_1"},
		{"predicate":{"custom_model_data":20208},"model":"slot_2:usp/reload_1"},
		{"predicate":{"custom_model_data":20209},"model":"slot_2:usp/reload_2"},
		{"predicate":{"custom_model_data":20210},"model":"slot_2:usp/reload_3"},
		{"predicate":{"custom_model_data":20211},"model":"slot_2:usp/reload_4"},
		{"predicate":{"custom_model_data":20212},"model":"slot_2:usp/pull_1"},
		{"predicate":{"custom_model_data":20213},"model":"slot_2:usp/pull_2"},
		{"predicate":{"custom_model_data":20214},"model":"slot_2:usp/special_1"},
		{"predicate":{"custom_model_data":20215},"model":"slot_2:usp/special_2"},
		{"predicate":{"custom_model_data":20216},"model":"slot_2:usp/special_3"},

		{"predicate":{"custom_model_data":20300},"model":"slot_2:deagle/drop"},
		{"predicate":{"custom_model_data":20301},"model":"slot_2:deagle/default"},
		{"predicate":{"custom_model_data":20302},"model":"slot_2:deagle/take_1"},
		{"predicate":{"custom_model_data":20303},"model":"slot_2:deagle/take_2"},
		{"predicate":{"custom_model_data":20304},"model":"slot_2:deagle/take_3"},
		{"predicate":{"custom_model_data":20305},"model":"slot_2:deagle/take_4"},
		{"predicate":{"custom_model_data":20306},"model":"slot_2:deagle/take_5"},
		{"predicate":{"custom_model_data":20307},"model":"slot_2:deagle/fire_1"},
		{"predicate":{"custom_model_data":20308},"model":"slot_2:deagle/reload_1"},
		{"predicate":{"custom_model_data":20309},"model":"slot_2:deagle/reload_2"},
		{"predicate":{"custom_model_data":20310},"model":"slot_2:deagle/reload_3"},
		{"predicate":{"custom_model_data":20311},"model":"slot_2:deagle/reload_4"},
		{"predicate":{"custom_model_data":20312},"model":"slot_2:deagle/pull_1"},
		{"predicate":{"custom_model_data":20313},"model":"slot_2:deagle/pull_2"},
		{"predicate":{"custom_model_data":20314},"model":"slot_2:deagle/special_1"},
		{"predicate":{"custom_model_data":20315},"model":"slot_2:deagle/special_2"},
		{"predicate":{"custom_model_data":20316},"model":"slot_2:deagle/special_3"},

		{"predicate":{"custom_model_data":20400},"model":"slot_2:tec9/drop"},
		{"predicate":{"custom_model_data":20401},"model":"slot_2:tec9/default"},
		{"predicate":{"custom_model_data":20402},"model":"slot_2:tec9/take_1"},
		{"predicate":{"custom_model_data":20403},"model":"slot_2:tec9/take_2"},
		{"predicate":{"custom_model_data":20404},"model":"slot_2:tec9/take_3"},
		{"predicate":{"custom_model_data":20405},"model":"slot_2:tec9/take_4"},
		{"predicate":{"custom_model_data":20406},"model":"slot_2:tec9/take_5"},
		{"predicate":{"custom_model_data":20407},"model":"slot_2:tec9/fire_1"},
		{"predicate":{"custom_model_data":20408},"model":"slot_2:tec9/reload_1"},
		{"predicate":{"custom_model_data":20409},"model":"slot_2:tec9/reload_2"},
		{"predicate":{"custom_model_data":20410},"model":"slot_2:tec9/reload_3"},
		{"predicate":{"custom_model_data":20411},"model":"slot_2:tec9/reload_4"},
		{"predicate":{"custom_model_data":20412},"model":"slot_2:tec9/pull_1"},
		{"predicate":{"custom_model_data":20413},"model":"slot_2:tec9/pull_2"},

		{"predicate":{"custom_model_data":20500},"model":"slot_2:fn57/drop"},
		{"predicate":{"custom_model_data":20501},"model":"slot_2:fn57/default"},
		{"predicate":{"custom_model_data":20502},"model":"slot_2:fn57/take_1"},
		{"predicate":{"custom_model_data":20503},"model":"slot_2:fn57/take_2"},
		{"predicate":{"custom_model_data":20504},"model":"slot_2:fn57/take_3"},
		{"predicate":{"custom_model_data":20505},"model":"slot_2:fn57/take_4"},
		{"predicate":{"custom_model_data":20506},"model":"slot_2:fn57/take_5"},
		{"predicate":{"custom_model_data":20507},"model":"slot_2:fn57/fire_1"},
		{"predicate":{"custom_model_data":20508},"model":"slot_2:fn57/reload_1"},
		{"predicate":{"custom_model_data":20509},"model":"slot_2:fn57/reload_2"},
		{"predicate":{"custom_model_data":20510},"model":"slot_2:fn57/reload_3"},
		{"predicate":{"custom_model_data":20511},"model":"slot_2:fn57/reload_4"},
		{"predicate":{"custom_model_data":20512},"model":"slot_2:fn57/pull_1"},
		{"predicate":{"custom_model_data":20513},"model":"slot_2:fn57/pull_2"},

		{"predicate":{"custom_model_data":20600},"model":"slot_2:colt1911/drop"},
		{"predicate":{"custom_model_data":20601},"model":"slot_2:colt1911/default"},
		{"predicate":{"custom_model_data":20602},"model":"slot_2:colt1911/take_1"},
		{"predicate":{"custom_model_data":20603},"model":"slot_2:colt1911/take_2"},
		{"predicate":{"custom_model_data":20604},"model":"slot_2:colt1911/take_3"},
		{"predicate":{"custom_model_data":20605},"model":"slot_2:colt1911/take_4"},
		{"predicate":{"custom_model_data":20606},"model":"slot_2:colt1911/take_5"},
		{"predicate":{"custom_model_data":20607},"model":"slot_2:colt1911/fire_1"},
		{"predicate":{"custom_model_data":20608},"model":"slot_2:colt1911/reload_1"},
		{"predicate":{"custom_model_data":20609},"model":"slot_2:colt1911/reload_2"},
		{"predicate":{"custom_model_data":20610},"model":"slot_2:colt1911/reload_3"},
		{"predicate":{"custom_model_data":20611},"model":"slot_2:colt1911/reload_4"},
		{"predicate":{"custom_model_data":20612},"model":"slot_2:colt1911/pull_1"},
		{"predicate":{"custom_model_data":20613},"model":"slot_2:colt1911/pull_2"},

		{"predicate":{"custom_model_data":30100},"model":"slot_3:zeus/drop"},
		{"predicate":{"custom_model_data":30101},"model":"slot_3:zeus/default"},
		{"predicate":{"custom_model_data":30102},"model":"slot_3:zeus/take_1"},
		{"predicate":{"custom_model_data":30103},"model":"slot_3:zeus/take_2"},
		{"predicate":{"custom_model_data":30104},"model":"slot_3:zeus/take_3"},
		{"predicate":{"custom_model_data":30105},"model":"slot_3:zeus/take_4"},
		{"predicate":{"custom_model_data":30106},"model":"slot_3:zeus/take_5"},
		{"predicate":{"custom_model_data":30107},"model":"slot_3:zeus/fire_1"},
		{"predicate":{"custom_model_data":30108},"model":"slot_3:zeus/reload_1"},
		{"predicate":{"custom_model_data":30109},"model":"slot_3:zeus/reload_2"},
		{"predicate":{"custom_model_data":30110},"model":"slot_3:zeus/reload_3"},

		{"predicate":{"custom_model_data":31100},"model":"slot_3:knife_1/drop"},
		{"predicate":{"custom_model_data":31101},"model":"slot_3:knife_1/default"},
		{"predicate":{"custom_model_data":31102},"model":"slot_3:knife_1/take_1"},
		{"predicate":{"custom_model_data":31103},"model":"slot_3:knife_1/take_2"},
		{"predicate":{"custom_model_data":31104},"model":"slot_3:knife_1/take_3"},
		{"predicate":{"custom_model_data":31105},"model":"slot_3:knife_1/take_4"},
		{"predicate":{"custom_model_data":31106},"model":"slot_3:knife_1/take_5"},
		{"predicate":{"custom_model_data":31107},"model":"slot_3:knife_1/fire_1"},

		{"predicate":{"custom_model_data":31200},"model":"slot_3:knife_2/drop"},
		{"predicate":{"custom_model_data":31201},"model":"slot_3:knife_2/default"},
		{"predicate":{"custom_model_data":31202},"model":"slot_3:knife_2/take_1"},
		{"predicate":{"custom_model_data":31203},"model":"slot_3:knife_2/take_2"},
		{"predicate":{"custom_model_data":31204},"model":"slot_3:knife_2/take_3"},
		{"predicate":{"custom_model_data":31205},"model":"slot_3:knife_2/take_4"},
		{"predicate":{"custom_model_data":31206},"model":"slot_3:knife_2/take_5"},
		{"predicate":{"custom_model_data":31207},"model":"slot_3:knife_2/fire_1"},

		{"predicate":{"custom_model_data":32100},"model":"slot_3:sword_1/drop"},
		{"predicate":{"custom_model_data":32101},"model":"slot_3:sword_1/default"},
		{"predicate":{"custom_model_data":32102},"model":"slot_3:sword_1/take_1"},
		{"predicate":{"custom_model_data":32103},"model":"slot_3:sword_1/take_2"},
		{"predicate":{"custom_model_data":32104},"model":"slot_3:sword_1/take_3"},
		{"predicate":{"custom_model_data":32105},"model":"slot_3:sword_1/take_4"},
		{"predicate":{"custom_model_data":32106},"model":"slot_3:sword_1/take_5"},
		{"predicate":{"custom_model_data":32107},"model":"slot_3:sword_1/fire_1"},

		{"predicate":{"custom_model_data":32200},"model":"slot_3:sword_2/drop"},
		{"predicate":{"custom_model_data":32201},"model":"slot_3:sword_2/default"},
		{"predicate":{"custom_model_data":32202},"model":"slot_3:sword_2/take_1"},
		{"predicate":{"custom_model_data":32203},"model":"slot_3:sword_2/take_2"},
		{"predicate":{"custom_model_data":32204},"model":"slot_3:sword_2/take_3"},
		{"predicate":{"custom_model_data":32205},"model":"slot_3:sword_2/take_4"},
		{"predicate":{"custom_model_data":32206},"model":"slot_3:sword_2/take_5"},
		{"predicate":{"custom_model_data":32207},"model":"slot_3:sword_2/fire_1"},


		{"predicate":{"custom_model_data":40100},"model":"slot_4:grenade/drop"},
		{"predicate":{"custom_model_data":40101},"model":"slot_4:grenade/default"},
		{"predicate":{"custom_model_data":40102},"model":"slot_4:grenade/take_1"},
		{"predicate":{"custom_model_data":40103},"model":"slot_4:grenade/take_2"},
		{"predicate":{"custom_model_data":40104},"model":"slot_4:grenade/take_3"},
		{"predicate":{"custom_model_data":40105},"model":"slot_4:grenade/take_4"},
		{"predicate":{"custom_model_data":40106},"model":"slot_4:grenade/take_5"},
		{"predicate":{"custom_model_data":40107},"model":"slot_4:grenade/fire_1"},

		{"predicate":{"custom_model_data":40200},"model":"slot_4:smoke/drop"},
		{"predicate":{"custom_model_data":40201},"model":"slot_4:smoke/default"},
		{"predicate":{"custom_model_data":40202},"model":"slot_4:smoke/take_1"},
		{"predicate":{"custom_model_data":40203},"model":"slot_4:smoke/take_2"},
		{"predicate":{"custom_model_data":40204},"model":"slot_4:smoke/take_3"},
		{"predicate":{"custom_model_data":40205},"model":"slot_4:smoke/take_4"},
		{"predicate":{"custom_model_data":40206},"model":"slot_4:smoke/take_5"},
		{"predicate":{"custom_model_data":40207},"model":"slot_4:smoke/fire_1"},

		{"predicate":{"custom_model_data":40300},"model":"slot_4:flash/drop"},
		{"predicate":{"custom_model_data":40301},"model":"slot_4:flash/default"},
		{"predicate":{"custom_model_data":40302},"model":"slot_4:flash/take_1"},
		{"predicate":{"custom_model_data":40303},"model":"slot_4:flash/take_2"},
		{"predicate":{"custom_model_data":40304},"model":"slot_4:flash/take_3"},
		{"predicate":{"custom_model_data":40305},"model":"slot_4:flash/take_4"},
		{"predicate":{"custom_model_data":40306},"model":"slot_4:flash/take_5"},
		{"predicate":{"custom_model_data":40307},"model":"slot_4:flash/fire_1"},

		{"predicate":{"custom_model_data":40400},"model":"slot_4:molotov/drop"},
		{"predicate":{"custom_model_data":40401},"model":"slot_4:molotov/default"},
		{"predicate":{"custom_model_data":40402},"model":"slot_4:molotov/take_1"},
		{"predicate":{"custom_model_data":40403},"model":"slot_4:molotov/take_2"},
		{"predicate":{"custom_model_data":40404},"model":"slot_4:molotov/take_3"},
		{"predicate":{"custom_model_data":40405},"model":"slot_4:molotov/take_4"},
		{"predicate":{"custom_model_data":40406},"model":"slot_4:molotov/take_5"},
		{"predicate":{"custom_model_data":40407},"model":"slot_4:molotov/fire_1"},

		{"predicate":{"custom_model_data":40500},"model":"slot_4:incendiary/drop"},
		{"predicate":{"custom_model_data":40501},"model":"slot_4:incendiary/default"},
		{"predicate":{"custom_model_data":40502},"model":"slot_4:incendiary/take_1"},
		{"predicate":{"custom_model_data":40503},"model":"slot_4:incendiary/take_2"},
		{"predicate":{"custom_model_data":40504},"model":"slot_4:incendiary/take_3"},
		{"predicate":{"custom_model_data":40505},"model":"slot_4:incendiary/take_4"},
		{"predicate":{"custom_model_data":40506},"model":"slot_4:incendiary/take_5"},
		{"predicate":{"custom_model_data":40507},"model":"slot_4:incendiary/fire_1"},

		{"predicate":{"custom_model_data":40600},"model":"slot_4:claymore/drop"},
		{"predicate":{"custom_model_data":40601},"model":"slot_4:claymore/default"},
		{"predicate":{"custom_model_data":40602},"model":"slot_4:claymore/take_1"},
		{"predicate":{"custom_model_data":40603},"model":"slot_4:claymore/take_2"},
		{"predicate":{"custom_model_data":40604},"model":"slot_4:claymore/take_3"},
		{"predicate":{"custom_model_data":40605},"model":"slot_4:claymore/take_4"},
		{"predicate":{"custom_model_data":40606},"model":"slot_4:claymore/take_5"},
		{"predicate":{"custom_model_data":40607},"model":"slot_4:claymore/fire_1"},

		{"predicate":{"custom_model_data":40700},"model":"slot_4:drone/drop"},
		{"predicate":{"custom_model_data":40701},"model":"slot_4:drone/default"},
		{"predicate":{"custom_model_data":40702},"model":"slot_4:drone/take_1"},
		{"predicate":{"custom_model_data":40703},"model":"slot_4:drone/take_2"},
		{"predicate":{"custom_model_data":40704},"model":"slot_4:drone/take_3"},
		{"predicate":{"custom_model_data":40705},"model":"slot_4:drone/take_4"},
		{"predicate":{"custom_model_data":40706},"model":"slot_4:drone/take_5"},
		{"predicate":{"custom_model_data":40707},"model":"slot_4:drone/fire_1"},

		{"predicate":{"custom_model_data":40800},"model":"slot_4:aid/drop"},
		{"predicate":{"custom_model_data":40801},"model":"slot_4:aid/default"},
		{"predicate":{"custom_model_data":40802},"model":"slot_4:aid/take_1"},
		{"predicate":{"custom_model_data":40803},"model":"slot_4:aid/take_2"},
		{"predicate":{"custom_model_data":40804},"model":"slot_4:aid/take_3"},
		{"predicate":{"custom_model_data":40805},"model":"slot_4:aid/take_4"},
		{"predicate":{"custom_model_data":40806},"model":"slot_4:aid/take_5"},
		{"predicate":{"custom_model_data":40807},"model":"slot_4:aid/fire_1"},

		{"predicate":{"custom_model_data":50100},"model":"slot_5:c4/drop"},
		{"predicate":{"custom_model_data":50101},"model":"slot_5:c4/default"},
		{"predicate":{"custom_model_data":50102},"model":"slot_5:c4/take_1"},
		{"predicate":{"custom_model_data":50103},"model":"slot_5:c4/take_2"},
		{"predicate":{"custom_model_data":50104},"model":"slot_5:c4/take_3"},
		{"predicate":{"custom_model_data":50105},"model":"slot_5:c4/take_4"},
		{"predicate":{"custom_model_data":50106},"model":"slot_5:c4/take_5"},
		{"predicate":{"custom_model_data":50107},"model":"slot_5:c4/plant_1"},
		{"predicate":{"custom_model_data":50108},"model":"slot_5:c4/plant_2"},
		{"predicate":{"custom_model_data":50109},"model":"slot_5:c4/plant_3"},
		{"predicate":{"custom_model_data":50110},"model":"slot_5:c4/plant_4"},
		{"predicate":{"custom_model_data":50111},"model":"slot_5:c4/plant_5"},
		{"predicate":{"custom_model_data":50112},"model":"slot_5:c4/plant_6"},
		{"predicate":{"custom_model_data":50113},"model":"slot_5:c4/plant_7"},

		{"predicate":{"custom_model_data":50200},"model":"slot_5:defuser/drop"},
		{"predicate":{"custom_model_data":50201},"model":"slot_5:defuser/default"},
		{"predicate":{"custom_model_data":50202},"model":"slot_5:defuser/take_1"},
		{"predicate":{"custom_model_data":50203},"model":"slot_5:defuser/take_2"},
		{"predicate":{"custom_model_data":50204},"model":"slot_5:defuser/take_3"},
		{"predicate":{"custom_model_data":50205},"model":"slot_5:defuser/take_4"},
		{"predicate":{"custom_model_data":50206},"model":"slot_5:defuser/take_5"}
	]
}