{
	"credit": "Made with Blockbench",
	"texture_size": [65, 65],
	"textures": {
		"0": "item/card",
		"particle": "item/card"
	},
	"elements": [
		{
			"from": [6, 0, 2],
			"to": [8, 20, 15],
			"faces": {
				"north": {"uv": [2.95385, 0, 3.2, 16], "texture": "#0"},
				"east": {"uv": [13.04615, 0, 2.95385, 16], "texture": "#0"},
				"south": {"uv": [12.8, 0, 13.04615, 16], "texture": "#0"},
				"west": {"uv": [2.95385, 0, 13.04615, 16], "texture": "#0"},
				"up": {"uv": [2.95385, 0, 13.04615, 0.24615], "rotation": 90, "texture": "#0"},
				"down": {"uv": [13.04615, 15.75385, 2.95385, 16], "rotation": 90, "texture": "#0"}
			}
		},
		{
			"from": [6.05, 0.35, 2.35],
			"to": [7.95, 19.65, 14.65],
			"faces": {
				"north": {"uv": [5.26153, 15.87692, 6.12307, 16], "texture": "#0"},
				"east": {"uv": [4.50769, 15.87692, 6.10769, 16], "texture": "#0"},
				"south": {"uv": [5.94531, 15.87692, 4.83762, 16], "texture": "#0"},
				"west": {"uv": [4.76922, 15.75385, 5.99999, 16], "texture": "#0"},
				"up": {"uv": [6.15385, 16, 4.92308, 15.75385], "rotation": 90, "texture": "#0"},
				"down": {"uv": [5.87691, 15.87692, 5.01538, 16], "rotation": 90, "texture": "#0"}
			}
		}
	],
	"display": {
		"thirdperson_righthand": {
			"scale": [0.2, 0.2, 0.2]
		},
		"thirdperson_lefthand": {
			"scale": [0.2, 0.2, 0.2]
		},
		"firstperson_righthand": {
			"rotation": [-10.75, 60.75, 0],
			"translation": [-0.5, 4.25, 0],
			"scale": [0.5, 0.5, 0.5]
		},
		"firstperson_lefthand": {
			"rotation": [0, 29.75, 0],
			"scale": [0, 0, 0]
		},
		"gui": {
			"rotation": [-180, 79.5, -180],
			"translation": [-0.5, -1.5, 0],
			"scale": [0.7, 0.7, 0.7]
		}
	}
}