{
"providers": [{"type": "bitmap","file": "circle_transition/circle_0.png","ascent": 128,"height": 256,"chars": ["\uE000"],"shift": [0, 0]},{"type": "bitmap","file": "circle_transition/circle_1.png","ascent": 128,"height": 256,"chars": ["\uE001"],"shift": [0, 0]},{"type": "bitmap","file": "circle_transition/circle_2.png","ascent": 128,"height": 256,"chars": ["\uE002"],"shift": [0, 0]},{"type": "bitmap","file": "circle_transition/circle_3.png","ascent": 128,"height": 256,"chars": ["\uE003"],"shift": [0, 0]},{"type": "bitmap","file": "circle_transition/circle_4.png","ascent": 128,"height": 256,"chars": ["\uE004"],"shift": [0, 0]},{"type": "bitmap","file": "circle_transition/circle_5.png","ascent": 128,"height": 256,"chars": ["\uE005"],"shift": [0, 0]},{"type": "bitmap","file": "circle_transition/circle_6.png","ascent": 128,"height": 256,"chars": ["\uE006"],"shift": [0, 0]},{"type": "bitmap","file": "circle_transition/circle_7.png","ascent": 128,"height": 256,"chars": ["\uE007"],"shift": [0, 0]},{"type": "bitmap","file": "circle_transition/circle_8.png","ascent": 128,"height": 256,"chars": ["\uE008"],"shift": [0, 0]},{"type": "bitmap","file": "circle_transition/circle_9.png","ascent": 128,"height": 256,"chars": ["\uE009"],"shift": [0, 0]},{"type": "bitmap","file": "circle_transition/circle_10.png","ascent": 128,"height": 256,"chars": ["\uE010"],"shift": [0, 0]},{"type": "bitmap","file": "circle_transition/circle_11.png","ascent": 128,"height": 256,"chars": ["\uE011"],"shift": [0, 0]},{"type": "bitmap","file": "circle_transition/circle_12.png","ascent": 128,"height": 256,"chars": ["\uE012"],"shift": [0, 0]},{"type": "bitmap","file": "circle_transition/circle_13.png","ascent": 128,"height": 256,"chars": ["\uE013"],"shift": [0, 0]},{"type": "bitmap","file": "circle_transition/circle_14.png","ascent": 128,"height": 256,"chars": ["\uE014"],"shift": [0, 0]},{"type": "bitmap","file": "circle_transition/circle_15.png","ascent": 128,"height": 256,"chars": ["\uE015"],"shift": [0, 0]},{"type": "bitmap","file": "circle_transition/circle_16.png","ascent": 128,"height": 256,"chars": ["\uE016"],"shift": [0, 0]},{"type": "bitmap","file": "circle_transition/circle_17.png","ascent": 128,"height": 256,"chars": ["\uE017"],"shift": [0, 0]},{"type": "bitmap","file": "circle_transition/circle_18.png","ascent": 128,"height": 256,"chars": ["\uE018"],"shift": [0, 0]},{"type": "bitmap","file": "circle_transition/circle_19.png","ascent": 128,"height": 256,"chars": ["\uE019"],"shift": [0, 0]},{"type": "bitmap","file": "circle_transition/circle_20.png","ascent": 128,"height": 256,"chars": ["\uE020"],"shift": [0, 0]},{"type": "bitmap","file": "circle_transition/circle_21.png","ascent": 128,"height": 256,"chars": ["\uE021"],"shift": [0, 0]},{"type": "bitmap","file": "circle_transition/circle_22.png","ascent": 128,"height": 256,"chars": ["\uE022"],"shift": [0, 0]},{"type": "bitmap","file": "circle_transition/circle_23.png","ascent": 128,"height": 256,"chars": ["\uE023"],"shift": [0, 0]},{"type": "bitmap","file": "circle_transition/circle_24.png","ascent": 128,"height": 256,"chars": ["\uE024"],"shift": [0, 0]},{"type": "bitmap","file": "circle_transition/circle_25.png","ascent": 128,"height": 256,"chars": ["\uE025"],"shift": [0, 0]},{"type": "bitmap","file": "circle_transition/circle_26.png","ascent": 128,"height": 256,"chars": ["\uE026"],"shift": [0, 0]},{"type": "bitmap","file": "circle_transition/circle_27.png","ascent": 128,"height": 256,"chars": ["\uE027"],"shift": [0, 0]},{"type": "bitmap","file": "circle_transition/circle_28.png","ascent": 128,"height": 256,"chars": ["\uE028"],"shift": [0, 0]},{"type": "bitmap","file": "circle_transition/circle_29.png","ascent": 128,"height": 256,"chars": ["\uE029"],"shift": [0, 0]},{"type": "bitmap","file": "circle_transition/circle_30.png","ascent": 128,"height": 256,"chars": ["\uE030"],"shift": [0, 0]},{"type": "bitmap","file": "circle_transition/circle_31.png","ascent": 128,"height": 256,"chars": ["\uE031"],"shift": [0, 0]},{"type": "bitmap","file": "circle_transition/circle_32.png","ascent": 128,"height": 256,"chars": ["\uE032"],"shift": [0, 0]},{"type": "bitmap","file": "circle_transition/circle_33.png","ascent": 128,"height": 256,"chars": ["\uE033"],"shift": [0, 0]},{"type": "bitmap","file": "circle_transition/circle_34.png","ascent": 128,"height": 256,"chars": ["\uE034"],"shift": [0, 0]},{"type": "bitmap","file": "circle_transition/circle_35.png","ascent": 128,"height": 256,"chars": ["\uE035"],"shift": [0, 0]},{"type": "bitmap","file": "circle_transition/circle_36.png","ascent": 128,"height": 256,"chars": ["\uE036"],"shift": [0, 0]},{"type": "bitmap","file": "circle_transition/circle_37.png","ascent": 128,"height": 256,"chars": ["\uE037"],"shift": [0, 0]},{"type": "bitmap","file": "circle_transition/circle_38.png","ascent": 128,"height": 256,"chars": ["\uE038"],"shift": [0, 0]},{"type": "bitmap","file": "circle_transition/circle_39.png","ascent": 128,"height": 256,"chars": ["\uE039"],"shift": [0, 0]},{"type": "bitmap","file": "circle_transition/circle_40.png","ascent": 128,"height": 256,"chars": ["\uE040"],"shift": [0, 0]},{"type": "bitmap","file": "circle_transition/circle_41.png","ascent": 128,"height": 256,"chars": ["\uE041"],"shift": [0, 0]},{"type": "bitmap","file": "circle_transition/circle_42.png","ascent": 128,"height": 256,"chars": ["\uE042"],"shift": [0, 0]},{"type": "bitmap","file": "circle_transition/circle_43.png","ascent": 128,"height": 256,"chars": ["\uE043"],"shift": [0, 0]},{"type": "bitmap","file": "circle_transition/circle_44.png","ascent": 128,"height": 256,"chars": ["\uE044"],"shift": [0, 0]}]
}
