{
"providers": [{"type": "bitmap","file": "custom/dialog_background/background_0.png","ascent": -40,"height": 100,"chars": ["\uFFFF"],"shift": [0, 0]},{"type": "bitmap","file": "custom/dialog_background/sci_right_0.png","ascent": -40,"height": 100,"chars": ["\u3E81"],"shift": [0, 0]},{"type": "bitmap","file": "custom/dialog_background/sci_right_1.png","ascent": -40,"height": 100,"chars": ["\u3E92"],"shift": [0, 0]},{"type": "bitmap","file": "custom/dialog_background/yellow_0.png","ascent": -40,"height": 100,"chars": ["\u3EA1"],"shift": [0, 0]},{"type": "bitmap","file": "custom/dialog_background/yellow_1.png","ascent": -40,"height": 100,"chars": ["\u3EB2"],"shift": [0, 0]},{"type": "bitmap","file": "custom/dialog_background/sci_right_0.png","ascent": -40,"height": 100,"chars": ["\u3EC1"],"shift": [0, 0]},{"type": "bitmap","file": "custom/dialog_background/sci_right_1.png","ascent": -40,"height": 100,"chars": ["\u3ED2"],"shift": [0, 0]},{"type": "bitmap","file": "custom/dialog_background/sci_right_0.png","ascent": -40,"height": 100,"chars": ["\u3EE1"],"shift": [0, 0]},{"type": "bitmap","file": "custom/dialog_background/sci_right_1.png","ascent": -40,"height": 100,"chars": ["\u3EF2"],"shift": [0, 0]},{"type": "bitmap","file": "custom/dialog_background/yellow_0.png","ascent": -40,"height": 100,"chars": ["\u3F01"],"shift": [0, 0]},{"type": "bitmap","file": "custom/dialog_background/yellow_1.png","ascent": -40,"height": 100,"chars": ["\u3F12"],"shift": [0, 0]},{"type": "bitmap","file": "custom/dialog_background/sci_right_0.png","ascent": -40,"height": 100,"chars": ["\u3F21"],"shift": [0, 0]},{"type": "bitmap","file": "custom/dialog_background/sci_right_1.png","ascent": -40,"height": 100,"chars": ["\u3F32"],"shift": [0, 0]},{"type": "bitmap","file": "custom/dialog_background/yellow_0.png","ascent": -40,"height": 100,"chars": ["\u3F41"],"shift": [0, 0]},{"type": "bitmap","file": "custom/dialog_background/yellow_1.png","ascent": -40,"height": 100,"chars": ["\u3F52"],"shift": [0, 0]},{"type": "bitmap","file": "custom/dialog_background/yellow_0.png","ascent": -40,"height": 100,"chars": ["\u3F61"],"shift": [0, 0]},{"type": "bitmap","file": "custom/dialog_background/yellow_1.png","ascent": -40,"height": 100,"chars": ["\u3F72"],"shift": [0, 0]},{"type": "bitmap","file": "custom/dialog_background/sci_right_0.png","ascent": -40,"height": 100,"chars": ["\u3F81"],"shift": [0, 0]},{"type": "bitmap","file": "custom/dialog_background/sci_right_1.png","ascent": -40,"height": 100,"chars": ["\u3F92"],"shift": [0, 0]},{"type": "bitmap","file": "custom/dialog_background/yellow_0.png","ascent": -40,"height": 100,"chars": ["\u3FA1"],"shift": [0, 0]},{"type": "bitmap","file": "custom/dialog_background/yellow_1.png","ascent": -40,"height": 100,"chars": ["\u3FB2"],"shift": [0, 0]},{"type": "bitmap","file": "custom/dialog_background/yellow_0.png","ascent": -40,"height": 100,"chars": ["\u3FC1"],"shift": [0, 0]},{"type": "bitmap","file": "custom/dialog_background/yellow_1.png","ascent": -40,"height": 100,"chars": ["\u3FD2"],"shift": [0, 0]},{"type": "bitmap","file": "custom/dialog_background/yellow_0.png","ascent": -40,"height": 100,"chars": ["\u3FE1"],"shift": [0, 0]},{"type": "bitmap","file": "custom/dialog_background/yellow_1.png","ascent": -40,"height": 100,"chars": ["\u3FF2"],"shift": [0, 0]},{"type": "bitmap","file": "custom/dialog_background/yellow_0.png","ascent": -40,"height": 100,"chars": ["\u4001"],"shift": [0, 0]},{"type": "bitmap","file": "custom/dialog_background/yellow_1.png","ascent": -40,"height": 100,"chars": ["\u4012"],"shift": [0, 0]},{"type": "bitmap","file": "custom/dialog_background/yellow_0.png","ascent": -40,"height": 100,"chars": ["\u4021"],"shift": [0, 0]},{"type": "bitmap","file": "custom/dialog_background/yellow_1.png","ascent": -40,"height": 100,"chars": ["\u4032"],"shift": [0, 0]},{"type": "bitmap","file": "custom/dialog_background/blue_void_right_0.png","ascent": -40,"height": 100,"chars": ["\u4041"],"shift": [0, 0]},{"type": "bitmap","file": "custom/dialog_background/blue_void_right_1.png","ascent": -40,"height": 100,"chars": ["\u4052"],"shift": [0, 0]},{"type": "bitmap","file": "custom/dialog_background/wizard_0.png","ascent": -40,"height": 100,"chars": ["\u4061"],"shift": [0, 0]},{"type": "bitmap","file": "custom/dialog_background/wizard_1.png","ascent": -40,"height": 100,"chars": ["\u4072"],"shift": [0, 0]},{"type": "bitmap","file": "custom/dialog_background/blue_void_right_0.png","ascent": -40,"height": 100,"chars": ["\u4081"],"shift": [0, 0]},{"type": "bitmap","file": "custom/dialog_background/blue_void_right_1.png","ascent": -40,"height": 100,"chars": ["\u4092"],"shift": [0, 0]},{"type": "bitmap","file": "custom/dialog_background/blue_void_right_0.png","ascent": -40,"height": 100,"chars": ["\u40A1"],"shift": [0, 0]},{"type": "bitmap","file": "custom/dialog_background/blue_void_right_1.png","ascent": -40,"height": 100,"chars": ["\u40B2"],"shift": [0, 0]},{"type": "bitmap","file": "custom/dialog_background/wizard_0.png","ascent": -40,"height": 100,"chars": ["\u40C1"],"shift": [0, 0]},{"type": "bitmap","file": "custom/dialog_background/wizard_1.png","ascent": -40,"height": 100,"chars": ["\u40D2"],"shift": [0, 0]},{"type": "bitmap","file": "custom/dialog_background/blue_void_right_0.png","ascent": -40,"height": 100,"chars": ["\u40E1"],"shift": [0, 0]},{"type": "bitmap","file": "custom/dialog_background/blue_void_right_1.png","ascent": -40,"height": 100,"chars": ["\u40F2"],"shift": [0, 0]},{"type": "bitmap","file": "custom/dialog_background/blue_void_right_0.png","ascent": -40,"height": 100,"chars": ["\u4101"],"shift": [0, 0]},{"type": "bitmap","file": "custom/dialog_background/blue_void_right_1.png","ascent": -40,"height": 100,"chars": ["\u4112"],"shift": [0, 0]},{"type": "bitmap","file": "custom/dialog_background/wizard_alt_0.png","ascent": -40,"height": 100,"chars": ["\u4121"],"shift": [0, 0]},{"type": "bitmap","file": "custom/dialog_background/wizard_alt_1.png","ascent": -40,"height": 100,"chars": ["\u4132"],"shift": [0, 0]},{"type": "bitmap","file": "custom/dialog_background/wizard_alt_0.png","ascent": -40,"height": 100,"chars": ["\u4141"],"shift": [0, 0]},{"type": "bitmap","file": "custom/dialog_background/wizard_alt_1.png","ascent": -40,"height": 100,"chars": ["\u4152"],"shift": [0, 0]},{"type": "bitmap","file": "custom/dialog_background/wizard_alt_0.png","ascent": -40,"height": 100,"chars": ["\u4161"],"shift": [0, 0]},{"type": "bitmap","file": "custom/dialog_background/wizard_alt_1.png","ascent": -40,"height": 100,"chars": ["\u4172"],"shift": [0, 0]},{"type": "bitmap","file": "custom/dialog_background/wizard_alt_0.png","ascent": -40,"height": 100,"chars": ["\u4181"],"shift": [0, 0]},{"type": "bitmap","file": "custom/dialog_background/wizard_alt_1.png","ascent": -40,"height": 100,"chars": ["\u4192"],"shift": [0, 0]},{"type": "bitmap","file": "custom/dialog_background/blue_void_right_0.png","ascent": -40,"height": 100,"chars": ["\u41A1"],"shift": [0, 0]},{"type": "bitmap","file": "custom/dialog_background/blue_void_right_1.png","ascent": -40,"height": 100,"chars": ["\u41B2"],"shift": [0, 0]},{"type": "bitmap","file": "custom/dialog_background/blue_void_right_0.png","ascent": -40,"height": 100,"chars": ["\u41C1"],"shift": [0, 0]},{"type": "bitmap","file": "custom/dialog_background/blue_void_right_1.png","ascent": -40,"height": 100,"chars": ["\u41D2"],"shift": [0, 0]},{"type": "bitmap","file": "custom/dialog_background/wizard_alt_0.png","ascent": -40,"height": 100,"chars": ["\u41E1"],"shift": [0, 0]},{"type": "bitmap","file": "custom/dialog_background/wizard_alt_1.png","ascent": -40,"height": 100,"chars": ["\u41F2"],"shift": [0, 0]},{"type": "bitmap","file": "custom/dialog_background/blue_void_right_0.png","ascent": -40,"height": 100,"chars": ["\u4201"],"shift": [0, 0]},{"type": "bitmap","file": "custom/dialog_background/blue_void_right_1.png","ascent": -40,"height": 100,"chars": ["\u4212"],"shift": [0, 0]},{"type": "bitmap","file": "custom/dialog_background/blue_void_right_0.png","ascent": -40,"height": 100,"chars": ["\u4221"],"shift": [0, 0]},{"type": "bitmap","file": "custom/dialog_background/blue_void_right_1.png","ascent": -40,"height": 100,"chars": ["\u4232"],"shift": [0, 0]},{"type": "bitmap","file": "custom/dialog_background/wizard_alt_0.png","ascent": -40,"height": 100,"chars": ["\u4241"],"shift": [0, 0]},{"type": "bitmap","file": "custom/dialog_background/wizard_alt_1.png","ascent": -40,"height": 100,"chars": ["\u4252"],"shift": [0, 0]},{"type": "bitmap","file": "custom/dialog_background/blue_void_right_0.png","ascent": -40,"height": 100,"chars": ["\u4261"],"shift": [0, 0]},{"type": "bitmap","file": "custom/dialog_background/blue_void_right_1.png","ascent": -40,"height": 100,"chars": ["\u4272"],"shift": [0, 0]},{"type": "bitmap","file": "custom/dialog_background/wizard_alt_0.png","ascent": -40,"height": 100,"chars": ["\u4281"],"shift": [0, 0]},{"type": "bitmap","file": "custom/dialog_background/wizard_alt_1.png","ascent": -40,"height": 100,"chars": ["\u4292"],"shift": [0, 0]},{"type": "bitmap","file": "custom/dialog_background/blue_void_right_0.png","ascent": -40,"height": 100,"chars": ["\u42A1"],"shift": [0, 0]},{"type": "bitmap","file": "custom/dialog_background/blue_void_right_1.png","ascent": -40,"height": 100,"chars": ["\u42B2"],"shift": [0, 0]},{"type": "bitmap","file": "custom/dialog_background/blue_void_right_0.png","ascent": -40,"height": 100,"chars": ["\u42C1"],"shift": [0, 0]},{"type": "bitmap","file": "custom/dialog_background/blue_void_right_1.png","ascent": -40,"height": 100,"chars": ["\u42D2"],"shift": [0, 0]},{"type": "bitmap","file": "custom/dialog_background/blue_void_right_0.png","ascent": -40,"height": 100,"chars": ["\u42E1"],"shift": [0, 0]},{"type": "bitmap","file": "custom/dialog_background/blue_void_right_1.png","ascent": -40,"height": 100,"chars": ["\u42F2"],"shift": [0, 0]},{"type": "bitmap","file": "custom/dialog_background/blue_void_right_0.png","ascent": -40,"height": 100,"chars": ["\u4301"],"shift": [0, 0]},{"type": "bitmap","file": "custom/dialog_background/blue_void_right_1.png","ascent": -40,"height": 100,"chars": ["\u4312"],"shift": [0, 0]},{"type": "bitmap","file": "custom/dialog_background/wizard_alt_0.png","ascent": -40,"height": 100,"chars": ["\u4321"],"shift": [0, 0]},{"type": "bitmap","file": "custom/dialog_background/wizard_alt_1.png","ascent": -40,"height": 100,"chars": ["\u4332"],"shift": [0, 0]},{"type": "bitmap","file": "custom/dialog_background/blue_void_alt_0.png","ascent": -40,"height": 100,"chars": ["\u4341"],"shift": [0, 0]},{"type": "bitmap","file": "custom/dialog_background/blue_void_alt_1.png","ascent": -40,"height": 100,"chars": ["\u4352"],"shift": [0, 0]},{"type": "bitmap","file": "custom/dialog_background/aqua_0.png","ascent": -40,"height": 100,"chars": ["\u4361"],"shift": [0, 0]},{"type": "bitmap","file": "custom/dialog_background/aqua_1.png","ascent": -40,"height": 100,"chars": ["\u4372"],"shift": [0, 0]},{"type": "bitmap","file": "custom/dialog_background/aqua_0.png","ascent": -40,"height": 100,"chars": ["\u4381"],"shift": [0, 0]},{"type": "bitmap","file": "custom/dialog_background/aqua_1.png","ascent": -40,"height": 100,"chars": ["\u4392"],"shift": [0, 0]},{"type": "bitmap","file": "custom/dialog_background/aqua_0.png","ascent": -40,"height": 100,"chars": ["\u43A1"],"shift": [0, 0]},{"type": "bitmap","file": "custom/dialog_background/aqua_1.png","ascent": -40,"height": 100,"chars": ["\u43B2"],"shift": [0, 0]},{"type": "bitmap","file": "custom/dialog_background/yellow_0.png","ascent": -40,"height": 100,"chars": ["\u43C1"],"shift": [0, 0]},{"type": "bitmap","file": "custom/dialog_background/yellow_1.png","ascent": -40,"height": 100,"chars": ["\u43D2"],"shift": [0, 0]},{"type": "bitmap","file": "custom/dialog_background/aqua_0.png","ascent": -40,"height": 100,"chars": ["\u43E1"],"shift": [0, 0]},{"type": "bitmap","file": "custom/dialog_background/aqua_1.png","ascent": -40,"height": 100,"chars": ["\u43F2"],"shift": [0, 0]},{"type": "bitmap","file": "custom/dialog_background/yellow_0.png","ascent": -40,"height": 100,"chars": ["\u4401"],"shift": [0, 0]},{"type": "bitmap","file": "custom/dialog_background/yellow_1.png","ascent": -40,"height": 100,"chars": ["\u4412"],"shift": [0, 0]},{"type": "bitmap","file": "custom/dialog_background/yellow_0.png","ascent": -40,"height": 100,"chars": ["\u4421"],"shift": [0, 0]},{"type": "bitmap","file": "custom/dialog_background/yellow_1.png","ascent": -40,"height": 100,"chars": ["\u4432"],"shift": [0, 0]},{"type": "bitmap","file": "custom/dialog_background/aqua_0.png","ascent": -40,"height": 100,"chars": ["\u4441"],"shift": [0, 0]},{"type": "bitmap","file": "custom/dialog_background/aqua_1.png","ascent": -40,"height": 100,"chars": ["\u4452"],"shift": [0, 0]},{"type": "bitmap","file": "custom/dialog_background/sci_0.png","ascent": -40,"height": 100,"chars": ["\u4461"],"shift": [0, 0]},{"type": "bitmap","file": "custom/dialog_background/sci_1.png","ascent": -40,"height": 100,"chars": ["\u4472"],"shift": [0, 0]},{"type": "bitmap","file": "custom/dialog_background/sci_0.png","ascent": -40,"height": 100,"chars": ["\u4481"],"shift": [0, 0]},{"type": "bitmap","file": "custom/dialog_background/sci_1.png","ascent": -40,"height": 100,"chars": ["\u4492"],"shift": [0, 0]},{"type": "bitmap","file": "custom/dialog_background/aqua_0.png","ascent": -40,"height": 100,"chars": ["\u44A1"],"shift": [0, 0]},{"type": "bitmap","file": "custom/dialog_background/aqua_1.png","ascent": -40,"height": 100,"chars": ["\u44B2"],"shift": [0, 0]},{"type": "bitmap","file": "custom/dialog_background/sci_0.png","ascent": -40,"height": 100,"chars": ["\u44C1"],"shift": [0, 0]},{"type": "bitmap","file": "custom/dialog_background/sci_1.png","ascent": -40,"height": 100,"chars": ["\u44D2"],"shift": [0, 0]},{"type": "bitmap","file": "custom/dialog_background/yellow_0.png","ascent": -40,"height": 100,"chars": ["\u44E1"],"shift": [0, 0]},{"type": "bitmap","file": "custom/dialog_background/yellow_1.png","ascent": -40,"height": 100,"chars": ["\u44F2"],"shift": [0, 0]},{"type": "bitmap","file": "custom/dialog_background/sci_0.png","ascent": -40,"height": 100,"chars": ["\u4501"],"shift": [0, 0]},{"type": "bitmap","file": "custom/dialog_background/sci_1.png","ascent": -40,"height": 100,"chars": ["\u4512"],"shift": [0, 0]},{"type": "bitmap","file": "custom/dialog_background/aqua_0.png","ascent": -40,"height": 100,"chars": ["\u4521"],"shift": [0, 0]},{"type": "bitmap","file": "custom/dialog_background/aqua_1.png","ascent": -40,"height": 100,"chars": ["\u4532"],"shift": [0, 0]},{"type": "bitmap","file": "custom/dialog_background/sci_0.png","ascent": -40,"height": 100,"chars": ["\u4541"],"shift": [0, 0]},{"type": "bitmap","file": "custom/dialog_background/sci_1.png","ascent": -40,"height": 100,"chars": ["\u4552"],"shift": [0, 0]},{"type": "bitmap","file": "custom/dialog_background/yellow_0.png","ascent": -40,"height": 100,"chars": ["\u4561"],"shift": [0, 0]},{"type": "bitmap","file": "custom/dialog_background/yellow_1.png","ascent": -40,"height": 100,"chars": ["\u4572"],"shift": [0, 0]},{"type": "bitmap","file": "custom/dialog_background/secrete_0.png","ascent": -40,"height": 100,"chars": ["\u4581"],"shift": [0, 0]},{"type": "bitmap","file": "custom/dialog_background/secrete_1.png","ascent": -40,"height": 100,"chars": ["\u4592"],"shift": [0, 0]},{"type": "bitmap","file": "custom/dialog_background/secrete_0.png","ascent": -40,"height": 100,"chars": ["\u45A1"],"shift": [0, 0]},{"type": "bitmap","file": "custom/dialog_background/secrete_1.png","ascent": -40,"height": 100,"chars": ["\u45B2"],"shift": [0, 0]},{"type": "bitmap","file": "custom/dialog_background/secrete_0.png","ascent": -40,"height": 100,"chars": ["\u45C1"],"shift": [0, 0]},{"type": "bitmap","file": "custom/dialog_background/secrete_1.png","ascent": -40,"height": 100,"chars": ["\u45D2"],"shift": [0, 0]},{"type": "bitmap","file": "custom/dialog_background/secrete_0.png","ascent": -40,"height": 100,"chars": ["\u45E1"],"shift": [0, 0]},{"type": "bitmap","file": "custom/dialog_background/secrete_1.png","ascent": -40,"height": 100,"chars": ["\u45F2"],"shift": [0, 0]},{"type": "bitmap","file": "custom/dialog_background/secrete_0.png","ascent": -40,"height": 100,"chars": ["\u4601"],"shift": [0, 0]},{"type": "bitmap","file": "custom/dialog_background/secrete_1.png","ascent": -40,"height": 100,"chars": ["\u4612"],"shift": [0, 0]},{"type": "bitmap","file": "custom/dialog_background/secrete_0.png","ascent": -40,"height": 100,"chars": ["\u4621"],"shift": [0, 0]},{"type": "bitmap","file": "custom/dialog_background/secrete_1.png","ascent": -40,"height": 100,"chars": ["\u4632"],"shift": [0, 0]},{"type": "bitmap","file": "custom/dialog_background/secrete_0.png","ascent": -40,"height": 100,"chars": ["\u4641"],"shift": [0, 0]},{"type": "bitmap","file": "custom/dialog_background/secrete_1.png","ascent": -40,"height": 100,"chars": ["\u4652"],"shift": [0, 0]},{"type": "bitmap","file": "custom/dialog_background/secrete_0.png","ascent": -40,"height": 100,"chars": ["\u4661"],"shift": [0, 0]},{"type": "bitmap","file": "custom/dialog_background/secrete_1.png","ascent": -40,"height": 100,"chars": ["\u4672"],"shift": [0, 0]},{"type": "bitmap","file": "custom/dialog_background/secrete_0.png","ascent": -40,"height": 100,"chars": ["\u4681"],"shift": [0, 0]},{"type": "bitmap","file": "custom/dialog_background/secrete_1.png","ascent": -40,"height": 100,"chars": ["\u4692"],"shift": [0, 0]},{"type": "bitmap","file": "custom/dialog_background/secrete_0.png","ascent": -40,"height": 100,"chars": ["\u46A1"],"shift": [0, 0]},{"type": "bitmap","file": "custom/dialog_background/secrete_1.png","ascent": -40,"height": 100,"chars": ["\u46B2"],"shift": [0, 0]},{"type": "bitmap","file": "custom/dialog_background/secrete_0.png","ascent": -40,"height": 100,"chars": ["\u46C1"],"shift": [0, 0]},{"type": "bitmap","file": "custom/dialog_background/secrete_1.png","ascent": -40,"height": 100,"chars": ["\u46D2"],"shift": [0, 0]},{"type": "bitmap","file": "custom/dialog_background/secrete_0.png","ascent": -40,"height": 100,"chars": ["\u46E1"],"shift": [0, 0]},{"type": "bitmap","file": "custom/dialog_background/secrete_1.png","ascent": -40,"height": 100,"chars": ["\u46F2"],"shift": [0, 0]},{"type": "bitmap","file": "custom/dialog_background/secrete_0.png","ascent": -40,"height": 100,"chars": ["\u4701"],"shift": [0, 0]},{"type": "bitmap","file": "custom/dialog_background/secrete_1.png","ascent": -40,"height": 100,"chars": ["\u4712"],"shift": [0, 0]},{"type": "bitmap","file": "custom/dialog_background/secrete_0.png","ascent": -40,"height": 100,"chars": ["\u4721"],"shift": [0, 0]},{"type": "bitmap","file": "custom/dialog_background/secrete_1.png","ascent": -40,"height": 100,"chars": ["\u4732"],"shift": [0, 0]},{"type": "bitmap","file": "custom/dialog_background/secrete_0.png","ascent": -40,"height": 100,"chars": ["\u4741"],"shift": [0, 0]},{"type": "bitmap","file": "custom/dialog_background/secrete_1.png","ascent": -40,"height": 100,"chars": ["\u4752"],"shift": [0, 0]},{"type": "bitmap","file": "custom/dialog_background/secrete_0.png","ascent": -40,"height": 100,"chars": ["\u4761"],"shift": [0, 0]},{"type": "bitmap","file": "custom/dialog_background/secrete_1.png","ascent": -40,"height": 100,"chars": ["\u4772"],"shift": [0, 0]}]
}
