{
"providers": [{"type": "bitmap","file": "custom/dialog_background/background_0.png","ascent": -40,"height": 100,"chars": ["\uE000"],"shift": [0, 0]},{"type": "bitmap","file": "custom/dialog_background/background_question_2_0.png","ascent": -40,"height": 100,"chars": ["\uE020"],"shift": [0, 0]},{"type": "bitmap","file": "custom/dialog_background/background_question_2_1.png","ascent": -40,"height": 100,"chars": ["\uE021"],"shift": [0, 0]},{"type": "bitmap","file": "custom/dialog_background/background_question_3_0.png","ascent": -40,"height": 100,"chars": ["\uE030"],"shift": [0, 0]},{"type": "bitmap","file": "custom/dialog_background/background_question_3_1.png","ascent": -40,"height": 100,"chars": ["\uE031"],"shift": [0, 0]},{"type": "bitmap","file": "custom/dialog_background/background_question_3_2.png","ascent": -40,"height": 100,"chars": ["\uE032"],"shift": [0, 0]},{"type": "bitmap","file": "custom/dialog_background/background_question_4_0.png","ascent": -40,"height": 100,"chars": ["\uE040"],"shift": [0, 0]},{"type": "bitmap","file": "custom/dialog_background/background_question_4_1.png","ascent": -40,"height": 100,"chars": ["\uE041"],"shift": [0, 0]},{"type": "bitmap","file": "custom/dialog_background/background_question_4_2.png","ascent": -40,"height": 100,"chars": ["\uE042"],"shift": [0, 0]},{"type": "bitmap","file": "custom/dialog_background/background_question_4_3.png","ascent": -40,"height": 100,"chars": ["\uE043"],"shift": [0, 0]}]
}
