{
	"killsound1": {
		"sounds": [
			{
				"name": "killsound/drum1",
				"stream": true
			}		]
	},
	"killsound2": {
		"sounds": [
			{
				"name": "killsound/drum2",
				"stream": true
			}		]
	},
	"killsound3": {
		"sounds": [
			{
				"name": "killsound/drum3",
				"stream": true
			}		]
	},
	"killsound4": {
		"sounds": [
			{
				"name": "killsound/drum4",
				"stream": true
			}		]
	},
	"killsound5": {
		"sounds": [
			{
				"name": "killsound/drum5",
				"stream": true
			}		]
	},
	"fart1": {
		"sounds": [
			{
				"name": "easter_eggs/fart1",
				"stream": true
			}		]
	},
	"fart2": {
		"sounds": [
			{
				"name": "easter_eggs/fart2",
				"stream": true
			}		]
	},
	"johncena": {
		"sounds": [
			{
				"name": "easter_eggs/johncena",
				"stream": true
			}		]
	},
	"bet": {
		"sounds": [
			{
				"name": "gamesound/bet",
				"stream": true
			}		]
	},
	"tiktok1": {
		"sounds": [
			{
				"name": "gamesound/tiktok1",
				"stream": true
			}		]
	},
	"flash": {
		"sounds": [
			{
				"name": "gamesound/flash",
				"stream": true
			}		]
	},
	"head_shot": {
		"sounds": [
			{
				"name": "gamesound/head_shot_1",
				"stream": true
			},
			{
				"name": "gamesound/head_shot_2",
				"stream": true
			},
			{
				"name": "gamesound/head_shot_3",
				"stream": true
			},	{
				"name": "gamesound/head_shot_4",
				"stream": true
			}		]
	},

"step_dirt": {
	"sounds": [
		{
			"name": "step/gravel1",
			"stream": true
		},
		{
			"name": "step/gravel2",
			"stream": true
		},
		{
			"name": "step/gravel3",
			"stream": true
		},	
		{
			"name": "step/gravel4",
			"stream": true
		}	]
},
"step_stone": {
	"sounds": [
		{
			"name": "step/stone1",
			"stream": true
		},
		{
			"name": "step/stone2",
			"stream": true
		},
		{
			"name": "step/stone3",
			"stream": true
		},	
		{
			"name": "step/stone4",
			"stream": true
		},
		{
			"name": "step/stone5",
			"stream": true
		},
		{
			"name": "step/stone6",
			"stream": true
		}	]
},
"step_metal": {
	"sounds": [
		{
			"name": "block/bone_block/step1",
			"stream": true
		},
		{
			"name": "block/bone_block/step2",
			"stream": true
		},
		{
			"name": "block/bone_block/step3",
			"stream": true
		},	
		{
			"name": "block/bone_block/step4",
			"stream": true
		},
		{
			"name": "block/bone_block/step5",
			"stream": true
		}	]
},
"step_wood": {
	"sounds": [
		{
			"name": "step/wood1",
			"stream": true
		},
		{
			"name": "step/wood2",
			"stream": true
		},
		{
			"name": "step/wood3",
			"stream": true
		},	
		{
			"name": "step/wood4",
			"stream": true
		},
		{
			"name": "step/wood5",
			"stream": true
		},
		{
			"name": "step/wood6",
			"stream": true
		}
			]
},
"step_ladder": {
	"sounds": [
		{
			"name": "step/ladder1",
			"stream": true
		},
		{
			"name": "step/ladder2",
			"stream": true
		},
		{
			"name": "step/ladder3",
			"stream": true
		},
		{
			"name": "step/ladder4",
			"stream": true
		},
		{
			"name": "step/ladder5",
			"stream": true
		}		]
},

"block.metal.step": {
	"replace":true,
	"sounds": [
		{
			"name": "gamesound/empty",
			"stream": true
		}		]
},
"block.coral_block.step": {
	"replace":true,
	"sounds": [
		{
			"name": "gamesound/empty",
			"stream": true
		}		]
},
"block.wool.step": {
	"replace":true,
	"sounds": [
		{
			"name": "gamesound/empty",
			"stream": true
		}		]
},
"block.grass.step": {
	"replace":true,
	"sounds": [
		{
			"name": "gamesound/empty",
			"stream": true
		}		]
},
"block.gravel.step": {
	"replace":true,
	"sounds": [
		{
			"name": "gamesound/empty",
			"stream": true
		}		]
},
"block.ladder.step": {
	"replace":true,
	"sounds": [
		{
			"name": "gamesound/empty",
			"stream": true
		}		]
},
"block.sand.step": {
	"replace":true,
	"sounds": [
		{
			"name": "gamesound/empty",
			"stream": true
		}		]
},
"block.scaffolding.step": {
	"replace":true,
	"sounds": [
		{
			"name": "gamesound/empty",
			"stream": true
		}		]
},
"block.snow.step": {
	"replace":true,
	"sounds": [
		{
			"name": "gamesound/empty",
			"stream": true
		}		]
},
"block.stone.step": {
	"replace":true,
	"sounds": [
		{
			"name": "gamesound/empty",
			"stream": true
		}		]
},
"block.wet_grass.step": {
	"replace":true,
	"sounds": [
		{
			"name": "gamesound/empty",
			"stream": true
		}		]
},
"block.wood.step": {
	"replace":true,
	"sounds": [
		{
			"name": "gamesound/empty",
			"stream": true
		}		]
},



	"block.amethyst_block.step": {
		"replace":true,
		"sounds": [
			{
				"name": "gamesound/empty",
				"stream": true
			}		]
	},
	"block.azalea.step": {
		"replace":true,
		"sounds": [
			{
				"name": "gamesound/empty",
				"stream": true
			}		]
	},
	"block.azalea_leaves.step": {
		"replace":true,
		"sounds": [
			{
				"name": "gamesound/empty",
				"stream": true
			}		]
	},
	"block.bamboo.step": {
		"replace":true,
		"sounds": [
			{
				"name": "gamesound/empty",
				"stream": true
			}		]
	},	"block.basalt.step": {
		"replace":true,
		"sounds": [
			{
				"name": "gamesound/empty",
				"stream": true
			}		]
	},	"block.big_dripleaf.step": {
		"replace":true,
		"sounds": [
			{
				"name": "gamesound/empty",
				"stream": true
			}		]
	},
	"block.bone_block.step": {
		"replace":true,
		"sounds": [
			{
				"name": "gamesound/empty",
				"stream": true
			}		]
	},
	"block.calcite.step": {
		"replace":true,
		"sounds": [
			{
				"name": "gamesound/empty",
				"stream": true
			}		]
	},
	"block.candel.step": {
		"replace":true,
		"sounds": [
			{
				"name": "gamesound/empty",
				"stream": true
			}		]
	},
	"block.chain.step": {
		"replace":true,
		"sounds": [
			{
				"name": "gamesound/empty",
				"stream": true
			}		]
	},
	"block.copper.step": {
		"replace":true,
		"sounds": [
			{
				"name": "gamesound/empty",
				"stream": true
			}		]
	},
	"block.deepslate.step": {
		"replace":true,
		"sounds": [
			{
				"name": "gamesound/empty",
				"stream": true
			}		]
	},
	"block.deepslate_bricks.step": {
		"replace":true,
		"sounds": [
			{
				"name": "gamesound/empty",
				"stream": true
			}		]
	},
	"block.dripstone.step": {
		"replace":true,
		"sounds": [
			{
				"name": "gamesound/empty",
				"stream": true
			}		]
	},
	"block.froglight.step": {
		"replace":true,
		"sounds": [
			{
				"name": "gamesound/empty",
				"stream": true
			}		]
	},
	"block.frogspawn.step": {
		"replace":true,
		"sounds": [
			{
				"name": "gamesound/empty",
				"stream": true
			}		]
	},
	"block.hanging_roots.step": {
		"replace":true,
		"sounds": [
			{
				"name": "gamesound/empty",
				"stream": true
			}		]
	},
	"block.honeyblock.step": {
		"replace":true,
		"sounds": [
			{
				"name": "gamesound/empty",
				"stream": true
			}		]
	},
	"block.mangrove_roots.step": {
		"replace":true,
		"sounds": [
			{
				"name": "gamesound/empty",
				"stream": true
			}		]
	},
	"block.moss.step": {
		"replace":true,
		"sounds": [
			{
				"name": "gamesound/empty",
				"stream": true
			}		]
	},
	"block.mud.step": {
		"replace":true,
		"sounds": [
			{
				"name": "gamesound/empty",
				"stream": true
			}		]
	},
	"block.mud_bricks.step": {
		"replace":true,
		"sounds": [
			{
				"name": "gamesound/empty",
				"stream": true
			}		]
	},
	"block.muddy_mangrove_roots.step": {
		"replace":true,
		"sounds": [
			{
				"name": "gamesound/empty",
				"stream": true
			}		]
	},
	"block.nether_bricks.step": {
		"replace":true,
		"sounds": [
			{
				"name": "gamesound/empty",
				"stream": true
			}		]
	},
	"block.nether_ore.step": {
		"replace":true,
		"sounds": [
			{
				"name": "gamesound/empty",
				"stream": true
			}		]
	},
	"block.nether_sprouts.step": {
		"replace":true,
		"sounds": [
			{
				"name": "gamesound/empty",
				"stream": true
			}		]
	},
	"block.netherite_block.step": {
		"replace":true,
		"sounds": [
			{
				"name": "gamesound/empty",
				"stream": true
			}		]
	},
	"block.netherrack.step": {
		"replace":true,
		"sounds": [
			{
				"name": "gamesound/empty",
				"stream": true
			}		]
	},
	"block.netherwart.step": {
		"replace":true,
		"sounds": [
			{
				"name": "gamesound/empty",
				"stream": true
			}		]
	},
	"block.nylium.step": {
		"replace":true,
		"sounds": [
			{
				"name": "gamesound/empty",
				"stream": true
			}		]
	},
	"block.packed_mud.step": {
		"replace":true,
		"sounds": [
			{
				"name": "gamesound/empty",
				"stream": true
			}		]
	},
	"block.powder_snow.step": {
		"replace":true,
		"sounds": [
			{
				"name": "gamesound/empty",
				"stream": true
			}		]
	},
	"block.rooted_dirt.step": {
		"replace":true,
		"sounds": [
			{
				"name": "gamesound/empty",
				"stream": true
			}		]
	},
	"block.roots.step": {
		"replace":true,
		"sounds": [
			{
				"name": "gamesound/empty",
				"stream": true
			}		]
	},
	"block.sculk.step": {
		"replace":true,
		"sounds": [
			{
				"name": "gamesound/empty",
				"stream": true
			}		]
	},
	"block.sculk_catalyst.step": {
		"replace":true,
		"sounds": [
			{
				"name": "gamesound/empty",
				"stream": true
			}		]
	},
	"block.shroomlight.step": {
		"replace":true,
		"sounds": [
			{
				"name": "gamesound/empty",
				"stream": true
			}		]
	},
	"block.soul_sand.step": {
		"replace":true,
		"sounds": [
			{
				"name": "gamesound/empty",
				"stream": true
			}		]
	},
	"block.soul_soil.step": {
		"replace":true,
		"sounds": [
			{
				"name": "gamesound/empty",
				"stream": true
			}		]
	},
	"block.spore_blossom.step": {
		"replace":true,
		"sounds": [
			{
				"name": "gamesound/empty",
				"stream": true
			}		]
	},
	"block.stem.step": {
		"replace":true,
		"sounds": [
			{
				"name": "gamesound/empty",
				"stream": true
			}		]
	},
	"block.tuff.step": {
		"replace":true,
		"sounds": [
			{
				"name": "gamesound/empty",
				"stream": true
			}		]
	}


}