{
    "credit": "Made with Blockbench",
    "texture_size": [64, 64],
    "textures": {
        "0": "recap/notepad_connect",
        "particle": "recap/notepad_connect"
    },
    "elements": [
        {
            "from": [-16, -16, 8],
            "to": [32, 32, 8],
            "rotation": {"angle": 0, "axis": "x", "origin": [8, 27, 8]},
            "faces": {
                "north": {"uv": [0, 0, 16, 16], "texture": "#0"},
                "east": {"uv": [0, 0, 16, 16], "texture": "#0"},
                "south": {"uv": [0, 0, 16, 16], "texture": "#0"},
                "west": {"uv": [0, 0, 16, 16], "texture": "#0"},
                "up": {"uv": [0, 0, 16, 16], "texture": "#0"},
                "down": {"uv": [0, 0, 16, 16], "texture": "#0"}
            }
        }
    ],
    "display": {
        "head": {
            "translation": [0, -44, 0],
            "scale": [2, 2, 2]
        }
    }
}