{
"credit": "Made with Blockbench",
"texture_size": [64, 64],
"textures": {
"1": "recap/rank_b"
}
,
"elements": [
{
"from": [5, 0, 8.1],
"to": [11, 6, 8.1],
"faces": {
"north": {"uv": [0, 0, 16, 16], "texture": "#1"},
"east": {"uv": [0, 0, 16, 16], "texture": "#1"},
"south": {"uv": [0, 0, 16, 16], "texture": "#1"},
"west": {"uv": [0, 0, 16, 16], "texture": "#1"},
"up": {"uv": [0, 0, 16, 16], "texture": "#1"},
"down": {"uv": [0, 0, 16, 16], "texture": "#1"}
}
}
],
"display": {
"head": {
"translation": [0, -28, 0],
"scale": [2, 2, 2]
}
}
}
