{
    "credit": "Made with Blockbench",
    "texture_size": [128, 128],
    "textures": {
        "1": "recap/texts"
    },
    "elements": [
        {
            "from": [-16, 0, 8.1],
            "to": [16, 4, 8.1],
            "faces": {
                "north": {"uv": [0, 2, 16, 4], "texture": "#1"},
                "east": {"uv": [0, 2, 16, 4], "texture": "#1"},
                "south": {"uv": [0, 2, 16, 4], "texture": "#1"},
                "west": {"uv": [0, 2, 16, 4], "texture": "#1"},
                "up": {"uv": [0, 2, 16, 4], "texture": "#1"},
                "down": {"uv": [0, 2, 16, 4], "texture": "#1"}
            }
        }
    ],
    "display": {
        "head": {
            "translation": [33, -30, 0],
            "scale": [1.5, 1.5, 2]
        }
    }
}