{
	"__credit": "Generated using Animated Java (https://animated-java.dev/)",
	"textures": {
		"0": "minecraft:custom/earth"
	},
	"elements": [
		{
			"faces": {
				"north": {"uv": [3.75, 5.25, 4.625, 6.25], "texture": "#0"},
				"east": {"uv": [6.125, 0, 6.75, 1], "texture": "#0"},
				"south": {"uv": [4.625, 5.25, 5.5, 6.25], "texture": "#0"},
				"west": {"uv": [6.125, 1, 6.75, 2], "texture": "#0"},
				"up": {"uv": [5.25, 6.875, 4.375, 6.25], "texture": "#0"},
				"down": {"uv": [0.875, 6.5, 0, 7.125], "texture": "#0"}
			},
			"to": [9.4, 6.6, 9],
			"from": [6.6, 3.4, 7],
			"rotation": {"angle": 0, "axis": "y", "origin": [6.2, 0.2, 10.2]}
		}
	],
	"display": {
		"head": {
			"translation": [0, 5.6, 0],
			"scale": [4, 4, 4],
			"rotation": [0, 0, 0]
		}
	}
}