{
	"__credit": "Generated using Animated Java (https://animated-java.dev/)",
	"textures": {
		"0": "minecraft:custom/earth"
	},
	"elements": [
		{
			"faces": {
				"north": {"uv": [8, 9.5, 8.375, 9.875], "texture": "#0"},
				"east": {"uv": [9.125, 1.75, 9.625, 2.125], "texture": "#0"},
				"south": {"uv": [1.125, 9.625, 1.5, 10], "texture": "#0"},
				"west": {"uv": [9.125, 2.125, 9.625, 2.5], "texture": "#0"},
				"up": {"uv": [1.5, 9.625, 1.125, 9.125], "texture": "#0"},
				"down": {"uv": [4.125, 9.125, 3.75, 9.625], "texture": "#0"}
			},
			"to": [8.6, 5.6, 8.8],
			"from": [7.4, 4.4, 7.2],
			"rotation": {"angle": 0, "axis": "y", "origin": [7.8, 4.4, 8.4]}
		}
	],
	"display": {
		"head": {
			"translation": [0, 5.6, 0],
			"scale": [4, 4, 4],
			"rotation": [0, 0, 0]
		}
	}
}