{
	"__credit": "Generated using Animated Java (https://animated-java.dev/)",
	"textures": {
		"0": "minecraft:custom/earth"
	},
	"elements": [
		{
			"faces": {
				"north": {"uv": [0, 9, 0.375, 9.625], "texture": "#0"},
				"east": {"uv": [0.375, 9, 0.75, 9.625], "texture": "#0"},
				"south": {"uv": [2.625, 9, 3, 9.625], "texture": "#0"},
				"west": {"uv": [3, 9, 3.375, 9.625], "texture": "#0"},
				"up": {"uv": [10, 2.5, 9.625, 2.125], "texture": "#0"},
				"down": {"uv": [2.875, 9.625, 2.5, 10], "texture": "#0"}
			},
			"to": [8.6, 6, 8.6],
			"from": [7.4, 4, 7.4],
			"rotation": {"angle": 0, "axis": "y", "origin": [10.6, -0.4, 6.2]}
		}
	],
	"display": {
		"head": {
			"translation": [0, 5.6, 0],
			"scale": [4, 4, 4],
			"rotation": [0, 0, 0]
		}
	}
}