{
	"__credit": "Generated using Animated Java (https://animated-java.dev/)",
	"textures": {
		"0": "minecraft:custom/earth"
	},
	"elements": [
		{
			"faces": {
				"north": {"uv": [0, 4, 1.125, 5.25], "texture": "#0"},
				"east": {"uv": [5.5, 0, 6.125, 1.25], "texture": "#0"},
				"south": {"uv": [0, 5.25, 1.125, 6.5], "texture": "#0"},
				"west": {"uv": [5.5, 1.25, 6.125, 2.5], "texture": "#0"},
				"up": {"uv": [6.625, 3.125, 5.5, 2.5], "texture": "#0"},
				"down": {"uv": [6.625, 3.125, 5.5, 3.75], "texture": "#0"}
			},
			"to": [9.8, 7, 9],
			"from": [6.2, 3, 7],
			"rotation": {"angle": 0, "axis": "y", "origin": [8.6, 3, 5.8]}
		}
	],
	"display": {
		"head": {
			"translation": [0, 5.6, 0],
			"scale": [4, 4, 4],
			"rotation": [0, 0, 0]
		}
	}
}