{
	"__credit": "Generated using Animated Java (https://animated-java.dev/)",
	"textures": {
		"0": "minecraft:custom/earth"
	},
	"elements": [
		{
			"faces": {
				"north": {"uv": [0, 8.375, 0.5, 9], "texture": "#0"},
				"east": {"uv": [1.875, 7.625, 2.5, 8.25], "texture": "#0"},
				"south": {"uv": [2.75, 8.375, 3.25, 9], "texture": "#0"},
				"west": {"uv": [2.5, 7.625, 3.125, 8.25], "texture": "#0"},
				"up": {"uv": [8.875, 3.625, 8.375, 3], "texture": "#0"},
				"down": {"uv": [3.75, 8.375, 3.25, 9], "texture": "#0"}
			},
			"to": [8.8, 6, 9],
			"from": [7.2, 4, 7],
			"rotation": {"angle": 0, "axis": "y", "origin": [5.6, -0.4, 8.2]}
		}
	],
	"display": {
		"head": {
			"translation": [0, 5.6, 0],
			"scale": [4, 4, 4],
			"rotation": [0, 0, 0]
		}
	}
}