{
	"__credit": "Generated using Animated Java (https://animated-java.dev/)",
	"textures": {
		"0": "minecraft:custom/earth"
	},
	"elements": [
		{
			"faces": {
				"north": {"uv": [6.125, 6.5, 7, 7.125], "texture": "#0"},
				"east": {"uv": [5.5, 3.75, 6.625, 4.375], "texture": "#0"},
				"south": {"uv": [6.625, 2, 7.5, 2.625], "texture": "#0"},
				"west": {"uv": [5.5, 4.375, 6.625, 5], "texture": "#0"},
				"up": {"uv": [2, 5.125, 1.125, 4], "texture": "#0"},
				"down": {"uv": [2, 5.125, 1.125, 6.25], "texture": "#0"}
			},
			"to": [9.4, 6, 9.8],
			"from": [6.6, 4, 6.2],
			"rotation": {"angle": 0, "axis": "y", "origin": [7.8, -0.4, 7.4]}
		}
	],
	"display": {
		"head": {
			"translation": [0, 5.6, 0],
			"scale": [4, 4, 4],
			"rotation": [0, 0, 0]
		}
	}
}