{
	"__credit": "Generated using Animated Java (https://animated-java.dev/)",
	"textures": {
		"0": "minecraft:custom/earth"
	},
	"elements": [
		{
			"faces": {
				"north": {"uv": [1.5, 8.875, 1.875, 9.5], "texture": "#0"},
				"east": {"uv": [7.25, 2.625, 7.875, 3.25], "texture": "#0"},
				"south": {"uv": [8.875, 3, 9.25, 3.625], "texture": "#0"},
				"west": {"uv": [7.25, 3.25, 7.875, 3.875], "texture": "#0"},
				"up": {"uv": [9.25, 6.625, 8.875, 6], "texture": "#0"},
				"down": {"uv": [9.25, 6.625, 8.875, 7.25], "texture": "#0"}
			},
			"to": [8.6, 6, 9],
			"from": [7.4, 4, 7],
			"rotation": {"angle": 0, "axis": "y", "origin": [10.6, 4, 7.8]}
		}
	],
	"display": {
		"head": {
			"translation": [0, 5.6, 0],
			"scale": [4, 4, 4],
			"rotation": [0, 0, 0]
		}
	}
}