{
	"__credit": "Generated using Animated Java (https://animated-java.dev/)",
	"textures": {
		"0": "minecraft:custom/earth"
	},
	"elements": [
		{
			"faces": {
				"north": {"uv": [4.125, 8.375, 4.5, 9.125], "texture": "#0"},
				"east": {"uv": [4.5, 8.375, 4.875, 9.125], "texture": "#0"},
				"south": {"uv": [4.875, 8.375, 5.25, 9.125], "texture": "#0"},
				"west": {"uv": [5.25, 8.375, 5.625, 9.125], "texture": "#0"},
				"up": {"uv": [10, 3.25, 9.625, 2.875], "texture": "#0"},
				"down": {"uv": [3.625, 9.625, 3.25, 10], "texture": "#0"}
			},
			"to": [8.6, 6.2, 8.6],
			"from": [7.4, 3.8, 7.4],
			"rotation": {"angle": 0, "axis": "y", "origin": [10.6, 1.8, 7.4]}
		}
	],
	"display": {
		"head": {
			"translation": [0, 5.6, 0],
			"scale": [4, 4, 4],
			"rotation": [0, 0, 0]
		}
	}
}