{
	"__credit": "Generated using Animated Java (https://animated-java.dev/)",
	"textures": {
		"0": "minecraft:custom/earth"
	},
	"elements": [
		{
			"faces": {
				"north": {"uv": [2, 7, 2.625, 7.625], "texture": "#0"},
				"east": {"uv": [5.125, 7, 5.75, 7.625], "texture": "#0"},
				"south": {"uv": [7, 6.625, 7.625, 7.25], "texture": "#0"},
				"west": {"uv": [0, 7.125, 0.625, 7.75], "texture": "#0"},
				"up": {"uv": [6.375, 7.75, 5.75, 7.125], "texture": "#0"},
				"down": {"uv": [7, 7.125, 6.375, 7.75], "texture": "#0"}
			},
			"to": [9, 6, 9],
			"from": [7, 4, 7],
			"rotation": {"angle": 0, "axis": "y", "origin": [5.8, 4, 5.8]}
		}
	],
	"display": {
		"head": {
			"translation": [0, 5.6, 0],
			"scale": [4, 4, 4],
			"rotation": [0, 0, 0]
		}
	}
}