{
	"__credit": "Generated using Animated Java (https://animated-java.dev/)",
	"textures": {
		"0": "minecraft:custom/earth"
	},
	"elements": [
		{
			"faces": {
				"north": {"uv": [7.5, 5.75, 8.375, 6.125], "texture": "#0"},
				"east": {"uv": [7.125, 9.625, 7.375, 10], "texture": "#0"},
				"south": {"uv": [7.625, 7.375, 8.5, 7.75], "texture": "#0"},
				"west": {"uv": [8.875, 9.625, 9.125, 10], "texture": "#0"},
				"up": {"uv": [10, 1.5, 9.125, 1.25], "texture": "#0"},
				"down": {"uv": [10, 1.5, 9.125, 1.75], "texture": "#0"}
			},
			"to": [9.4, 5.6, 8.4],
			"from": [6.6, 4.4, 7.6],
			"rotation": {"angle": 0, "axis": "y", "origin": [8.6, 4.4, 7.2]}
		}
	],
	"display": {
		"head": {
			"translation": [0, 5.6, 0],
			"scale": [4, 4, 4],
			"rotation": [0, 0, 0]
		}
	}
}