{
	"__credit": "Generated using Animated Java (https://animated-java.dev/)",
	"textures": {
		"0": "minecraft:custom/earth"
	},
	"elements": [
		{
			"faces": {
				"north": {"uv": [6.875, 4.75, 7.5, 5.5], "texture": "#0"},
				"east": {"uv": [1.875, 8.875, 2.125, 9.625], "texture": "#0"},
				"south": {"uv": [6.875, 5.5, 7.5, 6.25], "texture": "#0"},
				"west": {"uv": [9.125, 4.75, 9.375, 5.5], "texture": "#0"},
				"up": {"uv": [5, 9.75, 4.375, 9.5], "texture": "#0"},
				"down": {"uv": [8, 9.5, 7.375, 9.75], "texture": "#0"}
			},
			"to": [9, 6.2, 8.4],
			"from": [7, 3.8, 7.6],
			"rotation": {"angle": 0, "axis": "y", "origin": [5.8, -0.2, 5.2]}
		}
	],
	"display": {
		"head": {
			"translation": [0, 5.6, 0],
			"scale": [4, 4, 4],
			"rotation": [0, 0, 0]
		}
	}
}