{
	"__credit": "Generated using Animated Java (https://animated-java.dev/)",
	"textures": {
		"0": "minecraft:custom/earth"
	},
	"elements": [
		{
			"faces": {
				"north": {"uv": [2.625, 6.875, 3.25, 7.625], "texture": "#0"},
				"east": {"uv": [3.125, 7.625, 3.625, 8.375], "texture": "#0"},
				"south": {"uv": [3.25, 6.875, 3.875, 7.625], "texture": "#0"},
				"west": {"uv": [3.625, 7.625, 4.125, 8.375], "texture": "#0"},
				"up": {"uv": [7.25, 8.375, 6.625, 7.875], "texture": "#0"},
				"down": {"uv": [1.125, 8, 0.5, 8.5], "texture": "#0"}
			},
			"to": [9, 6.2, 8.8],
			"from": [7, 3.8, 7.2],
			"rotation": {"angle": 0, "axis": "y", "origin": [8.6, 1.8, 10.4]}
		}
	],
	"display": {
		"head": {
			"translation": [0, 5.6, 0],
			"scale": [4, 4, 4],
			"rotation": [0, 0, 0]
		}
	}
}