{
	"__credit": "Generated using Animated Java (https://animated-java.dev/)",
	"textures": {
		"0": "minecraft:custom/earth"
	},
	"elements": [
		{
			"faces": {
				"north": {"uv": [7.25, 7.875, 7.625, 8.625], "texture": "#0"},
				"east": {"uv": [5.125, 7.625, 5.625, 8.375], "texture": "#0"},
				"south": {"uv": [3.75, 8.375, 4.125, 9.125], "texture": "#0"},
				"west": {"uv": [7.625, 6.625, 8.125, 7.375], "texture": "#0"},
				"up": {"uv": [2.5, 9.75, 2.125, 9.25], "texture": "#0"},
				"down": {"uv": [9.625, 2.875, 9.25, 3.375], "texture": "#0"}
			},
			"to": [8.6, 6.2, 8.8],
			"from": [7.4, 3.8, 7.2],
			"rotation": {"angle": 0, "axis": "y", "origin": [10.6, 1.8, 8.8]}
		}
	],
	"display": {
		"head": {
			"translation": [0, 5.6, 0],
			"scale": [4, 4, 4],
			"rotation": [0, 0, 0]
		}
	}
}