{
	"__credit": "Generated using Animated Java (https://animated-java.dev/)",
	"textures": {
		"0": "minecraft:custom/earth"
	},
	"elements": [
		{
			"faces": {
				"north": {"uv": [4.375, 9.75, 4.625, 10.125], "texture": "#0"},
				"east": {"uv": [0.875, 7, 2, 7.375], "texture": "#0"},
				"south": {"uv": [4.625, 9.75, 4.875, 10.125], "texture": "#0"},
				"west": {"uv": [7, 6.25, 8.125, 6.625], "texture": "#0"},
				"up": {"uv": [5.875, 9.5, 5.625, 8.375], "texture": "#0"},
				"down": {"uv": [6.125, 8.375, 5.875, 9.5], "texture": "#0"}
			},
			"to": [8.4, 5.6, 9.8],
			"from": [7.6, 4.4, 6.2],
			"rotation": {"angle": 0, "axis": "y", "origin": [9.6, -0.8, 7.4]}
		}
	],
	"display": {
		"head": {
			"translation": [0, 5.6, 0],
			"scale": [4, 4, 4],
			"rotation": [0, 0, 0]
		}
	}
}