{
	"__credit": "Generated using Animated Java (https://animated-java.dev/)",
	"textures": {
		"0": "minecraft:custom/earth"
	},
	"elements": [
		{
			"faces": {
				"north": {"uv": [0.625, 9.75, 1, 10], "texture": "#0"},
				"east": {"uv": [9.5, 9.375, 10.125, 9.625], "texture": "#0"},
				"south": {"uv": [9.75, 0.75, 10.125, 1], "texture": "#0"},
				"west": {"uv": [0, 9.625, 0.625, 9.875], "texture": "#0"},
				"up": {"uv": [3.75, 9.625, 3.375, 9], "texture": "#0"},
				"down": {"uv": [8.875, 9, 8.5, 9.625], "texture": "#0"}
			},
			"to": [8.6, 5.4, 9],
			"from": [7.4, 4.6, 7],
			"rotation": {"angle": 0, "axis": "y", "origin": [10.6, 0.2, 7.8]}
		}
	],
	"display": {
		"head": {
			"translation": [0, 5.6, 0],
			"scale": [4, 4, 4],
			"rotation": [0, 0, 0]
		}
	}
}