{
	"__credit": "Generated using Animated Java (https://animated-java.dev/)",
	"textures": {
		"0": "minecraft:custom/earth"
	},
	"elements": [
		{
			"faces": {
				"north": {"uv": [8.125, 0, 8.625, 0.625], "texture": "#0"},
				"east": {"uv": [8.125, 0.625, 8.625, 1.25], "texture": "#0"},
				"south": {"uv": [8.125, 1.25, 8.625, 1.875], "texture": "#0"},
				"west": {"uv": [8.125, 1.875, 8.625, 2.5], "texture": "#0"},
				"up": {"uv": [9.125, 2.5, 8.625, 2], "texture": "#0"},
				"down": {"uv": [9.125, 4.125, 8.625, 4.625], "texture": "#0"}
			},
			"to": [8.8, 6, 8.8],
			"from": [7.2, 4, 7.2],
			"rotation": {"angle": 0, "axis": "y", "origin": [5.6, 0.4, 6.4]}
		}
	],
	"display": {
		"head": {
			"translation": [0, 5.6, 0],
			"scale": [4, 4, 4],
			"rotation": [0, 0, 0]
		}
	}
}