{
	"__credit": "Generated using Animated Java (https://animated-java.dev/)",
	"textures": {
		"0": "minecraft:custom/earth"
	},
	"elements": [
		{
			"faces": {
				"north": {"uv": [8.875, 7.25, 9.25, 7.875], "texture": "#0"},
				"east": {"uv": [7.375, 8.875, 7.75, 9.5], "texture": "#0"},
				"south": {"uv": [7.75, 8.875, 8.125, 9.5], "texture": "#0"},
				"west": {"uv": [8.125, 8.875, 8.5, 9.5], "texture": "#0"},
				"up": {"uv": [2.125, 10, 1.75, 9.625], "texture": "#0"},
				"down": {"uv": [10, 1.75, 9.625, 2.125], "texture": "#0"}
			},
			"to": [8.6, 6, 8.6],
			"from": [7.4, 4, 7.4],
			"rotation": {"angle": 0, "axis": "y", "origin": [10.6, 1.6, 6.2]}
		}
	],
	"display": {
		"head": {
			"translation": [0, 5.6, 0],
			"scale": [4, 4, 4],
			"rotation": [0, 0, 0]
		}
	}
}