{
	"__credit": "Generated using Animated Java (https://animated-java.dev/)",
	"textures": {
		"1": "minecraft:custom/core"
	},
	"elements": [
		{
			"faces": {
				"north": {"uv": [0, 0, 2.75, 2.75], "texture": "#1"},
				"east": {"uv": [0, 2.75, 2.75, 5.5], "texture": "#1"},
				"south": {"uv": [2.75, 0, 5.5, 2.75], "texture": "#1"},
				"west": {"uv": [2.75, 2.75, 5.5, 5.5], "texture": "#1"},
				"up": {"uv": [2.75, 8.25, 0, 5.5], "texture": "#1"},
				"down": {"uv": [8.25, 0, 5.5, 2.75], "texture": "#1"}
			},
			"to": [10.2, 7.2, 10.2],
			"from": [5.8, 2.8, 5.8],
			"rotation": {"angle": 0, "axis": "y", "origin": [7.4, 1.8, 8]}
		}
	],
	"display": {
		"head": {
			"translation": [0, 5.6, 0],
			"scale": [4, 4, 4],
			"rotation": [0, 0, 0]
		}
	}
}