{
	"__credit": "Generated using Animated Java (https://animated-java.dev/)",
	"textures": {
		"0": "minecraft:custom/earth"
	},
	"elements": [
		{
			"faces": {
				"north": {"uv": [7.5, 4.5, 8.125, 5.125], "texture": "#0"},
				"east": {"uv": [8.125, 7.75, 8.625, 8.375], "texture": "#0"},
				"south": {"uv": [7.5, 5.125, 8.125, 5.75], "texture": "#0"},
				"west": {"uv": [1.625, 8.25, 2.125, 8.875], "texture": "#0"},
				"up": {"uv": [2.75, 8.75, 2.125, 8.25], "texture": "#0"},
				"down": {"uv": [9, 2.5, 8.375, 3], "texture": "#0"}
			},
			"to": [9, 6, 8.8],
			"from": [7, 4, 7.2],
			"rotation": {"angle": 0, "axis": "y", "origin": [8.6, -0.4, 10.4]}
		}
	],
	"display": {
		"head": {
			"translation": [0, 5.6, 0],
			"scale": [4, 4, 4],
			"rotation": [0, 0, 0]
		}
	}
}