{
	"__credit": "Generated using Animated Java (https://animated-java.dev/)",
	"textures": {
		"0": "minecraft:custom/earth"
	},
	"elements": [
		{
			"faces": {
				"north": {"uv": [9.25, 6, 9.75, 6.375], "texture": "#0"},
				"east": {"uv": [6.125, 9.25, 6.625, 9.625], "texture": "#0"},
				"south": {"uv": [9.25, 6.375, 9.75, 6.75], "texture": "#0"},
				"west": {"uv": [9.25, 6.75, 9.75, 7.125], "texture": "#0"},
				"up": {"uv": [2.625, 9.25, 2.125, 8.75], "texture": "#0"},
				"down": {"uv": [6.625, 8.75, 6.125, 9.25], "texture": "#0"}
			},
			"to": [8.8, 5.6, 8.8],
			"from": [7.2, 4.4, 7.2],
			"rotation": {"angle": 0, "axis": "y", "origin": [10.4, -0.8, 10.4]}
		}
	],
	"display": {
		"head": {
			"translation": [0, 5.6, 0],
			"scale": [4, 4, 4],
			"rotation": [0, 0, 0]
		}
	}
}