{
	"__credit": "Generated using Animated Java (https://animated-java.dev/)",
	"textures": {
		"0": "minecraft:custom/earth"
	},
	"elements": [
		{
			"faces": {
				"north": {"uv": [8.5, 3.625, 9, 4.125], "texture": "#0"},
				"east": {"uv": [8.625, 0, 9.125, 0.5], "texture": "#0"},
				"south": {"uv": [8.625, 0.5, 9.125, 1], "texture": "#0"},
				"west": {"uv": [1, 8.625, 1.5, 9.125], "texture": "#0"},
				"up": {"uv": [9.125, 1.5, 8.625, 1], "texture": "#0"},
				"down": {"uv": [9.125, 1.5, 8.625, 2], "texture": "#0"}
			},
			"to": [8.8, 5.8, 8.8],
			"from": [7.2, 4.2, 7.2],
			"rotation": {"angle": 0, "axis": "y", "origin": [5.6, 2.2, 6.4]}
		}
	],
	"display": {
		"head": {
			"translation": [0, 5.6, 0],
			"scale": [4, 4, 4],
			"rotation": [0, 0, 0]
		}
	}
}