{
	"__credit": "Generated using Animated Java (https://animated-java.dev/)",
	"textures": {
		"0": "minecraft:custom/earth"
	},
	"elements": [
		{
			"faces": {
				"north": {"uv": [6.125, 7.75, 6.625, 8.375], "texture": "#0"},
				"east": {"uv": [7.625, 7.75, 8.125, 8.375], "texture": "#0"},
				"south": {"uv": [7.875, 2.5, 8.375, 3.125], "texture": "#0"},
				"west": {"uv": [7.875, 3.125, 8.375, 3.75], "texture": "#0"},
				"up": {"uv": [8.625, 8.875, 8.125, 8.375], "texture": "#0"},
				"down": {"uv": [1, 8.5, 0.5, 9], "texture": "#0"}
			},
			"to": [8.8, 6, 8.8],
			"from": [7.2, 4, 7.2],
			"rotation": {"angle": 0, "axis": "y", "origin": [10.4, 2.8, 10.4]}
		}
	],
	"display": {
		"head": {
			"translation": [0, 5.6, 0],
			"scale": [4, 4, 4],
			"rotation": [0, 0, 0]
		}
	}
}