{
	"__credit": "Generated using Animated Java (https://animated-java.dev/)",
	"textures": {
		"0": "minecraft:custom/earth"
	},
	"elements": [
		{
			"faces": {
				"north": {"uv": [8.125, 4.375, 8.625, 5], "texture": "#0"},
				"east": {"uv": [8.125, 5, 8.625, 5.625], "texture": "#0"},
				"south": {"uv": [8.125, 6.125, 8.625, 6.75], "texture": "#0"},
				"west": {"uv": [8.125, 6.75, 8.625, 7.375], "texture": "#0"},
				"up": {"uv": [9.125, 8.5, 8.625, 8], "texture": "#0"},
				"down": {"uv": [9.125, 8.5, 8.625, 9], "texture": "#0"}
			},
			"to": [8.8, 6, 8.8],
			"from": [7.2, 4, 7.2],
			"rotation": {"angle": 0, "axis": "y", "origin": [10.4, 0.8, 10.4]}
		}
	],
	"display": {
		"head": {
			"translation": [0, 5.6, 0],
			"scale": [4, 4, 4],
			"rotation": [0, 0, 0]
		}
	}
}