{
	"__credit": "Generated using Animated Java (https://animated-java.dev/)",
	"textures": {
		"0": "minecraft:custom/earth"
	},
	"elements": [
		{
			"faces": {
				"north": {"uv": [0, 7.75, 0.5, 8.375], "texture": "#0"},
				"east": {"uv": [9.5, 0, 9.75, 0.625], "texture": "#0"},
				"south": {"uv": [5.625, 7.75, 6.125, 8.375], "texture": "#0"},
				"west": {"uv": [9.5, 0.625, 9.75, 1.25], "texture": "#0"},
				"up": {"uv": [6.625, 9.875, 6.125, 9.625], "texture": "#0"},
				"down": {"uv": [8.875, 9.625, 8.375, 9.875], "texture": "#0"}
			},
			"to": [8.8, 6, 8.4],
			"from": [7.2, 4, 7.6],
			"rotation": {"angle": 0, "axis": "y", "origin": [10.4, 4, 9.2]}
		}
	],
	"display": {
		"head": {
			"translation": [0, 5.6, 0],
			"scale": [4, 4, 4],
			"rotation": [0, 0, 0]
		}
	}
}