{
	"__credit": "Generated using Animated Java (https://animated-java.dev/)",
	"textures": {
		"0": "minecraft:custom/earth"
	},
	"elements": [
		{
			"faces": {
				"north": {"uv": [4.125, 7.625, 4.625, 8.375], "texture": "#0"},
				"east": {"uv": [3.875, 6.875, 4.5, 7.625], "texture": "#0"},
				"south": {"uv": [4.625, 7.625, 5.125, 8.375], "texture": "#0"},
				"west": {"uv": [4.5, 6.875, 5.125, 7.625], "texture": "#0"},
				"up": {"uv": [1.625, 8.625, 1.125, 8], "texture": "#0"},
				"down": {"uv": [8.5, 3.75, 8, 4.375], "texture": "#0"}
			},
			"to": [8.8, 6.2, 9],
			"from": [7.2, 3.8, 7],
			"rotation": {"angle": 0, "axis": "y", "origin": [5.6, 1.8, 8.2]}
		}
	],
	"display": {
		"head": {
			"translation": [0, 5.6, 0],
			"scale": [4, 4, 4],
			"rotation": [0, 0, 0]
		}
	}
}