{
	"__credit": "Generated using Animated Java (https://animated-java.dev/)",
	"textures": {
		"0": "minecraft:custom/earth"
	},
	"elements": [
		{
			"faces": {
				"north": {"uv": [5.25, 6.25, 5.5, 7], "texture": "#0"},
				"east": {"uv": [6.625, 2.625, 7.25, 3.375], "texture": "#0"},
				"south": {"uv": [6.625, 8.75, 6.875, 9.5], "texture": "#0"},
				"west": {"uv": [6.625, 3.375, 7.25, 4.125], "texture": "#0"},
				"up": {"uv": [7.125, 10, 6.875, 9.375], "texture": "#0"},
				"down": {"uv": [9.5, 9.375, 9.25, 10], "texture": "#0"}
			},
			"to": [8.4, 6.2, 9],
			"from": [7.6, 3.8, 7],
			"rotation": {"angle": 0, "axis": "y", "origin": [10.8, 3.8, 5.8]}
		}
	],
	"display": {
		"head": {
			"translation": [0, 5.6, 0],
			"scale": [4, 4, 4],
			"rotation": [0, 0, 0]
		}
	}
}