{
	"__credit": "Generated using Animated Java (https://animated-java.dev/)",
	"textures": {
		"0": "minecraft:custom/earth"
	},
	"elements": [
		{
			"faces": {
				"north": {"uv": [6.875, 8.375, 7.125, 9.375], "texture": "#0"},
				"east": {"uv": [8.625, 6, 8.875, 7], "texture": "#0"},
				"south": {"uv": [8.625, 7, 8.875, 8], "texture": "#0"},
				"west": {"uv": [7.125, 8.625, 7.375, 9.625], "texture": "#0"},
				"up": {"uv": [6.875, 5, 6.625, 4.75], "texture": "#0"},
				"down": {"uv": [0.875, 7.125, 0.625, 7.375], "texture": "#0"}
			},
			"to": [8.4, 6.6, 8.4],
			"from": [7.6, 3.4, 7.6],
			"rotation": {"angle": 0, "axis": "y", "origin": [10.8, 1, 5.2]}
		}
	],
	"display": {
		"head": {
			"translation": [0, 5.6, 0],
			"scale": [4, 4, 4],
			"rotation": [0, 0, 0]
		}
	}
}