{
	"__credit": "Generated using Animated Java (https://animated-java.dev/)",
	"textures": {
		"0": "minecraft:custom/earth"
	},
	"elements": [
		{
			"faces": {
				"north": {"uv": [7.5, 1.25, 8.125, 1.875], "texture": "#0"},
				"east": {"uv": [1.5, 9.5, 1.75, 10.125], "texture": "#0"},
				"south": {"uv": [7.5, 1.875, 8.125, 2.5], "texture": "#0"},
				"west": {"uv": [4.125, 9.5, 4.375, 10.125], "texture": "#0"},
				"up": {"uv": [9.875, 3.625, 9.25, 3.375], "texture": "#0"},
				"down": {"uv": [10, 5.25, 9.375, 5.5], "texture": "#0"}
			},
			"to": [9, 6, 8.4],
			"from": [7, 4, 7.6],
			"rotation": {"angle": 0, "axis": "y", "origin": [5.8, 2, 5.2]}
		}
	],
	"display": {
		"head": {
			"translation": [0, 5.6, 0],
			"scale": [4, 4, 4],
			"rotation": [0, 0, 0]
		}
	}
}