{
	"__credit": "Generated using Animated Java (https://animated-java.dev/)",
	"textures": {
		"0": "minecraft:custom/earth"
	},
	"elements": [
		{
			"faces": {
				"north": {"uv": [9.125, 4, 9.625, 4.375], "texture": "#0"},
				"east": {"uv": [4.125, 9.125, 4.625, 9.5], "texture": "#0"},
				"south": {"uv": [9.125, 4.375, 9.625, 4.75], "texture": "#0"},
				"west": {"uv": [4.625, 9.125, 5.125, 9.5], "texture": "#0"},
				"up": {"uv": [6.625, 2.5, 6.125, 2], "texture": "#0"},
				"down": {"uv": [8.125, 8.375, 7.625, 8.875], "texture": "#0"}
			},
			"to": [8.8, 5.6, 8.8],
			"from": [7.2, 4.4, 7.2],
			"rotation": {"angle": 0, "axis": "y", "origin": [10.4, 4.4, 10.4]}
		}
	],
	"display": {
		"head": {
			"translation": [0, 5.6, 0],
			"scale": [4, 4, 4],
			"rotation": [0, 0, 0]
		}
	}
}