{
	"__credit": "Generated using Animated Java (https://animated-java.dev/)",
	"textures": {
		"0": "minecraft:custom/earth"
	},
	"elements": [
		{
			"faces": {
				"north": {"uv": [9.625, 2.5, 10, 2.875], "texture": "#0"},
				"east": {"uv": [9, 2.5, 9.625, 2.875], "texture": "#0"},
				"south": {"uv": [2.875, 9.625, 3.25, 10], "texture": "#0"},
				"west": {"uv": [9, 3.625, 9.625, 4], "texture": "#0"},
				"up": {"uv": [9.25, 9.625, 8.875, 9], "texture": "#0"},
				"down": {"uv": [9.5, 0, 9.125, 0.625], "texture": "#0"}
			},
			"to": [8.6, 5.6, 9],
			"from": [7.4, 4.4, 7],
			"rotation": {"angle": 0, "axis": "y", "origin": [10.6, -0.8, 7.8]}
		}
	],
	"display": {
		"head": {
			"translation": [0, 5.6, 0],
			"scale": [4, 4, 4],
			"rotation": [0, 0, 0]
		}
	}
}