{
	"__credit": "Generated using Animated Java (https://animated-java.dev/)",
	"textures": {
		"0": "minecraft:custom/earth"
	},
	"elements": [
		{
			"faces": {
				"north": {"uv": [9.125, 0.625, 9.5, 1.25], "texture": "#0"},
				"east": {"uv": [5.625, 9.5, 5.875, 10.125], "texture": "#0"},
				"south": {"uv": [0.75, 9.125, 1.125, 9.75], "texture": "#0"},
				"west": {"uv": [5.875, 9.5, 6.125, 10.125], "texture": "#0"},
				"up": {"uv": [10.125, 1.25, 9.75, 1], "texture": "#0"},
				"down": {"uv": [2.5, 9.75, 2.125, 10], "texture": "#0"}
			},
			"to": [8.6, 6, 8.4],
			"from": [7.4, 4, 7.6],
			"rotation": {"angle": 0, "axis": "y", "origin": [10.6, -0.4, 9.2]}
		}
	],
	"display": {
		"head": {
			"translation": [0, 5.6, 0],
			"scale": [4, 4, 4],
			"rotation": [0, 0, 0]
		}
	}
}