{
	"__credit": "Generated using Animated Java (https://animated-java.dev/)",
	"textures": {
		"0": "minecraft:custom/earth"
	},
	"elements": [
		{
			"faces": {
				"north": {"uv": [1.125, 6.25, 1.875, 7], "texture": "#0"},
				"east": {"uv": [5.125, 9.125, 5.375, 9.875], "texture": "#0"},
				"south": {"uv": [1.875, 6.25, 2.625, 7], "texture": "#0"},
				"west": {"uv": [5.375, 9.125, 5.625, 9.875], "texture": "#0"},
				"up": {"uv": [9.875, 5.75, 9.125, 5.5], "texture": "#0"},
				"down": {"uv": [9.875, 5.75, 9.125, 6], "texture": "#0"}
			},
			"to": [9.2, 6.2, 8.4],
			"from": [6.8, 3.8, 7.6],
			"rotation": {"angle": 0, "axis": "y", "origin": [8, -0.2, 5.2]}
		}
	],
	"display": {
		"head": {
			"translation": [0, 5.6, 0],
			"scale": [4, 4, 4],
			"rotation": [0, 0, 0]
		}
	}
}