{
	"__credit": "Generated using Animated Java (https://animated-java.dev/)",
	"textures": {
		"0": "minecraft:custom/earth"
	},
	"elements": [
		{
			"faces": {
				"north": {"uv": [3.625, 9.625, 4, 10], "texture": "#0"},
				"east": {"uv": [9.25, 7.125, 9.75, 7.5], "texture": "#0"},
				"south": {"uv": [9.625, 3.625, 10, 4], "texture": "#0"},
				"west": {"uv": [9.25, 7.5, 9.75, 7.875], "texture": "#0"},
				"up": {"uv": [9.625, 9.375, 9.25, 8.875], "texture": "#0"},
				"down": {"uv": [9.75, 4.75, 9.375, 5.25], "texture": "#0"}
			},
			"to": [8.6, 5.6, 8.8],
			"from": [7.4, 4.4, 7.2],
			"rotation": {"angle": 0, "axis": "y", "origin": [9, 4.4, 8.4]}
		}
	],
	"display": {
		"head": {
			"translation": [0, 5.6, 0],
			"scale": [4, 4, 4],
			"rotation": [0, 0, 0]
		}
	}
}