{
	"__credit": "Generated using Animated Java (https://animated-java.dev/)",
	"textures": {
		"0": "minecraft:custom/earth"
	},
	"elements": [
		{
			"faces": {
				"north": {"uv": [2, 5.25, 2.875, 6.25], "texture": "#0"},
				"east": {"uv": [5.5, 5, 6.125, 6], "texture": "#0"},
				"south": {"uv": [2.875, 5.25, 3.75, 6.25], "texture": "#0"},
				"west": {"uv": [5.5, 6, 6.125, 7], "texture": "#0"},
				"up": {"uv": [3.5, 6.875, 2.625, 6.25], "texture": "#0"},
				"down": {"uv": [4.375, 6.25, 3.5, 6.875], "texture": "#0"}
			},
			"to": [9.4, 6.6, 9],
			"from": [6.6, 3.4, 7],
			"rotation": {"angle": 0, "axis": "y", "origin": [6.2, 3.4, 10.2]}
		}
	],
	"display": {
		"head": {
			"translation": [0, 5.6, 0],
			"scale": [4, 4, 4],
			"rotation": [0, 0, 0]
		}
	}
}