{
	"__credit": "Generated using Animated Java (https://animated-java.dev/)",
	"textures": {
		"0": "minecraft:custom/earth"
	},
	"elements": [
		{
			"faces": {
				"north": {"uv": [9.5, 7.875, 10.125, 8.125], "texture": "#0"},
				"east": {"uv": [1.625, 8, 1.875, 8.25], "texture": "#0"},
				"south": {"uv": [9.5, 8.125, 10.125, 8.375], "texture": "#0"},
				"west": {"uv": [7.375, 8.625, 7.625, 8.875], "texture": "#0"},
				"up": {"uv": [10.125, 8.625, 9.5, 8.375], "texture": "#0"},
				"down": {"uv": [10.125, 8.625, 9.5, 8.875], "texture": "#0"}
			},
			"to": [9, 5.4, 8.4],
			"from": [7, 4.6, 7.6],
			"rotation": {"angle": 0, "axis": "y", "origin": [10.2, -1, 5.2]}
		}
	],
	"display": {
		"head": {
			"translation": [0, 5.6, 0],
			"scale": [4, 4, 4],
			"rotation": [0, 0, 0]
		}
	}
}