{
	"__credit": "Generated using Animated Java (https://animated-java.dev/)",
	"textures": {
		"0": "minecraft:custom/earth"
	},
	"elements": [
		{
			"faces": {
				"north": {"uv": [8.375, 5.625, 9.125, 6], "texture": "#0"},
				"east": {"uv": [9.125, 9.625, 9.25, 10], "texture": "#0"},
				"south": {"uv": [6.125, 8.375, 6.875, 8.75], "texture": "#0"},
				"west": {"uv": [1, 9.75, 1.125, 10.125], "texture": "#0"},
				"up": {"uv": [7.5, 2, 6.75, 1.875], "texture": "#0"},
				"down": {"uv": [10.375, 3.25, 9.625, 3.375], "texture": "#0"}
			},
			"to": [9.2, 5.6, 8.2],
			"from": [6.8, 4.4, 7.8],
			"rotation": {"angle": 0, "axis": "y", "origin": [8.8, -0.8, 9.4]}
		}
	],
	"display": {
		"head": {
			"translation": [0, 5.6, 0],
			"scale": [4, 4, 4],
			"rotation": [0, 0, 0]
		}
	}
}