{
	"__credit": "Generated using Animated Java (https://animated-java.dev/)",
	"textures": {
		"0": "minecraft:custom/earth"
	},
	"elements": [
		{
			"faces": {
				"north": {"uv": [6.625, 4.125, 7.375, 4.75], "texture": "#0"},
				"east": {"uv": [6.75, 0, 7.5, 0.625], "texture": "#0"},
				"south": {"uv": [6.75, 0.625, 7.5, 1.25], "texture": "#0"},
				"west": {"uv": [6.75, 1.25, 7.5, 1.875], "texture": "#0"},
				"up": {"uv": [6.875, 5.75, 6.125, 5], "texture": "#0"},
				"down": {"uv": [6.875, 5.75, 6.125, 6.5], "texture": "#0"}
			},
			"to": [9.2, 6, 9.2],
			"from": [6.8, 4, 6.8],
			"rotation": {"angle": 0, "axis": "y", "origin": [6, 4, 8]}
		}
	],
	"display": {
		"head": {
			"translation": [0, 5.6, 0],
			"scale": [4, 4, 4],
			"rotation": [0, 0, 0]
		}
	}
}