{
"credit": "Made with Blockbench",
"texture_size": [64, 64],
"textures": {
"0": "custom/skin7",
"particle": "custom/skin7"
}
,
"elements": [
{
"from": [6, -6, 6],
"to": [10, 6, 10],
"rotation": {"angle": 0, "axis": "y", "origin": [8, 4, 8]},
"faces": {
"north": {"uv": [1, 5, 2, 8], "texture": "#0"},
"east": {"uv": [0, 5, 1, 8], "texture": "#0"},
"south": {"uv": [3, 5, 4, 8], "texture": "#0"},
"west": {"uv": [2, 5, 3, 8], "texture": "#0"},
"up": {"uv": [1, 4, 2, 5], "rotation": 180, "texture": "#0"},
"down": {"uv": [2, 4, 3, 5], "texture": "#0"}
}
}
,
{
"from": [5.8, -6.2, 5.8],
"to": [10.2, 6.2, 10.2],
"rotation": {"angle": 0, "axis": "y", "origin": [8, 4, 8]},
"faces": {
"north": {"uv": [1, 9, 2, 12], "texture": "#0"},
"east": {"uv": [0, 9, 1, 12], "texture": "#0"},
"south": {"uv": [3, 9, 4, 12], "texture": "#0"},
"west": {"uv": [2, 9, 3, 12], "texture": "#0"},
"up": {"uv": [1, 8, 2, 9], "rotation": 180, "texture": "#0"},
"down": {"uv": [2, 8, 3, 9], "texture": "#0"}
}
}
],
"display": {
"head": {
"scale": [1.5, 1.5, 1.5],
"translation": [0.0, -1.75, 0.0]
}
}
}
