{
	"credit": "Made with Blockbench",
	"texture_size": [32, 32],
	"textures": {
		"0": "custom/alarm",
		"particle": "custom/alarm"
	},
	"elements": [
		{
			"name": "body",
			"from": [3, 0, 3],
			"to": [13, 4, 13],
			"faces": {
				"north": {"uv": [0, 10, 5, 12], "texture": "#0"},
				"east": {"uv": [9, 10.5, 14, 12.5], "texture": "#0"},
				"south": {"uv": [0, 12, 5, 14], "texture": "#0"},
				"west": {"uv": [5, 12.5, 10, 14.5], "texture": "#0"},
				"up": {"uv": [5, 5, 0, 0], "texture": "#0"},
				"down": {"uv": [5, 5, 0, 10], "texture": "#0"}
			}
		},
		{
			"name": "body",
			"from": [4, 4, 4],
			"to": [12, 11, 12],
			"faces": {
				"north": {"uv": [5, 8, 9, 11.5], "texture": "#0"},
				"east": {"uv": [9, 0, 13, 3.5], "texture": "#0"},
				"south": {"uv": [9, 3.5, 13, 7], "texture": "#0"},
				"west": {"uv": [9, 7, 13, 10.5], "texture": "#0"},
				"up": {"uv": [9, 4, 5, 0], "texture": "#0"},
				"down": {"uv": [9, 4, 5, 8], "texture": "#0"}
			}
		}
	],
	"display": {
		"head": {
			"translation": [0, -35.25, 0],
			"scale": [1.2, 1.2, 1.2]
		}
	},
	"groups": [
		{
			"name": "body",
			"origin": [0, 8, 0],
			"color": 0,
			"shade": false,
			"children": [
				0,
				1,
				{
					"name": "bone",
					"origin": [0, 7.5, 0],
					"color": 1,
					"children": []
				}
			]
		}
	]
}