{
	"credit": "Made with Blockbench",
	"texture_size": [64, 64],
	"textures": {
		"0": "custom/alarm_light",
		"particle": "custom/alarm_light"
	},
	"elements": [
		{
			"name": "bone",
			"from": [-16, 4, 8],
			"to": [32, 11, 8],
			"faces": {
				"north": {"uv": [0, 0, 12, 1.75], "texture": "#0"},
				"east": {"uv": [0, 0, 0, 1.75], "texture": "#0"},
				"south": {"uv": [0, 1.75, 12, 3.5], "texture": "#0"},
				"west": {"uv": [0, 0, 0, 1.75], "texture": "#0"},
				"up": {"uv": [12, 0, 0, 0], "texture": "#0"},
				"down": {"uv": [12, 0, 0, 0], "texture": "#0"}
			}
		}
	],
	"display": {
		"head": {
			"translation": [0, -32.75, 0],
			"scale": [1.2, 1.2, 1.2]
		}
	},
	"groups": [
		{
			"name": "bone",
			"origin": [0, 7.5, 0],
			"color": 1,
			"children": [0]
		}
	]
}