{
	"credit": "Made with Blockbench",
	"texture_size": [64, 64],
	"textures": {
		"0": "custom/crown_empty",
		"particle": "custom/crown_empty"
	},
	"elements": [
		{
			"from": [2, 0, 2],
			"to": [14, 4, 14],
			"faces": {
				"north": {"uv": [3, 0, 6, 1], "texture": "#0"},
				"east": {"uv": [3, 1, 6, 2], "texture": "#0"},
				"south": {"uv": [3, 2, 6, 3], "texture": "#0"},
				"west": {"uv": [3, 3, 6, 4], "texture": "#0"},
				"up": {"uv": [3, 3, 0, 0], "texture": "#0"},
				"down": {"uv": [3, 3, 0, 6], "texture": "#0"}
			}
		},
		{
			"from": [11, 4, 2],
			"to": [14, 7, 5],
			"faces": {
				"north": {"uv": [6.75, 5.75, 7.5, 6.5], "texture": "#0"},
				"east": {"uv": [6.75, 6.5, 7.5, 7.25], "texture": "#0"},
				"south": {"uv": [7, 0, 7.75, 0.75], "texture": "#0"},
				"west": {"uv": [0, 7.25, 0.75, 8], "texture": "#0"},
				"up": {"uv": [1.5, 8, 0.75, 7.25], "texture": "#0"},
				"down": {"uv": [2.25, 7.25, 1.5, 8], "texture": "#0"}
			}
		},
		{
			"from": [2, 4, 2],
			"to": [5, 7, 5],
			"faces": {
				"north": {"uv": [3.25, 7.25, 4, 8], "texture": "#0"},
				"east": {"uv": [4, 7.25, 4.75, 8], "texture": "#0"},
				"south": {"uv": [6.75, 7.25, 7.5, 8], "texture": "#0"},
				"west": {"uv": [7.5, 2.75, 8.25, 3.5], "texture": "#0"},
				"up": {"uv": [8.25, 4.25, 7.5, 3.5], "texture": "#0"},
				"down": {"uv": [8.25, 4.25, 7.5, 5], "texture": "#0"}
			}
		},
		{
			"from": [6, 4, 2],
			"to": [10, 9, 5],
			"faces": {
				"north": {"uv": [3, 4, 4, 5.25], "texture": "#0"},
				"east": {"uv": [1, 6, 1.75, 7.25], "texture": "#0"},
				"south": {"uv": [4, 4, 5, 5.25], "texture": "#0"},
				"west": {"uv": [6, 1.25, 6.75, 2.5], "texture": "#0"},
				"up": {"uv": [4.25, 7.25, 3.25, 6.5], "texture": "#0"},
				"down": {"uv": [5.25, 6.5, 4.25, 7.25], "texture": "#0"}
			}
		},
		{
			"from": [2, 4, 6],
			"to": [5, 9, 10],
			"faces": {
				"north": {"uv": [6, 3.75, 6.75, 5], "texture": "#0"},
				"east": {"uv": [4, 5.25, 5, 6.5], "texture": "#0"},
				"south": {"uv": [6, 5, 6.75, 6.25], "texture": "#0"},
				"west": {"uv": [5, 5.25, 6, 6.5], "texture": "#0"},
				"up": {"uv": [6, 7.5, 5.25, 6.5], "texture": "#0"},
				"down": {"uv": [7.5, 2.75, 6.75, 3.75], "texture": "#0"}
			}
		},
		{
			"from": [11, 4, 6],
			"to": [14, 9, 10],
			"faces": {
				"north": {"uv": [6, 6.25, 6.75, 7.5], "texture": "#0"},
				"east": {"uv": [0, 6, 1, 7.25], "texture": "#0"},
				"south": {"uv": [2.5, 6.5, 3.25, 7.75], "texture": "#0"},
				"west": {"uv": [6, 0, 7, 1.25], "texture": "#0"},
				"up": {"uv": [7.5, 4.75, 6.75, 3.75], "texture": "#0"},
				"down": {"uv": [7.5, 4.75, 6.75, 5.75], "texture": "#0"}
			}
		},
		{
			"from": [2, 4, 11],
			"to": [5, 7, 14],
			"faces": {
				"north": {"uv": [7.75, 0, 8.5, 0.75], "texture": "#0"},
				"east": {"uv": [7.75, 0.75, 8.5, 1.5], "texture": "#0"},
				"south": {"uv": [7.75, 1.5, 8.5, 2.25], "texture": "#0"},
				"west": {"uv": [2.25, 7.75, 3, 8.5], "texture": "#0"},
				"up": {"uv": [0.75, 8.75, 0, 8], "texture": "#0"},
				"down": {"uv": [1.5, 8, 0.75, 8.75], "texture": "#0"}
			}
		},
		{
			"from": [6, 4, 11],
			"to": [10, 9, 14],
			"faces": {
				"north": {"uv": [5, 4, 6, 5.25], "texture": "#0"},
				"east": {"uv": [1.75, 6, 2.5, 7.25], "texture": "#0"},
				"south": {"uv": [3, 5.25, 4, 6.5], "texture": "#0"},
				"west": {"uv": [6, 2.5, 6.75, 3.75], "texture": "#0"},
				"up": {"uv": [7.75, 2, 6.75, 1.25], "texture": "#0"},
				"down": {"uv": [7.75, 2, 6.75, 2.75], "texture": "#0"}
			}
		},
		{
			"from": [11, 4, 11],
			"to": [14, 7, 14],
			"faces": {
				"north": {"uv": [4.75, 7.5, 5.5, 8.25], "texture": "#0"},
				"east": {"uv": [7.5, 5, 8.25, 5.75], "texture": "#0"},
				"south": {"uv": [5.5, 7.5, 6.25, 8.25], "texture": "#0"},
				"west": {"uv": [7.5, 5.75, 8.25, 6.5], "texture": "#0"},
				"up": {"uv": [8.25, 7.25, 7.5, 6.5], "texture": "#0"},
				"down": {"uv": [8.25, 7.25, 7.5, 8], "texture": "#0"}
			}
		}
	],
	"display": {
		"thirdperson_righthand": {
			"translation": [0, 2.5, 1.75],
			"scale": [0.57, 0.57, 0.57]
		},
		"ground": {
			"translation": [0, 5, 0]
		},
		"gui": {
			"rotation": [28, -33, 0],
			"translation": [0, 3, 0]
		},
		"head": {
			"translation": [0, -6.5, 0],
			"scale": [1.12, 1.12, 1.12]
		}
	}
}