{
	"credit": "Made with Blockbench",
	"textures": {
		"0": "custom/pot",
		"particle": "custom/pot"
	},
	"elements": [
		{
			"name": "body",
			"from": [1, -16, 2],
			"to": [13, -14, 14],
			"rotation": {"angle": 0, "axis": "y", "origin": [7, -16, 8]},
			"faces": {
				"north": {"uv": [7.5, 6.25, 6, 6], "texture": "#0"},
				"east": {"uv": [6, 6.25, 4.5, 6], "texture": "#0"},
				"south": {"uv": [10.5, 6.25, 9, 6], "texture": "#0"},
				"west": {"uv": [9, 6.25, 7.5, 6], "texture": "#0"},
				"up": {"uv": [7.5, 6, 6, 4.5], "texture": "#0"},
				"down": {"uv": [9, 6, 7.5, 4.5], "texture": "#0"}
			}
		},
		{
			"name": "body",
			"from": [1, -2, 2],
			"to": [13, 1, 14],
			"rotation": {"angle": 0, "axis": "y", "origin": [7, -16, 8]},
			"faces": {
				"north": {"uv": [1.5, 4.5, 3, 4.875], "texture": "#0"},
				"east": {"uv": [0, 4.5, 1.5, 4.875], "texture": "#0"},
				"south": {"uv": [4.5, 4.5, 6, 4.875], "texture": "#0"},
				"west": {"uv": [3, 4.5, 4.5, 4.875], "texture": "#0"},
				"up": {"uv": [1.5, 3, 3, 4.5], "texture": "#0"},
				"down": {"uv": [3, 3, 4.5, 4.5], "texture": "#0"}
			}
		},
		{
			"name": "body",
			"from": [2, -4, 3],
			"to": [12, -2, 13],
			"rotation": {"angle": 0, "axis": "y", "origin": [7, -16, 8]},
			"faces": {
				"north": {"uv": [5.75, 4.25, 7, 4.5], "texture": "#0"},
				"east": {"uv": [4.5, 4.25, 5.75, 4.5], "texture": "#0"},
				"south": {"uv": [8.25, 4.25, 9.5, 4.5], "texture": "#0"},
				"west": {"uv": [7, 4.25, 8.25, 4.5], "texture": "#0"},
				"up": {"uv": [5.75, 3, 7, 4.25], "texture": "#0"},
				"down": {"uv": [7, 3, 8.25, 4.25], "texture": "#0"}
			}
		},
		{
			"name": "body",
			"from": [0, -14, 1],
			"to": [14, -4, 15],
			"rotation": {"angle": 0, "axis": "y", "origin": [7, -16, 8]},
			"faces": {
				"north": {"uv": [1.75, 1.75, 3.5, 3], "texture": "#0"},
				"east": {"uv": [0, 1.75, 1.75, 3], "texture": "#0"},
				"south": {"uv": [5.25, 1.75, 7, 3], "texture": "#0"},
				"west": {"uv": [3.5, 1.75, 5.25, 3], "texture": "#0"},
				"up": {"uv": [1.75, 0, 3.5, 1.75], "texture": "#0"},
				"down": {"uv": [3.5, 0, 5.25, 1.75], "texture": "#0"}
			}
		},
		{
			"name": "bone",
			"from": [1, 1.3806, 11.91342],
			"to": [13, 25.3806, 11.91342],
			"rotation": {"angle": 22.5, "axis": "x", "origin": [7, 6, 10]},
			"faces": {
				"north": {"uv": [4.875, 7, 6.375, 10], "texture": "#0"},
				"east": {"uv": [3.375, 7, 4.875, 10], "texture": "#0"},
				"south": {"uv": [6.375, 7, 4.875, 10], "texture": "#0"},
				"west": {"uv": [3.375, 7, 4.875, 10], "texture": "#0"},
				"up": {"uv": [3.375, 7, 4.875, 10], "texture": "#0"},
				"down": {"uv": [3.375, 7, 4.875, 10], "texture": "#0"}
			}
		},
		{
			"name": "bone",
			"from": [1, 22.92364, 21.68313],
			"to": [13, 22.92364, 26.68313],
			"rotation": {"angle": 45, "axis": "x", "origin": [7, 26.10561, 20.71831]},
			"faces": {
				"north": {"uv": [3.375, 7, 4.875, 10], "rotation": 180, "texture": "#0"},
				"east": {"uv": [3.375, 7, 4.875, 10], "rotation": 270, "texture": "#0"},
				"south": {"uv": [3.375, 7, 4.875, 10], "texture": "#0"},
				"west": {"uv": [3.375, 7, 4.875, 10], "rotation": 90, "texture": "#0"},
				"up": {"uv": [4.875, 6.5, 6.375, 7], "rotation": 180, "texture": "#0"},
				"down": {"uv": [6.375, 6.5, 4.875, 7], "texture": "#0"}
			}
		},
		{
			"name": "bone",
			"from": [1, 14.9056, -3.58169],
			"to": [13, 14.9056, 1.41831],
			"rotation": {"angle": 0, "axis": "x", "origin": [7, 22.10561, -0.28169]},
			"faces": {
				"north": {"uv": [11.625, 0.375, 13.125, 0.875], "rotation": 180, "texture": "#0"},
				"east": {"uv": [11.625, 0.375, 13.125, 0.875], "rotation": 180, "texture": "#0"},
				"south": {"uv": [11.625, 0.375, 13.125, 0.875], "rotation": 180, "texture": "#0"},
				"west": {"uv": [11.625, 0.375, 13.125, 0.875], "rotation": 180, "texture": "#0"},
				"up": {"uv": [5, 7, 6.375, 6.5], "rotation": 180, "texture": "#0"},
				"down": {"uv": [4.875, 6.375, 6.375, 6.875], "rotation": 180, "texture": "#0"}
			}
		},
		{
			"name": "bone2",
			"from": [1, 1.3806, 5.08658],
			"to": [13, 16.3806, 5.08658],
			"rotation": {"angle": -22.5, "axis": "x", "origin": [7, 6.5, 7]},
			"faces": {
				"north": {"uv": [13.5, 1, 14.75, 2.875], "texture": "#0"},
				"east": {"uv": [13.5, 1, 14.75, 2.875], "texture": "#0"},
				"south": {"uv": [13.5, 1, 14.75, 2.875], "texture": "#0"},
				"west": {"uv": [13.5, 1, 14.75, 2.875], "texture": "#0"},
				"up": {"uv": [13.5, 1, 14.75, 2.875], "texture": "#0"},
				"down": {"uv": [13.5, 1, 14.75, 2.875], "texture": "#0"}
			}
		}
	],
	"display": {
		"head": {
			"rotation": [0, 90, 0],
			"translation": [0, -14.75, 0],
			"scale": [1.5, 1.5, 1.5]
		}
	},
	"groups": [
		{
			"name": "body",
			"origin": [0, 5, 3],
			"color": 0,
			"shade": false,
			"children": [
				0,
				1,
				2,
				3,
				{
					"name": "bone",
					"origin": [0, 18, 0],
					"rotation": [20, 10, 0],
					"color": 0,
					"children": [4, 5, 6]
				},
				{
					"name": "bone2",
					"origin": [0, 18, -1],
					"rotation": [-15, 10, 0],
					"color": 0,
					"children": [7]
				}
			]
		}
	]
}