{
	"credit": "Made with Blockbench",
	"texture_size": [64, 64],
	"textures": {
		"0": "custom/paper_stack",
		"particle": "custom/paper_stack"
	},
	"elements": [
		{
			"from": [4, 0, 3],
			"to": [12, 6, 14],
			"faces": {
				"north": {"uv": [6, 1.5, 8, 3], "texture": "#0"},
				"east": {"uv": [4, 5.5, 6.75, 7], "texture": "#0"},
				"south": {"uv": [6, 3, 8, 4.5], "texture": "#0"},
				"west": {"uv": [6, 0, 8.75, 1.5], "texture": "#0"},
				"up": {"uv": [2, 2.75, 0, 0], "texture": "#0"},
				"down": {"uv": [4, 0, 2, 2.75], "texture": "#0"}
			}
		},
		{
			"from": [5, 2, -2],
			"to": [13, 2, 9],
			"rotation": {"angle": -22.5, "axis": "y", "origin": [0, 0, 0]},
			"faces": {
				"north": {"uv": [0, 0, 2, 0], "texture": "#0"},
				"east": {"uv": [0, 0, 2.75, 0], "texture": "#0"},
				"south": {"uv": [0, 0, 2, 0], "texture": "#0"},
				"west": {"uv": [0, 0, 2.75, 0], "texture": "#0"},
				"up": {"uv": [2, 5.5, 0, 2.75], "texture": "#0"},
				"down": {"uv": [4, 2.75, 2, 5.5], "texture": "#0"}
			}
		},
		{
			"from": [0, 3, 5],
			"to": [8, 3, 16],
			"rotation": {"angle": 22.5, "axis": "y", "origin": [0, 0, 0]},
			"faces": {
				"north": {"uv": [0, 0, 2, 0], "texture": "#0"},
				"east": {"uv": [0, 0, 2.75, 0], "texture": "#0"},
				"south": {"uv": [0, 0, 2, 0], "texture": "#0"},
				"west": {"uv": [0, 0, 2.75, 0], "texture": "#0"},
				"up": {"uv": [6, 2.75, 4, 0], "texture": "#0"},
				"down": {"uv": [6, 2.75, 4, 5.5], "texture": "#0"}
			}
		},
		{
			"from": [0, 4, 7],
			"to": [8, 4, 18],
			"rotation": {"angle": 22.5, "axis": "y", "origin": [0, 0, 0]},
			"faces": {
				"north": {"uv": [0, 0, 2, 0], "texture": "#0"},
				"east": {"uv": [0, 0, 2.75, 0], "texture": "#0"},
				"south": {"uv": [0, 0, 2, 0], "texture": "#0"},
				"west": {"uv": [0, 0, 2.75, 0], "texture": "#0"},
				"up": {"uv": [2, 8.25, 0, 5.5], "texture": "#0"},
				"down": {"uv": [4, 5.5, 2, 8.25], "texture": "#0"}
			}
		}
	],
	"display": {
		"head": {
			"translation": [0, -35, 0]
		}
	},
	"groups": [
		{
			"name": "group",
			"origin": [0, 0, 0],
			"color": 0,
			"children": [0]
		},
		{
			"name": "group",
			"origin": [8, 8, 8],
			"color": 0,
			"children": [
				1,
				{
					"name": "group",
					"origin": [0, 0, 0],
					"color": 0,
					"children": [
						2,
						{
							"name": "group",
							"origin": [0, 0, 0],
							"color": 0,
							"children": [3]
						}
					]
				}
			]
		}
	]
}