{
	"credit": "Made with Blockbench",
	"texture_size": [32, 32],
	"textures": {
		"0": "custom/projector_table",
		"1": "custom/projector",
		"particle": "custom/projector_table"
	},
	"elements": [
		{
			"from": [0, 20, -4],
			"to": [16, 24, 20],
			"faces": {
				"north": {"uv": [4, 8, 8, 9], "texture": "#0"},
				"east": {"uv": [6, 6, 12, 7], "texture": "#0"},
				"south": {"uv": [0, 8, 4, 9], "texture": "#0"},
				"west": {"uv": [6, 7, 12, 8], "texture": "#0"},
				"up": {"uv": [6, 4, 0, 0], "rotation": 90, "texture": "#0"},
				"down": {"uv": [6, 4, 0, 8], "rotation": 270, "texture": "#0"}
			}
		},
		{
			"from": [0, 24, 16],
			"to": [16, 28, 19],
			"faces": {
				"north": {"uv": [0, 9, 4, 10], "texture": "#0"},
				"east": {"uv": [9.75, 4, 10.5, 5], "texture": "#0"},
				"south": {"uv": [8, 8, 12, 9], "texture": "#0"},
				"west": {"uv": [9.75, 5, 10.5, 6], "texture": "#0"},
				"up": {"uv": [9.75, 6, 9, 2], "rotation": 90, "texture": "#0"},
				"down": {"uv": [4.75, 9, 4, 13], "rotation": 270, "texture": "#0"}
			}
		},
		{
			"from": [0, 24, -3],
			"to": [16, 28, 0],
			"faces": {
				"north": {"uv": [9, 1, 13, 2], "texture": "#0"},
				"east": {"uv": [10.5, 4, 11.25, 5], "texture": "#0"},
				"south": {"uv": [9, 0, 13, 1], "texture": "#0"},
				"west": {"uv": [10.5, 5, 11.25, 6], "texture": "#0"},
				"up": {"uv": [5.5, 13, 4.75, 9], "rotation": 90, "texture": "#0"},
				"down": {"uv": [6.25, 9, 5.5, 13], "rotation": 270, "texture": "#0"}
			}
		},
		{
			"from": [2, 0, 2],
			"to": [14, 4, 14],
			"faces": {
				"north": {"uv": [9.75, 3, 12.75, 4], "texture": "#0"},
				"east": {"uv": [6.25, 9, 9.25, 10], "texture": "#0"},
				"south": {"uv": [9.25, 9, 12.25, 10], "texture": "#0"},
				"west": {"uv": [9.75, 2, 12.75, 3], "texture": "#0"},
				"up": {"uv": [9, 3, 6, 0], "rotation": 90, "texture": "#0"},
				"down": {"uv": [9, 3, 6, 6], "rotation": 270, "texture": "#0"}
			}
		},
		{
			"from": [10, 4, 10],
			"to": [13, 20, 13],
			"faces": {
				"north": {"uv": [2.25, 10, 3, 14], "texture": "#0"},
				"east": {"uv": [0, 10, 0.75, 14], "texture": "#0"},
				"south": {"uv": [0.75, 10, 1.5, 14], "texture": "#0"},
				"west": {"uv": [1.5, 10, 2.25, 14], "texture": "#0"},
				"up": {"uv": [12, 4.75, 11.25, 4], "rotation": 90, "texture": "#0"},
				"down": {"uv": [12, 4.75, 11.25, 5.5], "rotation": 270, "texture": "#0"}
			}
		},
		{
			"from": [10, 4, 3],
			"to": [13, 20, 6],
			"faces": {
				"north": {"uv": [7.75, 10, 8.5, 14], "texture": "#0"},
				"east": {"uv": [3, 10, 3.75, 14], "texture": "#0"},
				"south": {"uv": [6.25, 10, 7, 14], "texture": "#0"},
				"west": {"uv": [7, 10, 7.75, 14], "texture": "#0"},
				"up": {"uv": [13.5, 2.75, 12.75, 2], "rotation": 90, "texture": "#0"},
				"down": {"uv": [13.5, 2.75, 12.75, 3.5], "rotation": 270, "texture": "#0"}
			}
		},
		{
			"from": [3, 4, 10],
			"to": [6, 20, 13],
			"faces": {
				"north": {"uv": [10.75, 10, 11.5, 14], "texture": "#0"},
				"east": {"uv": [8.5, 10, 9.25, 14], "texture": "#0"},
				"south": {"uv": [9.25, 10, 10, 14], "texture": "#0"},
				"west": {"uv": [10, 10, 10.75, 14], "texture": "#0"},
				"up": {"uv": [13.5, 4.25, 12.75, 3.5], "rotation": 90, "texture": "#0"},
				"down": {"uv": [13.5, 4.25, 12.75, 5], "rotation": 270, "texture": "#0"}
			}
		},
		{
			"from": [3, 4, 3],
			"to": [6, 20, 6],
			"faces": {
				"north": {"uv": [12.25, 12, 13, 16], "texture": "#0"},
				"east": {"uv": [11.5, 10, 12.25, 14], "texture": "#0"},
				"south": {"uv": [12, 4, 12.75, 8], "texture": "#0"},
				"west": {"uv": [12.25, 8, 13, 12], "texture": "#0"},
				"up": {"uv": [13.5, 5.75, 12.75, 5], "rotation": 90, "texture": "#0"},
				"down": {"uv": [13.5, 5.75, 12.75, 6.5], "rotation": 270, "texture": "#0"}
			}
		},
		{
			"name": "body",
			"from": [1, 24, 0],
			"to": [14, 30, 16],
			"faces": {
				"north": {"uv": [8, 9, 14.5, 12], "texture": "#1"},
				"east": {"uv": [8, 0, 16, 3], "texture": "#1"},
				"south": {"uv": [8, 6, 14.5, 9], "texture": "#1"},
				"west": {"uv": [8, 3, 16, 6], "texture": "#1"},
				"up": {"uv": [8, 6.5, 0, 0], "rotation": 90, "texture": "#1"},
				"down": {"uv": [8, 6.5, 0, 13], "rotation": 270, "texture": "#1"}
			}
		},
		{
			"name": "body",
			"from": [14, 24.5, 2],
			"to": [16, 29.5, 7],
			"faces": {
				"north": {"uv": [1, 13, 2, 15.5], "texture": "#1"},
				"east": {"uv": [8, 12, 10.5, 14.5], "texture": "#1"},
				"south": {"uv": [0, 13, 1, 15.5], "texture": "#1"},
				"west": {"uv": [10.5, 12, 13, 14.5], "texture": "#1"},
				"up": {"uv": [4.5, 14, 2, 13], "rotation": 90, "texture": "#1"},
				"down": {"uv": [7, 13, 4.5, 14], "rotation": 270, "texture": "#1"}
			}
		}
	],
	"display": {
		"head": {
			"translation": [0, -35, 0]
		}
	},
	"groups": [
		{
			"name": "group",
			"origin": [8, 8, 8],
			"color": 0,
			"children": [
				0,
				1,
				2,
				3,
				4,
				5,
				6,
				7,
				{
					"name": "group",
					"origin": [0, 0, 0],
					"color": 0,
					"children": []
				},
				{
					"name": "group",
					"origin": [0, 0, 0],
					"color": 0,
					"children": []
				},
				{
					"name": "group",
					"origin": [0, 0, 0],
					"color": 0,
					"children": []
				}
			]
		},
		{
			"name": "body",
			"origin": [0, 8, 0],
			"color": 0,
			"shade": false,
			"children": [
				8,
				9,
				{
					"name": "bone",
					"origin": [0, 8, 0],
					"color": 1,
					"children": []
				}
			]
		}
	]
}