{
	"__credit": "Generated using Animated Java (https://animated-java.dev/)",
	"textures": {
		"0": "minecraft:custom/boxlaser"
	},
	"elements": [
		{
			"faces": {
				"north": {"uv": [4, 10.75, 8, 13], "texture": "#0"},
				"east": {"uv": [0, 10.75, 4, 13], "texture": "#0"},
				"south": {"uv": [12, 10.75, 16, 13], "texture": "#0"},
				"west": {"uv": [8, 10.75, 12, 13], "texture": "#0"},
				"up": {"uv": [8, 10.75, 4, 6.75], "texture": "#0"},
				"down": {"uv": [12, 6.75, 8, 10.75], "texture": "#0"}
			},
			"to": [11.2, 8, 11.4],
			"from": [4.8, 4.4, 5],
			"rotation": {"angle": 0, "axis": "y", "origin": [8, 4.4, 8.2]}
		}
	],
	"display": {
		"head": {
			"translation": [0, 5.6, 0],
			"scale": [4, 4, 4],
			"rotation": [0, 0, 0]
		}
	}
}