{
	"__credit": "Generated using Animated Java (https://animated-java.dev/)",
	"textures": {
		"0": "minecraft:custom/boxlaser"
	},
	"elements": [
		{
			"faces": {
				"north": {"uv": [10, 14, 12, 16], "texture": "#0"},
				"east": {"uv": [8, 14, 10, 16], "texture": "#0"},
				"south": {"uv": [14, 14, 16, 16], "texture": "#0"},
				"west": {"uv": [12, 14, 14, 16], "texture": "#0"},
				"up": {"uv": [12, 16, 10, 14], "texture": "#0"},
				"down": {"uv": [14, 14, 12, 16], "texture": "#0"}
			},
			"to": [9.6, 9, 9.6],
			"from": [6.4, 5.8, 6.4],
			"rotation": {"angle": 0, "axis": "y", "origin": [8, 3, 8]}
		}
	],
	"display": {
		"head": {
			"translation": [0, 5.6, 0],
			"scale": [4, 4, 4],
			"rotation": [0, 0, 0]
		}
	}
}