{
	"__credit": "Generated using Animated Java (https://animated-java.dev/)",
	"textures": {
		"0": "minecraft:custom/boxlaser"
	},
	"elements": [
		{
			"faces": {
				"north": {"uv": [4, 4, 8, 6.75], "texture": "#0"},
				"east": {"uv": [0, 4, 4, 6.75], "texture": "#0"},
				"south": {"uv": [12, 4, 16, 6.75], "texture": "#0"},
				"west": {"uv": [8, 4, 12, 6.75], "texture": "#0"},
				"up": {"uv": [8, 4, 4, 0], "texture": "#0"},
				"down": {"uv": [12, 0, 8, 4], "texture": "#0"}
			},
			"to": [11.2, 10.2, 11.2],
			"from": [4.8, 5.8, 4.8],
			"rotation": {"angle": 0, "axis": "y", "origin": [8, 3.8, 8]}
		}
	],
	"display": {
		"head": {
			"translation": [0, 5.6, 0],
			"scale": [4, 4, 4],
			"rotation": [0, 0, 0]
		}
	}
}