{
    "providers": [
        {
            "type": "bitmap",
            "file": "custom:font/marker.png",
            "ascent": -16,
            "height": 16,
            "chars": ["0"]
        },
        {
            "type": "bitmap",
            "file": "custom:font/a_site.png",
            "ascent": -16,
            "height": 16,
            "chars": ["1"]
        },
        {
            "type": "bitmap",
            "file": "custom:font/b_site.png",
            "ascent": -16,
            "height": 16,
            "chars": ["2"]
        },
        {
            "type": "bitmap",
            "file": "custom:font/c4.png",
            "ascent": -16,
            "height": 16,
            "chars": ["3"]
        }
    ]
}
