{
	"credit": "Made with Blockbench",
	"textures": {
		"0": "slot_1:item/mag7/0",
		"particle": "slot_1:item/mag7/0"
	},
	"elements": [
		{
			"from": [8.89, 7.2, 8.7],
			"to": [8.99, 8.2, 11.1],
			"rotation": {"angle": 0, "axis": "y", "origin": [8, 7.5, 9]},
			"faces": {
				"north": {"uv": [12, 12, 16, 16], "texture": "#0"},
				"east": {"uv": [12, 12, 16, 16], "texture": "#0"},
				"south": {"uv": [12, 12, 16, 16], "texture": "#0"},
				"west": {"uv": [12, 12, 16, 16], "texture": "#0"},
				"up": {"uv": [12, 12, 16, 16], "texture": "#0"},
				"down": {"uv": [12, 12, 16, 16], "texture": "#0"}
			}
		},
		{
			"from": [6.9, 6.50234, 0.90749],
			"to": [9.1, 7.30234, 4.80749],
			"rotation": {"angle": 0, "axis": "x", "origin": [8, 5.30234, 1.00749]},
			"faces": {
				"north": {"uv": [12, 4, 16, 8], "rotation": 180, "texture": "#0"},
				"east": {"uv": [12, 4, 16, 8], "rotation": 180, "texture": "#0"},
				"south": {"uv": [12, 4, 16, 8], "rotation": 180, "texture": "#0"},
				"west": {"uv": [12, 4, 16, 8], "rotation": 180, "texture": "#0"},
				"up": {"uv": [12, 4, 16, 8], "texture": "#0"},
				"down": {"uv": [12, 4, 16, 8], "texture": "#0"}
			}
		},
		{
			"from": [6.87866, 5.60163, 3.58905],
			"to": [9.07866, 6.50163, 4.88905],
			"rotation": {"angle": 45, "axis": "x", "origin": [7.97866, 6.15163, 4.53905]},
			"faces": {
				"north": {"uv": [12, 4, 16, 8], "texture": "#0"},
				"east": {"uv": [12, 4, 16, 8], "texture": "#0"},
				"south": {"uv": [12, 4, 16, 8], "texture": "#0"},
				"west": {"uv": [12, 4, 16, 8], "texture": "#0"},
				"up": {"uv": [12, 4, 16, 8], "texture": "#0"},
				"down": {"uv": [12, 4, 16, 8], "texture": "#0"}
			}
		},
		{
			"from": [6.9, 6.08574, 3.81585],
			"to": [9.1, 7.18574, 4.71585],
			"rotation": {"angle": -22.5, "axis": "x", "origin": [8, 7.82576, 4.01585]},
			"faces": {
				"north": {"uv": [12, 4, 16, 8], "texture": "#0"},
				"east": {"uv": [12, 4, 16, 8], "texture": "#0"},
				"south": {"uv": [12, 4, 16, 8], "texture": "#0"},
				"west": {"uv": [12, 4, 16, 8], "texture": "#0"},
				"up": {"uv": [12, 4, 16, 8], "texture": "#0"},
				"down": {"uv": [12, 4, 16, 8], "texture": "#0"}
			}
		},
		{
			"from": [6.87866, 5.31268, 4.61593],
			"to": [9.07866, 6.57268, 5.11593],
			"rotation": {"angle": 22.5, "axis": "x", "origin": [7.97866, 5.96268, 5.01593]},
			"faces": {
				"north": {"uv": [12, 4, 16, 8], "texture": "#0"},
				"east": {"uv": [12, 4, 16, 8], "texture": "#0"},
				"south": {"uv": [12, 4, 16, 8], "texture": "#0"},
				"west": {"uv": [12, 4, 16, 8], "texture": "#0"},
				"up": {"uv": [12, 4, 16, 8], "texture": "#0"},
				"down": {"uv": [12, 4, 16, 8], "texture": "#0"}
			}
		},
		{
			"from": [6.9, 7.30234, 0.90749],
			"to": [9.1, 7.50234, 4.90749],
			"rotation": {"angle": 0, "axis": "x", "origin": [8, 7.40234, 4.35749]},
			"faces": {
				"north": {"uv": [12, 4, 16, 8], "rotation": 180, "texture": "#0"},
				"east": {"uv": [12, 4, 16, 8], "rotation": 90, "texture": "#0"},
				"south": {"uv": [12, 4, 16, 8], "texture": "#0"},
				"west": {"uv": [12, 4, 16, 8], "rotation": 270, "texture": "#0"},
				"up": {"uv": [12, 4, 16, 8], "texture": "#0"},
				"down": {"uv": [12, 4, 16, 8], "rotation": 180, "texture": "#0"}
			}
		},
		{
			"from": [6.89157, 6.25488, 2.7375],
			"to": [9.09157, 6.75488, 3.9375],
			"rotation": {"angle": 22.5, "axis": "x", "origin": [7.99157, 6.50488, 3.4875]},
			"faces": {
				"north": {"uv": [12, 4, 16, 8], "texture": "#0"},
				"east": {"uv": [12, 4, 16, 8], "texture": "#0"},
				"south": {"uv": [12, 4, 16, 8], "texture": "#0"},
				"west": {"uv": [12, 4, 16, 8], "texture": "#0"},
				"up": {"uv": [12, 4, 16, 8], "texture": "#0"},
				"down": {"uv": [12, 4, 16, 8], "texture": "#0"}
			}
		},
		{
			"from": [6.9, 6.4258, 1.90093],
			"to": [9.1, 6.9258, 3.00093],
			"rotation": {"angle": 0, "axis": "x", "origin": [8, 6.6758, 2.80093]},
			"faces": {
				"north": {"uv": [12, 4, 16, 8], "texture": "#0"},
				"east": {"uv": [12, 4, 16, 8], "texture": "#0"},
				"south": {"uv": [12, 4, 16, 8], "texture": "#0"},
				"west": {"uv": [12, 4, 16, 8], "texture": "#0"},
				"up": {"uv": [12, 4, 16, 8], "texture": "#0"},
				"down": {"uv": [12, 4, 16, 8], "texture": "#0"}
			}
		},
		{
			"from": [6.9, 6.2537, 1.5357],
			"to": [9.1, 6.7537, 2.1357],
			"rotation": {"angle": -22.5, "axis": "x", "origin": [8, 6.5037, 1.7357]},
			"faces": {
				"north": {"uv": [12, 4, 16, 8], "texture": "#0"},
				"east": {"uv": [12, 4, 16, 8], "texture": "#0"},
				"south": {"uv": [12, 4, 16, 8], "texture": "#0"},
				"west": {"uv": [12, 4, 16, 8], "texture": "#0"},
				"up": {"uv": [12, 4, 16, 8], "texture": "#0"},
				"down": {"uv": [12, 4, 16, 8], "texture": "#0"}
			}
		},
		{
			"from": [6.9, 6.34166, 0.91531],
			"to": [9.1, 7.34166, 1.71531],
			"rotation": {"angle": 22.5, "axis": "x", "origin": [8, 6.44166, 1.31531]},
			"faces": {
				"north": {"uv": [12, 4, 16, 8], "rotation": 180, "texture": "#0"},
				"east": {"uv": [12, 4, 16, 8], "rotation": 90, "texture": "#0"},
				"south": {"uv": [12, 4, 16, 8], "texture": "#0"},
				"west": {"uv": [12, 4, 16, 8], "rotation": 270, "texture": "#0"},
				"up": {"uv": [12, 4, 16, 8], "texture": "#0"},
				"down": {"uv": [12, 4, 16, 8], "rotation": 180, "texture": "#0"}
			}
		},
		{
			"from": [7.1, 1.37307, 11.5497],
			"to": [8.9, 1.67307, 14.5097],
			"rotation": {"angle": 0, "axis": "x", "origin": [8, 2.07307, 14.15975]},
			"faces": {
				"north": {"uv": [12, 4, 16, 8], "texture": "#0"},
				"east": {"uv": [12, 4, 16, 8], "texture": "#0"},
				"south": {"uv": [12, 4, 16, 8], "texture": "#0"},
				"west": {"uv": [12, 4, 16, 8], "texture": "#0"},
				"up": {"uv": [12, 4, 16, 8], "texture": "#0"},
				"down": {"uv": [12, 4, 16, 8], "texture": "#0"}
			}
		},
		{
			"from": [7.1, 1.66598, 11.57274],
			"to": [8.9, 1.96598, 14.47274],
			"rotation": {"angle": 0, "axis": "x", "origin": [8, 2.36598, 14.22274]},
			"faces": {
				"north": {"uv": [12, 4, 16, 8], "texture": "#0"},
				"east": {"uv": [12, 4, 16, 8], "texture": "#0"},
				"south": {"uv": [12, 4, 16, 8], "texture": "#0"},
				"west": {"uv": [12, 4, 16, 8], "texture": "#0"},
				"up": {"uv": [12, 4, 16, 8], "texture": "#0"},
				"down": {"uv": [12, 4, 16, 8], "texture": "#0"}
			}
		},
		{
			"from": [7.1, 1.96598, 11.97274],
			"to": [8.9, 2.26598, 14.27274],
			"rotation": {"angle": 0, "axis": "x", "origin": [8, 2.66598, 14.22274]},
			"faces": {
				"north": {"uv": [12, 4, 16, 8], "texture": "#0"},
				"east": {"uv": [12, 4, 16, 8], "texture": "#0"},
				"south": {"uv": [12, 4, 16, 8], "texture": "#0"},
				"west": {"uv": [12, 4, 16, 8], "texture": "#0"},
				"up": {"uv": [12, 4, 16, 8], "texture": "#0"},
				"down": {"uv": [12, 4, 16, 8], "texture": "#0"}
			}
		},
		{
			"from": [7.1, 2.26598, 12.87274],
			"to": [8.9, 2.56598, 14.17274],
			"rotation": {"angle": 0, "axis": "x", "origin": [8, 2.96598, 14.22274]},
			"faces": {
				"north": {"uv": [12, 4, 16, 8], "texture": "#0"},
				"east": {"uv": [12, 4, 16, 8], "texture": "#0"},
				"south": {"uv": [12, 4, 16, 8], "texture": "#0"},
				"west": {"uv": [12, 4, 16, 8], "texture": "#0"},
				"up": {"uv": [12, 4, 16, 8], "texture": "#0"},
				"down": {"uv": [12, 4, 16, 8], "texture": "#0"}
			}
		},
		{
			"from": [7.1, 0.88, 8.95],
			"to": [8.9, 6.25, 11.85],
			"rotation": {"angle": -22.5, "axis": "x", "origin": [8, 7.75, 9]},
			"faces": {
				"north": {"uv": [12, 4, 16, 8], "texture": "#0"},
				"east": {"uv": [12, 4, 16, 8], "texture": "#0"},
				"south": {"uv": [12, 4, 16, 8], "texture": "#0"},
				"west": {"uv": [12, 4, 16, 8], "texture": "#0"},
				"up": {"uv": [12, 4, 16, 8], "texture": "#0"},
				"down": {"uv": [12, 4, 16, 8], "texture": "#0"}
			}
		},
		{
			"from": [7.1, -0.21194, 11.84134],
			"to": [8.9, 1.28806, 12.04134],
			"rotation": {"angle": -22.5, "axis": "x", "origin": [8, 7.28806, 9.19134]},
			"faces": {
				"north": {"uv": [12, 4, 16, 8], "texture": "#0"},
				"east": {"uv": [12, 4, 16, 8], "texture": "#0"},
				"south": {"uv": [12, 4, 16, 8], "texture": "#0"},
				"west": {"uv": [12, 4, 16, 8], "texture": "#0"},
				"up": {"uv": [12, 4, 16, 8], "texture": "#0"},
				"down": {"uv": [12, 4, 16, 8], "texture": "#0"}
			}
		},
		{
			"from": [7, 7.79924, 13.04537],
			"to": [9, 8.89924, 17.27537],
			"rotation": {"angle": -22.5, "axis": "x", "origin": [8, 9.29924, 18.04537]},
			"faces": {
				"north": {"uv": [12, 0, 16, 4], "texture": "#0"},
				"east": {"uv": [12, 0, 16, 4], "texture": "#0"},
				"south": {"uv": [12, 0, 16, 4], "texture": "#0"},
				"west": {"uv": [12, 0, 16, 4], "texture": "#0"},
				"up": {"uv": [12, 0, 16, 4], "texture": "#0"},
				"down": {"uv": [12, 0, 16, 4], "texture": "#0"}
			}
		},
		{
			"from": [7, 7, 0.3],
			"to": [9, 8.8, 7.3],
			"rotation": {"angle": 0, "axis": "y", "origin": [0, 2, 1]},
			"faces": {
				"north": {"uv": [12, 0, 16, 4], "texture": "#0"},
				"east": {"uv": [12, 0, 16, 4], "texture": "#0"},
				"south": {"uv": [12, 0, 16, 4], "texture": "#0"},
				"west": {"uv": [12, 0, 16, 4], "texture": "#0"},
				"up": {"uv": [12, 0, 16, 4], "texture": "#0"},
				"down": {"uv": [12, 0, 16, 4], "texture": "#0"}
			}
		},
		{
			"from": [7, 6.1, 6.6],
			"to": [9, 7, 7.3],
			"rotation": {"angle": 0, "axis": "y", "origin": [0, 2, 1]},
			"faces": {
				"north": {"uv": [12, 0, 16, 4], "texture": "#0"},
				"east": {"uv": [12, 0, 16, 4], "texture": "#0"},
				"south": {"uv": [12, 0, 16, 4], "texture": "#0"},
				"west": {"uv": [12, 0, 16, 4], "texture": "#0"},
				"up": {"uv": [12, 0, 16, 4], "texture": "#0"},
				"down": {"uv": [12, 0, 16, 4], "texture": "#0"}
			}
		},
		{
			"from": [7, 6.3, 5.2],
			"to": [9, 7, 5.9],
			"rotation": {"angle": 0, "axis": "y", "origin": [0, 2, 1]},
			"faces": {
				"north": {"uv": [12, 0, 16, 4], "texture": "#0"},
				"east": {"uv": [12, 0, 16, 4], "texture": "#0"},
				"south": {"uv": [12, 0, 16, 4], "texture": "#0"},
				"west": {"uv": [12, 0, 16, 4], "texture": "#0"},
				"up": {"uv": [12, 0, 16, 4], "texture": "#0"},
				"down": {"uv": [12, 0, 16, 4], "texture": "#0"}
			}
		},
		{
			"from": [7, 6.2, 5.9],
			"to": [9, 7, 6.6],
			"rotation": {"angle": 0, "axis": "y", "origin": [0, 2, 1]},
			"faces": {
				"north": {"uv": [12, 0, 16, 4], "texture": "#0"},
				"east": {"uv": [12, 0, 16, 4], "texture": "#0"},
				"south": {"uv": [12, 0, 16, 4], "texture": "#0"},
				"west": {"uv": [12, 0, 16, 4], "texture": "#0"},
				"up": {"uv": [12, 0, 16, 4], "texture": "#0"},
				"down": {"uv": [12, 0, 16, 4], "texture": "#0"}
			}
		},
		{
			"from": [7, 6.4, 4.5],
			"to": [9, 7, 5.2],
			"rotation": {"angle": 0, "axis": "y", "origin": [0, 2, 1]},
			"faces": {
				"north": {"uv": [12, 0, 16, 4], "texture": "#0"},
				"east": {"uv": [12, 0, 16, 4], "texture": "#0"},
				"south": {"uv": [12, 0, 16, 4], "texture": "#0"},
				"west": {"uv": [12, 0, 16, 4], "texture": "#0"},
				"up": {"uv": [12, 0, 16, 4], "texture": "#0"},
				"down": {"uv": [12, 0, 16, 4], "texture": "#0"}
			}
		},
		{
			"from": [7, 6, 11.1],
			"to": [9, 8.8, 14],
			"rotation": {"angle": 0, "axis": "y", "origin": [8, 7.5, 9]},
			"faces": {
				"north": {"uv": [12, 0, 16, 4], "texture": "#0"},
				"east": {"uv": [12, 0, 16, 4], "texture": "#0"},
				"south": {"uv": [12, 0, 16, 4], "texture": "#0"},
				"west": {"uv": [12, 0, 16, 4], "texture": "#0"},
				"up": {"uv": [12, 0, 16, 4], "texture": "#0"},
				"down": {"uv": [12, 0, 16, 4], "texture": "#0"}
			}
		},
		{
			"from": [7, 7.2, 14],
			"to": [9, 7.6, 15.2],
			"rotation": {"angle": 0, "axis": "y", "origin": [8, 7.5, 9]},
			"faces": {
				"north": {"uv": [12, 0, 16, 4], "texture": "#0"},
				"east": {"uv": [12, 0, 16, 4], "texture": "#0"},
				"south": {"uv": [12, 0, 16, 4], "texture": "#0"},
				"west": {"uv": [12, 0, 16, 4], "texture": "#0"},
				"up": {"uv": [12, 0, 16, 4], "texture": "#0"},
				"down": {"uv": [12, 0, 16, 4], "texture": "#0"}
			}
		},
		{
			"from": [7, 7.6, 14],
			"to": [9, 8.8, 17.9],
			"rotation": {"angle": 0, "axis": "y", "origin": [8, 7.5, 9]},
			"faces": {
				"north": {"uv": [12, 0, 16, 4], "texture": "#0"},
				"east": {"uv": [12, 0, 16, 4], "texture": "#0"},
				"south": {"uv": [12, 0, 16, 4], "texture": "#0"},
				"west": {"uv": [12, 0, 16, 4], "texture": "#0"},
				"up": {"uv": [12, 0, 16, 4], "texture": "#0"},
				"down": {"uv": [12, 0, 16, 4], "texture": "#0"}
			}
		},
		{
			"from": [7, 6.5, 3.8],
			"to": [9, 7, 4.5],
			"rotation": {"angle": 0, "axis": "y", "origin": [0, 2, 1]},
			"faces": {
				"north": {"uv": [12, 0, 16, 4], "texture": "#0"},
				"east": {"uv": [12, 0, 16, 4], "texture": "#0"},
				"south": {"uv": [12, 0, 16, 4], "texture": "#0"},
				"west": {"uv": [12, 0, 16, 4], "texture": "#0"},
				"up": {"uv": [12, 0, 16, 4], "texture": "#0"},
				"down": {"uv": [12, 0, 16, 4], "texture": "#0"}
			}
		},
		{
			"from": [7, 6.6, 3.1],
			"to": [9, 7, 3.8],
			"rotation": {"angle": 0, "axis": "y", "origin": [0, 2, 1]},
			"faces": {
				"north": {"uv": [12, 0, 16, 4], "texture": "#0"},
				"east": {"uv": [12, 0, 16, 4], "texture": "#0"},
				"south": {"uv": [12, 0, 16, 4], "texture": "#0"},
				"west": {"uv": [12, 0, 16, 4], "texture": "#0"},
				"up": {"uv": [12, 0, 16, 4], "texture": "#0"},
				"down": {"uv": [12, 0, 16, 4], "texture": "#0"}
			}
		},
		{
			"from": [7, 6.7, 2.4],
			"to": [9, 7, 3.1],
			"rotation": {"angle": 0, "axis": "y", "origin": [0, 2, 1]},
			"faces": {
				"north": {"uv": [12, 0, 16, 4], "texture": "#0"},
				"east": {"uv": [12, 0, 16, 4], "texture": "#0"},
				"south": {"uv": [12, 0, 16, 4], "texture": "#0"},
				"west": {"uv": [12, 0, 16, 4], "texture": "#0"},
				"up": {"uv": [12, 0, 16, 4], "texture": "#0"},
				"down": {"uv": [12, 0, 16, 4], "texture": "#0"}
			}
		},
		{
			"from": [7, 6.8, 1.7],
			"to": [9, 7, 2.4],
			"rotation": {"angle": 0, "axis": "y", "origin": [0, 2, 1]},
			"faces": {
				"north": {"uv": [12, 0, 16, 4], "texture": "#0"},
				"east": {"uv": [12, 0, 16, 4], "texture": "#0"},
				"south": {"uv": [12, 0, 16, 4], "texture": "#0"},
				"west": {"uv": [12, 0, 16, 4], "texture": "#0"},
				"up": {"uv": [12, 0, 16, 4], "texture": "#0"},
				"down": {"uv": [12, 0, 16, 4], "texture": "#0"}
			}
		},
		{
			"from": [7, 6.9, 1],
			"to": [9, 7, 1.7],
			"rotation": {"angle": 0, "axis": "y", "origin": [0, 2, 1]},
			"faces": {
				"north": {"uv": [12, 0, 16, 4], "texture": "#0"},
				"east": {"uv": [12, 0, 16, 4], "texture": "#0"},
				"south": {"uv": [12, 0, 16, 4], "texture": "#0"},
				"west": {"uv": [12, 0, 16, 4], "texture": "#0"},
				"up": {"uv": [12, 0, 16, 4], "texture": "#0"},
				"down": {"uv": [12, 0, 16, 4], "texture": "#0"}
			}
		},
		{
			"from": [7.1, 5.06931, 12.51811],
			"to": [8.9, 7.23931, 13.11811],
			"rotation": {"angle": 0, "axis": "x", "origin": [8, 4.45431, 11.71811]},
			"faces": {
				"north": {"uv": [12, 4, 16, 8], "texture": "#0"},
				"east": {"uv": [12, 4, 16, 8], "texture": "#0"},
				"south": {"uv": [12, 4, 16, 8], "texture": "#0"},
				"west": {"uv": [12, 4, 16, 8], "texture": "#0"},
				"up": {"uv": [12, 4, 16, 8], "texture": "#0"},
				"down": {"uv": [12, 4, 16, 8], "texture": "#0"}
			}
		},
		{
			"from": [7.115, 4.70654, 12.5862],
			"to": [8.885, 6.90654, 13.1862],
			"rotation": {"angle": 22.5, "axis": "x", "origin": [8, 5.50654, 13.4862]},
			"faces": {
				"north": {"uv": [12, 4, 16, 8], "rotation": 90, "texture": "#0"},
				"east": {"uv": [12, 4, 16, 8], "rotation": 270, "texture": "#0"},
				"south": {"uv": [12, 4, 16, 8], "rotation": 270, "texture": "#0"},
				"west": {"uv": [12, 4, 16, 8], "rotation": 270, "texture": "#0"},
				"up": {"uv": [12, 4, 16, 8], "rotation": 270, "texture": "#0"},
				"down": {"uv": [12, 4, 16, 8], "rotation": 270, "texture": "#0"}
			}
		},
		{
			"from": [7.115, 4.85159, 12.85429],
			"to": [8.885, 7.05159, 13.45429],
			"rotation": {"angle": 45, "axis": "x", "origin": [8, 6.05159, 12.95429]},
			"faces": {
				"north": {"uv": [12, 4, 16, 8], "rotation": 90, "texture": "#0"},
				"east": {"uv": [12, 4, 16, 8], "rotation": 270, "texture": "#0"},
				"south": {"uv": [12, 4, 16, 8], "rotation": 270, "texture": "#0"},
				"west": {"uv": [12, 4, 16, 8], "rotation": 270, "texture": "#0"},
				"up": {"uv": [12, 4, 16, 8], "rotation": 270, "texture": "#0"},
				"down": {"uv": [12, 4, 16, 8], "rotation": 270, "texture": "#0"}
			}
		},
		{
			"from": [7.115, 5.61017, 12.15429],
			"to": [8.885, 6.21017, 14.35429],
			"rotation": {"angle": -22.5, "axis": "x", "origin": [8, 5.91017, 12.95429]},
			"faces": {
				"north": {"uv": [12, 4, 16, 8], "rotation": 90, "texture": "#0"},
				"east": {"uv": [12, 4, 16, 8], "rotation": 180, "texture": "#0"},
				"south": {"uv": [12, 4, 16, 8], "rotation": 270, "texture": "#0"},
				"west": {"uv": [12, 4, 16, 8], "texture": "#0"},
				"up": {"uv": [12, 4, 16, 8], "rotation": 270, "texture": "#0"},
				"down": {"uv": [12, 4, 16, 8], "rotation": 270, "texture": "#0"}
			}
		},
		{
			"from": [6.9, 5.8, 7.4],
			"to": [9.1, 6, 14],
			"rotation": {"angle": 0, "axis": "x", "origin": [8, 5.9, 8.25]},
			"faces": {
				"north": {"uv": [12, 8, 16, 12], "rotation": 90, "texture": "#0"},
				"east": {"uv": [12, 8, 16, 12], "rotation": 90, "texture": "#0"},
				"south": {"uv": [12, 8, 16, 12], "rotation": 90, "texture": "#0"},
				"west": {"uv": [12, 8, 16, 12], "rotation": 90, "texture": "#0"},
				"up": {"uv": [12, 8, 16, 12], "rotation": 90, "texture": "#0"},
				"down": {"uv": [12, 8, 16, 12], "rotation": 90, "texture": "#0"}
			}
		},
		{
			"from": [7.4, 5.7, 7.4],
			"to": [8.6, 5.8, 8],
			"rotation": {"angle": 0, "axis": "x", "origin": [8, 5.9, 10.85]},
			"faces": {
				"north": {"uv": [12, 8, 16, 12], "rotation": 90, "texture": "#0"},
				"east": {"uv": [12, 8, 16, 12], "rotation": 90, "texture": "#0"},
				"south": {"uv": [12, 8, 16, 12], "rotation": 90, "texture": "#0"},
				"west": {"uv": [12, 8, 16, 12], "rotation": 90, "texture": "#0"},
				"up": {"uv": [12, 8, 16, 12], "rotation": 90, "texture": "#0"},
				"down": {"uv": [12, 8, 16, 12], "rotation": 90, "texture": "#0"}
			}
		},
		{
			"from": [7.4, 5.6, 7.5],
			"to": [8.6, 5.7, 7.9],
			"rotation": {"angle": 0, "axis": "x", "origin": [8, 5.9, 10.85]},
			"faces": {
				"north": {"uv": [12, 8, 16, 12], "rotation": 90, "texture": "#0"},
				"east": {"uv": [12, 8, 16, 12], "rotation": 90, "texture": "#0"},
				"south": {"uv": [12, 8, 16, 12], "rotation": 90, "texture": "#0"},
				"west": {"uv": [12, 8, 16, 12], "rotation": 90, "texture": "#0"},
				"up": {"uv": [12, 8, 16, 12], "rotation": 90, "texture": "#0"},
				"down": {"uv": [12, 8, 16, 12], "rotation": 90, "texture": "#0"}
			}
		},
		{
			"from": [7.4, 4.8, 7.6],
			"to": [8.6, 5.6, 7.8],
			"rotation": {"angle": 0, "axis": "x", "origin": [8, 5.9, 10.85]},
			"faces": {
				"north": {"uv": [12, 8, 16, 12], "rotation": 90, "texture": "#0"},
				"east": {"uv": [12, 8, 16, 12], "rotation": 90, "texture": "#0"},
				"south": {"uv": [12, 8, 16, 12], "rotation": 90, "texture": "#0"},
				"west": {"uv": [12, 8, 16, 12], "rotation": 90, "texture": "#0"},
				"up": {"uv": [12, 8, 16, 12], "rotation": 90, "texture": "#0"},
				"down": {"uv": [12, 8, 16, 12], "rotation": 90, "texture": "#0"}
			}
		},
		{
			"from": [7.4, 4.58787, 7.85355],
			"to": [8.6, 4.98787, 8.05355],
			"rotation": {"angle": -45, "axis": "x", "origin": [8, 4.58787, 7.95355]},
			"faces": {
				"north": {"uv": [12, 8, 16, 12], "rotation": 90, "texture": "#0"},
				"east": {"uv": [12, 8, 16, 12], "rotation": 90, "texture": "#0"},
				"south": {"uv": [12, 8, 16, 12], "rotation": 90, "texture": "#0"},
				"west": {"uv": [12, 8, 16, 12], "rotation": 90, "texture": "#0"},
				"up": {"uv": [12, 8, 16, 12], "rotation": 90, "texture": "#0"},
				"down": {"uv": [12, 8, 16, 12], "rotation": 90, "texture": "#0"}
			}
		},
		{
			"from": [7.4, 4.51716, 7.88284],
			"to": [8.6, 4.71716, 9.48284],
			"rotation": {"angle": 0, "axis": "x", "origin": [8, 5.61716, 6.98284]},
			"faces": {
				"north": {"uv": [12, 8, 16, 12], "rotation": 270, "texture": "#0"},
				"east": {"uv": [12, 8, 16, 12], "rotation": 180, "texture": "#0"},
				"south": {"uv": [12, 8, 16, 12], "rotation": 90, "texture": "#0"},
				"west": {"uv": [12, 8, 16, 12], "texture": "#0"},
				"up": {"uv": [12, 8, 16, 12], "rotation": 90, "texture": "#0"},
				"down": {"uv": [12, 8, 16, 12], "rotation": 270, "texture": "#0"}
			}
		},
		{
			"from": [7.4, 5.08891, 9.16317],
			"to": [8.6, 5.28891, 10.06317],
			"rotation": {"angle": -45, "axis": "x", "origin": [8, 5.18891, 10.01317]},
			"faces": {
				"north": {"uv": [12, 8, 16, 12], "rotation": 270, "texture": "#0"},
				"east": {"uv": [12, 8, 16, 12], "rotation": 180, "texture": "#0"},
				"south": {"uv": [12, 8, 16, 12], "rotation": 90, "texture": "#0"},
				"west": {"uv": [12, 8, 16, 12], "texture": "#0"},
				"up": {"uv": [12, 8, 16, 12], "rotation": 90, "texture": "#0"},
				"down": {"uv": [12, 8, 16, 12], "rotation": 270, "texture": "#0"}
			}
		},
		{
			"from": [7.4, 5.03891, 9.81317],
			"to": [8.6, 6.33891, 10.01317],
			"rotation": {"angle": 0, "axis": "x", "origin": [8, 5.18891, 10.01317]},
			"faces": {
				"north": {"uv": [12, 8, 16, 12], "rotation": 270, "texture": "#0"},
				"east": {"uv": [12, 8, 16, 12], "rotation": 270, "texture": "#0"},
				"south": {"uv": [12, 8, 16, 12], "rotation": 270, "texture": "#0"},
				"west": {"uv": [12, 8, 16, 12], "rotation": 270, "texture": "#0"},
				"up": {"uv": [12, 8, 16, 12], "rotation": 90, "texture": "#0"},
				"down": {"uv": [12, 8, 16, 12], "rotation": 90, "texture": "#0"}
			}
		},
		{
			"from": [7.4, 5.33891, 9.61317],
			"to": [8.6, 6.03891, 9.81317],
			"rotation": {"angle": -22.5, "axis": "x", "origin": [8, 5.88891, 9.91317]},
			"faces": {
				"north": {"uv": [12, 8, 16, 12], "rotation": 270, "texture": "#0"},
				"east": {"uv": [12, 8, 16, 12], "rotation": 270, "texture": "#0"},
				"south": {"uv": [12, 8, 16, 12], "rotation": 270, "texture": "#0"},
				"west": {"uv": [12, 8, 16, 12], "rotation": 270, "texture": "#0"},
				"up": {"uv": [12, 8, 16, 12], "rotation": 90, "texture": "#0"},
				"down": {"uv": [12, 8, 16, 12], "rotation": 90, "texture": "#0"}
			}
		},
		{
			"from": [7.4, 4.51716, 9.48284],
			"to": [8.6, 4.71716, 10.58284],
			"rotation": {"angle": 0, "axis": "x", "origin": [8, 4.61716, 10.03284]},
			"faces": {
				"north": {"uv": [12, 8, 16, 12], "rotation": 270, "texture": "#0"},
				"east": {"uv": [12, 8, 16, 12], "rotation": 180, "texture": "#0"},
				"south": {"uv": [12, 8, 16, 12], "rotation": 90, "texture": "#0"},
				"west": {"uv": [12, 8, 16, 12], "texture": "#0"},
				"up": {"uv": [12, 8, 16, 12], "rotation": 90, "texture": "#0"},
				"down": {"uv": [12, 8, 16, 12], "rotation": 270, "texture": "#0"}
			}
		},
		{
			"from": [7.4, 4.38426, 9.45641],
			"to": [8.6, 4.58426, 10.35641],
			"rotation": {"angle": 22.5, "axis": "x", "origin": [8, 4.28426, 10.30641]},
			"faces": {
				"north": {"uv": [12, 8, 16, 12], "rotation": 270, "texture": "#0"},
				"east": {"uv": [12, 8, 16, 12], "rotation": 180, "texture": "#0"},
				"south": {"uv": [12, 8, 16, 12], "rotation": 90, "texture": "#0"},
				"west": {"uv": [12, 8, 16, 12], "texture": "#0"},
				"up": {"uv": [12, 8, 16, 12], "rotation": 90, "texture": "#0"},
				"down": {"uv": [12, 8, 16, 12], "rotation": 270, "texture": "#0"}
			}
		},
		{
			"from": [7.4, 4.58426, 9.55641],
			"to": [8.6, 4.78426, 10.15641],
			"rotation": {"angle": 22.5, "axis": "x", "origin": [8, 4.28426, 10.30641]},
			"faces": {
				"north": {"uv": [12, 8, 16, 12], "rotation": 270, "texture": "#0"},
				"east": {"uv": [12, 8, 16, 12], "rotation": 180, "texture": "#0"},
				"south": {"uv": [12, 8, 16, 12], "rotation": 90, "texture": "#0"},
				"west": {"uv": [12, 8, 16, 12], "texture": "#0"},
				"up": {"uv": [12, 8, 16, 12], "rotation": 90, "texture": "#0"},
				"down": {"uv": [12, 8, 16, 12], "rotation": 270, "texture": "#0"}
			}
		},
		{
			"from": [7.4, 4.78426, 9.65641],
			"to": [8.6, 4.98426, 9.95641],
			"rotation": {"angle": 22.5, "axis": "x", "origin": [8, 4.28426, 10.30641]},
			"faces": {
				"north": {"uv": [12, 8, 16, 12], "rotation": 270, "texture": "#0"},
				"east": {"uv": [12, 8, 16, 12], "rotation": 180, "texture": "#0"},
				"south": {"uv": [12, 8, 16, 12], "rotation": 90, "texture": "#0"},
				"west": {"uv": [12, 8, 16, 12], "texture": "#0"},
				"up": {"uv": [12, 8, 16, 12], "rotation": 90, "texture": "#0"},
				"down": {"uv": [12, 8, 16, 12], "rotation": 270, "texture": "#0"}
			}
		},
		{
			"from": [7.8, 5.45, 9.15],
			"to": [8.2, 5.75, 9.25],
			"rotation": {"angle": -22.5, "axis": "x", "origin": [8, 5.75, 8.9]},
			"faces": {
				"north": {"uv": [12, 12, 16, 16], "texture": "#0"},
				"east": {"uv": [12, 12, 16, 16], "texture": "#0"},
				"south": {"uv": [12, 12, 16, 16], "texture": "#0"},
				"west": {"uv": [12, 12, 16, 16], "texture": "#0"},
				"up": {"uv": [12, 12, 16, 16], "texture": "#0"},
				"down": {"uv": [12, 12, 16, 16], "texture": "#0"}
			}
		},
		{
			"from": [7.8, 5.30678, 9.23816],
			"to": [8.2, 5.60678, 9.33816],
			"rotation": {"angle": 0, "axis": "x", "origin": [8, 5.80678, 9.28816]},
			"faces": {
				"north": {"uv": [12, 12, 16, 16], "texture": "#0"},
				"east": {"uv": [12, 12, 16, 16], "texture": "#0"},
				"south": {"uv": [12, 12, 16, 16], "texture": "#0"},
				"west": {"uv": [12, 12, 16, 16], "texture": "#0"},
				"up": {"uv": [12, 12, 16, 16], "texture": "#0"},
				"down": {"uv": [12, 12, 16, 16], "texture": "#0"}
			}
		},
		{
			"from": [7.8, 5.03733, 9.18457],
			"to": [8.2, 5.33733, 9.28457],
			"rotation": {"angle": 22.5, "axis": "x", "origin": [8, 5.18733, 9.23457]},
			"faces": {
				"north": {"uv": [12, 12, 16, 16], "texture": "#0"},
				"east": {"uv": [12, 12, 16, 16], "texture": "#0"},
				"south": {"uv": [12, 12, 16, 16], "texture": "#0"},
				"west": {"uv": [12, 12, 16, 16], "texture": "#0"},
				"up": {"uv": [12, 12, 16, 16], "texture": "#0"},
				"down": {"uv": [12, 12, 16, 16], "texture": "#0"}
			}
		},
		{
			"from": [7.8, 4.9089, 8.93194],
			"to": [8.2, 5.0089, 9.23194],
			"rotation": {"angle": -45, "axis": "x", "origin": [8, 4.9589, 9.08194]},
			"faces": {
				"north": {"uv": [12, 12, 16, 16], "rotation": 180, "texture": "#0"},
				"east": {"uv": [12, 12, 16, 16], "rotation": 270, "texture": "#0"},
				"south": {"uv": [12, 12, 16, 16], "texture": "#0"},
				"west": {"uv": [12, 12, 16, 16], "rotation": 90, "texture": "#0"},
				"up": {"uv": [12, 12, 16, 16], "rotation": 180, "texture": "#0"},
				"down": {"uv": [12, 12, 16, 16], "texture": "#0"}
			}
		},
		{
			"from": [7.3, 7.2, -0.3],
			"to": [8.7, 8.7, 0.3],
			"rotation": {"angle": 0, "axis": "y", "origin": [0, 2, 1]},
			"faces": {
				"north": {"uv": [8, 4, 9, 5], "texture": "#0"},
				"east": {"uv": [8, 4, 9, 5], "texture": "#0"},
				"south": {"uv": [8, 4, 9, 5], "texture": "#0"},
				"west": {"uv": [8, 4, 9, 5], "texture": "#0"},
				"up": {"uv": [8, 4, 9, 5], "texture": "#0"},
				"down": {"uv": [8, 4, 9, 5], "texture": "#0"}
			}
		},
		{
			"from": [7.5, 7.45, -2],
			"to": [8.5, 8.45, -0.3],
			"rotation": {"angle": 0, "axis": "y", "origin": [0, 2, 1]},
			"faces": {
				"north": {"uv": [8, 4, 12, 8], "texture": "#0"},
				"east": {"uv": [8, 4, 9, 5], "texture": "#0"},
				"south": {"uv": [8, 4, 9, 5], "texture": "#0"},
				"west": {"uv": [8, 4, 9, 5], "texture": "#0"},
				"up": {"uv": [8, 4, 9, 5], "texture": "#0"},
				"down": {"uv": [8, 4, 9, 5], "texture": "#0"}
			}
		},
		{
			"from": [6.9, 7.52388, 4.91732],
			"to": [9.1, 8.52388, 6.51732],
			"rotation": {"angle": 0, "axis": "y", "origin": [0, 1.82388, 0.21732]},
			"faces": {
				"north": {"uv": [8, 8, 12, 12], "texture": "#0"},
				"east": {"uv": [8, 8, 12, 12], "texture": "#0"},
				"south": {"uv": [8, 8, 12, 12], "texture": "#0"},
				"west": {"uv": [8, 8, 12, 12], "texture": "#0"},
				"up": {"uv": [8, 8, 12, 12], "texture": "#0"},
				"down": {"uv": [8, 8, 12, 12], "texture": "#0"}
			}
		},
		{
			"from": [6.9, 7.10272, 5],
			"to": [9.1, 8.10272, 5.2],
			"rotation": {"angle": -22.5, "axis": "x", "origin": [8, 7.60272, 4]},
			"faces": {
				"north": {"uv": [8, 8, 12, 12], "texture": "#0"},
				"east": {"uv": [8, 8, 12, 12], "texture": "#0"},
				"south": {"uv": [8, 8, 12, 12], "texture": "#0"},
				"west": {"uv": [8, 8, 12, 12], "texture": "#0"},
				"up": {"uv": [8, 8, 12, 12], "texture": "#0"},
				"down": {"uv": [8, 8, 12, 12], "texture": "#0"}
			}
		},
		{
			"from": [6.9, 7.1627, 4.8],
			"to": [9.1, 8.1627, 5],
			"rotation": {"angle": -22.5, "axis": "x", "origin": [8, 7.60272, 4]},
			"faces": {
				"north": {"uv": [8, 8, 12, 12], "texture": "#0"},
				"east": {"uv": [8, 8, 12, 12], "texture": "#0"},
				"south": {"uv": [8, 8, 12, 12], "texture": "#0"},
				"west": {"uv": [8, 8, 12, 12], "texture": "#0"},
				"up": {"uv": [8, 8, 12, 12], "texture": "#0"},
				"down": {"uv": [8, 8, 12, 12], "texture": "#0"}
			}
		},
		{
			"from": [6.9, 7.1627, 6.4],
			"to": [9.1, 8.1227, 6.6],
			"rotation": {"angle": -22.5, "axis": "x", "origin": [8, 7.60272, 5.6]},
			"faces": {
				"north": {"uv": [8, 8, 12, 12], "texture": "#0"},
				"east": {"uv": [8, 8, 12, 12], "texture": "#0"},
				"south": {"uv": [8, 8, 12, 12], "texture": "#0"},
				"west": {"uv": [8, 8, 12, 12], "texture": "#0"},
				"up": {"uv": [8, 8, 12, 12], "texture": "#0"},
				"down": {"uv": [8, 8, 12, 12], "texture": "#0"}
			}
		},
		{
			"from": [6.9, 7.10272, 6.6],
			"to": [9.1, 8.10272, 6.8],
			"rotation": {"angle": -22.5, "axis": "x", "origin": [8, 7.60272, 5.6]},
			"faces": {
				"north": {"uv": [8, 8, 12, 12], "texture": "#0"},
				"east": {"uv": [8, 8, 12, 12], "texture": "#0"},
				"south": {"uv": [8, 8, 12, 12], "texture": "#0"},
				"west": {"uv": [8, 8, 12, 12], "texture": "#0"},
				"up": {"uv": [8, 8, 12, 12], "texture": "#0"},
				"down": {"uv": [8, 8, 12, 12], "texture": "#0"}
			}
		},
		{
			"from": [6.9, 7.5, 4.9],
			"to": [9.1, 7.6, 6.9],
			"rotation": {"angle": 0, "axis": "y", "origin": [0, 1.8, 0.2]},
			"faces": {
				"north": {"uv": [8, 8, 12, 12], "texture": "#0"},
				"east": {"uv": [8, 8, 12, 12], "texture": "#0"},
				"south": {"uv": [8, 8, 12, 12], "texture": "#0"},
				"west": {"uv": [8, 8, 12, 12], "texture": "#0"},
				"up": {"uv": [8, 8, 12, 12], "texture": "#0"},
				"down": {"uv": [8, 8, 12, 12], "texture": "#0"}
			}
		},
		{
			"from": [6.9, 8.42388, 4.51732],
			"to": [9.1, 8.52388, 6.51732],
			"rotation": {"angle": 0, "axis": "y", "origin": [0, 1.72388, 0.11732]},
			"faces": {
				"north": {"uv": [8, 8, 12, 12], "texture": "#0"},
				"east": {"uv": [8, 8, 12, 12], "texture": "#0"},
				"south": {"uv": [8, 8, 12, 12], "texture": "#0"},
				"west": {"uv": [8, 8, 12, 12], "texture": "#0"},
				"up": {"uv": [8, 8, 12, 12], "texture": "#0"},
				"down": {"uv": [8, 8, 12, 12], "texture": "#0"}
			}
		},
		{
			"from": [6.9, 8.32388, 1.51732],
			"to": [9.1, 8.42388, 3.31732],
			"rotation": {"angle": 0, "axis": "y", "origin": [0, 1.72388, 0.11732]},
			"faces": {
				"north": {"uv": [12, 8, 16, 12], "texture": "#0"},
				"east": {"uv": [12, 8, 16, 12], "texture": "#0"},
				"south": {"uv": [12, 8, 16, 12], "texture": "#0"},
				"west": {"uv": [12, 8, 16, 12], "texture": "#0"},
				"up": {"uv": [12, 8, 16, 12], "texture": "#0"},
				"down": {"uv": [12, 8, 16, 12], "texture": "#0"}
			}
		},
		{
			"from": [6.9, 8.0739, 1.51732],
			"to": [9.1, 8.1739, 3.71732],
			"rotation": {"angle": 0, "axis": "y", "origin": [0, 1.72388, 0.11732]},
			"faces": {
				"north": {"uv": [12, 8, 16, 12], "texture": "#0"},
				"east": {"uv": [12, 8, 16, 12], "texture": "#0"},
				"south": {"uv": [12, 8, 16, 12], "texture": "#0"},
				"west": {"uv": [12, 8, 16, 12], "texture": "#0"},
				"up": {"uv": [12, 8, 16, 12], "texture": "#0"},
				"down": {"uv": [12, 8, 16, 12], "texture": "#0"}
			}
		},
		{
			"from": [6.9, 7.92388, 11.21732],
			"to": [9.1, 8.32388, 12.01732],
			"rotation": {"angle": 0, "axis": "y", "origin": [0, 1.82388, 0.21732]},
			"faces": {
				"north": {"uv": [8, 8, 12, 12], "texture": "#0"},
				"east": {"uv": [8, 8, 12, 12], "texture": "#0"},
				"south": {"uv": [8, 8, 12, 12], "texture": "#0"},
				"west": {"uv": [8, 8, 12, 12], "texture": "#0"},
				"up": {"uv": [8, 8, 12, 12], "texture": "#0"},
				"down": {"uv": [8, 8, 12, 12], "texture": "#0"}
			}
		},
		{
			"from": [6.9, 7.42388, 11.21732],
			"to": [9.1, 7.82388, 13.01732],
			"rotation": {"angle": 0, "axis": "y", "origin": [0, 1.82388, 0.21732]},
			"faces": {
				"north": {"uv": [8, 8, 12, 12], "texture": "#0"},
				"east": {"uv": [8, 8, 12, 12], "texture": "#0"},
				"south": {"uv": [8, 8, 12, 12], "texture": "#0"},
				"west": {"uv": [8, 8, 12, 12], "texture": "#0"},
				"up": {"uv": [8, 8, 12, 12], "texture": "#0"},
				"down": {"uv": [8, 8, 12, 12], "texture": "#0"}
			}
		},
		{
			"from": [6.9, 6.92388, 11.21732],
			"to": [9.1, 7.32388, 14.01732],
			"rotation": {"angle": 0, "axis": "y", "origin": [0, 1.82388, 0.21732]},
			"faces": {
				"north": {"uv": [8, 8, 12, 12], "texture": "#0"},
				"east": {"uv": [8, 8, 12, 12], "texture": "#0"},
				"south": {"uv": [8, 8, 12, 12], "texture": "#0"},
				"west": {"uv": [8, 8, 12, 12], "texture": "#0"},
				"up": {"uv": [8, 8, 12, 12], "texture": "#0"},
				"down": {"uv": [8, 8, 12, 12], "texture": "#0"}
			}
		},
		{
			"from": [6.9, 8.0739, 14.11732],
			"to": [9.1, 8.8439, 16.91732],
			"rotation": {"angle": 0, "axis": "y", "origin": [0, 1.72388, 0.11732]},
			"faces": {
				"north": {"uv": [8, 12, 12, 16], "texture": "#0"},
				"east": {"uv": [8, 12, 12, 16], "texture": "#0"},
				"south": {"uv": [8, 12, 12, 16], "texture": "#0"},
				"west": {"uv": [8, 12, 12, 16], "texture": "#0"},
				"up": {"uv": [8, 12, 12, 16], "texture": "#0"},
				"down": {"uv": [8, 12, 12, 16], "texture": "#0"}
			}
		},
		{
			"from": [6.9, 7.3739, 16.81732],
			"to": [9.1, 8.0739, 17.21732],
			"rotation": {"angle": 0, "axis": "x", "origin": [8, 6.9739, 16.86732]},
			"faces": {
				"north": {"uv": [8, 12, 12, 16], "rotation": 270, "texture": "#0"},
				"east": {"uv": [8, 12, 12, 16], "rotation": 270, "texture": "#0"},
				"south": {"uv": [8, 12, 12, 16], "rotation": 270, "texture": "#0"},
				"west": {"uv": [8, 12, 12, 16], "rotation": 270, "texture": "#0"},
				"up": {"uv": [8, 12, 12, 16], "rotation": 270, "texture": "#0"},
				"down": {"uv": [8, 12, 12, 16], "rotation": 270, "texture": "#0"}
			}
		},
		{
			"from": [6.9, 7.21177, 17.05016],
			"to": [9.1, 7.51177, 17.15016],
			"rotation": {"angle": -45, "axis": "x", "origin": [8, 7.16177, 17.10016]},
			"faces": {
				"north": {"uv": [8, 12, 12, 16], "rotation": 270, "texture": "#0"},
				"east": {"uv": [8, 12, 12, 16], "rotation": 270, "texture": "#0"},
				"south": {"uv": [8, 12, 12, 16], "rotation": 270, "texture": "#0"},
				"west": {"uv": [8, 12, 12, 16], "rotation": 270, "texture": "#0"},
				"up": {"uv": [8, 12, 12, 16], "rotation": 270, "texture": "#0"},
				"down": {"uv": [8, 12, 12, 16], "rotation": 270, "texture": "#0"}
			}
		},
		{
			"from": [6.9, 8.54073, 13.04693],
			"to": [9.1, 8.84073, 14.24693],
			"rotation": {"angle": 22.5, "axis": "x", "origin": [9.3, 8.63312, 13.00866]},
			"faces": {
				"north": {"uv": [8, 12, 12, 16], "texture": "#0"},
				"east": {"uv": [8, 12, 12, 16], "texture": "#0"},
				"south": {"uv": [8, 12, 12, 16], "texture": "#0"},
				"west": {"uv": [8, 12, 12, 16], "texture": "#0"},
				"up": {"uv": [8, 12, 12, 16], "texture": "#0"},
				"down": {"uv": [8, 12, 12, 16], "texture": "#0"}
			}
		},
		{
			"from": [6.9, 8.52551, 0.34693],
			"to": [9.1, 8.62551, 13.04693],
			"rotation": {"angle": 0, "axis": "y", "origin": [0, 1.17549, -2.75307]},
			"faces": {
				"north": {"uv": [8, 12, 12, 16], "texture": "#0"},
				"east": {"uv": [8, 12, 12, 16], "texture": "#0"},
				"south": {"uv": [8, 12, 12, 16], "texture": "#0"},
				"west": {"uv": [8, 12, 12, 16], "texture": "#0"},
				"up": {"uv": [8, 12, 12, 16], "texture": "#0"},
				"down": {"uv": [8, 12, 12, 16], "texture": "#0"}
			}
		},
		{
			"from": [6.9, 7.16948, 16.96824],
			"to": [9.1, 7.46948, 17.96824],
			"rotation": {"angle": -22.5, "axis": "x", "origin": [8, 7.31948, 17.01824]},
			"faces": {
				"north": {"uv": [8, 12, 12, 16], "rotation": 270, "texture": "#0"},
				"east": {"uv": [8, 12, 12, 16], "rotation": 270, "texture": "#0"},
				"south": {"uv": [8, 12, 12, 16], "rotation": 270, "texture": "#0"},
				"west": {"uv": [8, 12, 12, 16], "rotation": 270, "texture": "#0"},
				"up": {"uv": [8, 12, 12, 16], "rotation": 270, "texture": "#0"},
				"down": {"uv": [8, 12, 12, 16], "rotation": 270, "texture": "#0"}
			}
		},
		{
			"from": [6.9, 7.54445, 16.85333],
			"to": [9.1, 8.84445, 17.95333],
			"rotation": {"angle": 0, "axis": "x", "origin": [8, 7.14445, 15.90333]},
			"faces": {
				"north": {"uv": [8, 12, 12, 16], "rotation": 270, "texture": "#0"},
				"east": {"uv": [8, 12, 12, 16], "rotation": 270, "texture": "#0"},
				"south": {"uv": [8, 12, 12, 16], "rotation": 270, "texture": "#0"},
				"west": {"uv": [8, 12, 12, 16], "rotation": 270, "texture": "#0"},
				"up": {"uv": [8, 12, 12, 16], "rotation": 270, "texture": "#0"},
				"down": {"uv": [8, 12, 12, 16], "rotation": 270, "texture": "#0"}
			}
		},
		{
			"from": [6.9, 8.5739, 0.31732],
			"to": [9.1, 8.8439, 14.11732],
			"rotation": {"angle": 0, "axis": "y", "origin": [0, 1.72388, 0.11732]},
			"faces": {
				"north": {"uv": [8, 12, 12, 16], "texture": "#0"},
				"east": {"uv": [8, 12, 12, 16], "texture": "#0"},
				"south": {"uv": [8, 12, 12, 16], "texture": "#0"},
				"west": {"uv": [8, 12, 12, 16], "texture": "#0"},
				"up": {"uv": [8, 12, 12, 16], "texture": "#0"},
				"down": {"uv": [8, 12, 12, 16], "texture": "#0"}
			}
		},
		{
			"from": [6.9, 8.74073, 13.64693],
			"to": [9.1, 9.04073, 14.24693],
			"rotation": {"angle": 22.5, "axis": "x", "origin": [9.3, 8.63312, 13.00866]},
			"faces": {
				"north": {"uv": [8, 12, 12, 16], "texture": "#0"},
				"east": {"uv": [8, 12, 12, 16], "texture": "#0"},
				"south": {"uv": [8, 12, 12, 16], "texture": "#0"},
				"west": {"uv": [8, 12, 12, 16], "texture": "#0"},
				"up": {"uv": [8, 12, 12, 16], "texture": "#0"},
				"down": {"uv": [8, 12, 12, 16], "texture": "#0"}
			}
		},
		{
			"from": [7.3, 8.84445, 15.35333],
			"to": [7.5, 9.61445, 16.85333],
			"rotation": {"angle": 0, "axis": "y", "origin": [0.2, 1.79443, 0.05333]},
			"faces": {
				"north": {"uv": [12, 0, 16, 4], "texture": "#0"},
				"east": {"uv": [12, 0, 16, 4], "texture": "#0"},
				"south": {"uv": [12, 0, 16, 4], "texture": "#0"},
				"west": {"uv": [12, 0, 16, 4], "texture": "#0"},
				"up": {"uv": [12, 0, 16, 4], "texture": "#0"},
				"down": {"uv": [12, 0, 16, 4], "texture": "#0"}
			}
		},
		{
			"from": [8.5, 8.84445, 15.35333],
			"to": [8.7, 9.61445, 16.85333],
			"rotation": {"angle": 0, "axis": "y", "origin": [-0.2, 1.79443, 0.05333]},
			"faces": {
				"north": {"uv": [12, 0, 16, 4], "texture": "#0"},
				"east": {"uv": [12, 0, 16, 4], "texture": "#0"},
				"south": {"uv": [12, 0, 16, 4], "texture": "#0"},
				"west": {"uv": [12, 0, 16, 4], "texture": "#0"},
				"up": {"uv": [12, 0, 16, 4], "texture": "#0"},
				"down": {"uv": [12, 0, 16, 4], "texture": "#0"}
			}
		},
		{
			"from": [8.5, 8.58675, 13.25775],
			"to": [8.7, 9.35675, 15.55775],
			"rotation": {"angle": -22.5, "axis": "x", "origin": [7.8, 8.97175, 14.80775]},
			"faces": {
				"north": {"uv": [12, 0, 16, 4], "texture": "#0"},
				"east": {"uv": [12, 0, 16, 4], "texture": "#0"},
				"south": {"uv": [12, 0, 16, 4], "texture": "#0"},
				"west": {"uv": [12, 0, 16, 4], "texture": "#0"},
				"up": {"uv": [12, 0, 16, 4], "texture": "#0"},
				"down": {"uv": [12, 0, 16, 4], "texture": "#0"}
			}
		},
		{
			"from": [7.3, 8.58675, 13.25775],
			"to": [7.5, 9.35675, 15.55775],
			"rotation": {"angle": -22.5, "axis": "x", "origin": [8.2, 8.97175, 14.80775]},
			"faces": {
				"north": {"uv": [12, 0, 16, 4], "texture": "#0"},
				"east": {"uv": [12, 0, 16, 4], "texture": "#0"},
				"south": {"uv": [12, 0, 16, 4], "texture": "#0"},
				"west": {"uv": [12, 0, 16, 4], "texture": "#0"},
				"up": {"uv": [12, 0, 16, 4], "texture": "#0"},
				"down": {"uv": [12, 0, 16, 4], "texture": "#0"}
			}
		},
		{
			"from": [7.5, 8.84445, 13.55333],
			"to": [8.5, 8.91445, 16.85333],
			"rotation": {"angle": 0, "axis": "y", "origin": [0.2, 1.79443, 0.05333]},
			"faces": {
				"north": {"uv": [12, 0, 16, 4], "texture": "#0"},
				"east": {"uv": [12, 0, 16, 4], "texture": "#0"},
				"south": {"uv": [12, 0, 16, 4], "texture": "#0"},
				"west": {"uv": [12, 0, 16, 4], "texture": "#0"},
				"up": {"uv": [12, 0, 16, 4], "texture": "#0"},
				"down": {"uv": [12, 0, 16, 4], "texture": "#0"}
			}
		},
		{
			"from": [7.9, 8.89683, 16.34879],
			"to": [8.1, 9.26683, 16.64879],
			"rotation": {"angle": 0, "axis": "y", "origin": [0.2, 1.74681, -0.15121]},
			"faces": {
				"north": {"uv": [12, 8, 16, 12], "texture": "#0"},
				"east": {"uv": [12, 8, 16, 12], "texture": "#0"},
				"south": {"uv": [12, 8, 16, 12], "texture": "#0"},
				"west": {"uv": [12, 8, 16, 12], "texture": "#0"},
				"up": {"uv": [12, 8, 16, 12], "texture": "#0"},
				"down": {"uv": [12, 8, 16, 12], "texture": "#0"}
			}
		},
		{
			"from": [7.9, 9.14445, 15.85333],
			"to": [8.1, 9.41445, 16.75333],
			"rotation": {"angle": -45, "axis": "x", "origin": [8, 9.07945, 16.55333]},
			"faces": {
				"north": {"uv": [12, 8, 16, 12], "texture": "#0"},
				"east": {"uv": [12, 8, 16, 12], "texture": "#0"},
				"south": {"uv": [12, 8, 16, 12], "texture": "#0"},
				"west": {"uv": [12, 8, 16, 12], "texture": "#0"},
				"up": {"uv": [12, 8, 16, 12], "texture": "#0"},
				"down": {"uv": [12, 8, 16, 12], "texture": "#0"}
			}
		},
		{
			"from": [7.9, 8.97932, 1.33138],
			"to": [8.1, 9.24932, 1.63138],
			"rotation": {"angle": 22.5, "axis": "x", "origin": [8, 9.11432, 1.18138]},
			"faces": {
				"north": {"uv": [12, 8, 16, 12], "texture": "#0"},
				"east": {"uv": [12, 8, 16, 12], "texture": "#0"},
				"south": {"uv": [12, 8, 16, 12], "texture": "#0"},
				"west": {"uv": [12, 8, 16, 12], "texture": "#0"},
				"up": {"uv": [12, 8, 16, 12], "texture": "#0"},
				"down": {"uv": [12, 8, 16, 12], "texture": "#0"}
			}
		},
		{
			"from": [7.9, 8.79683, 1.34879],
			"to": [8.1, 9.06683, 1.64879],
			"rotation": {"angle": 0, "axis": "y", "origin": [0.2, 1.54681, -15.15121]},
			"faces": {
				"north": {"uv": [12, 8, 16, 12], "texture": "#0"},
				"east": {"uv": [12, 8, 16, 12], "texture": "#0"},
				"south": {"uv": [12, 8, 16, 12], "texture": "#0"},
				"west": {"uv": [12, 8, 16, 12], "texture": "#0"},
				"up": {"uv": [12, 8, 16, 12], "texture": "#0"},
				"down": {"uv": [12, 8, 16, 12], "texture": "#0"}
			}
		},
		{
			"from": [7.9, 8.91164, 1.07162],
			"to": [8.1, 9.18164, 1.37162],
			"rotation": {"angle": 0, "axis": "x", "origin": [8, 9.04664, 1.17162]},
			"faces": {
				"north": {"uv": [12, 8, 16, 12], "texture": "#0"},
				"east": {"uv": [12, 8, 16, 12], "texture": "#0"},
				"south": {"uv": [12, 8, 16, 12], "texture": "#0"},
				"west": {"uv": [12, 8, 16, 12], "texture": "#0"},
				"up": {"uv": [12, 8, 16, 12], "texture": "#0"},
				"down": {"uv": [12, 8, 16, 12], "texture": "#0"}
			}
		},
		{
			"from": [7.9, 8.86451, 0.83471],
			"to": [8.1, 9.13451, 1.13471],
			"rotation": {"angle": -22.5, "axis": "x", "origin": [8, 8.99951, 0.98471]},
			"faces": {
				"north": {"uv": [12, 8, 16, 12], "texture": "#0"},
				"east": {"uv": [12, 8, 16, 12], "texture": "#0"},
				"south": {"uv": [12, 8, 16, 12], "texture": "#0"},
				"west": {"uv": [12, 8, 16, 12], "texture": "#0"},
				"up": {"uv": [12, 8, 16, 12], "texture": "#0"},
				"down": {"uv": [12, 8, 16, 12], "texture": "#0"}
			}
		},
		{
			"from": [7.9, 8.79683, 0.79446],
			"to": [8.1, 9.06683, 1.39446],
			"rotation": {"angle": 0, "axis": "y", "origin": [0.2, 1.54681, -15.70554]},
			"faces": {
				"north": {"uv": [12, 8, 16, 12], "texture": "#0"},
				"east": {"uv": [12, 8, 16, 12], "texture": "#0"},
				"south": {"uv": [12, 8, 16, 12], "texture": "#0"},
				"west": {"uv": [12, 8, 16, 12], "texture": "#0"},
				"up": {"uv": [12, 8, 16, 12], "texture": "#0"},
				"down": {"uv": [12, 8, 16, 12], "texture": "#0"}
			}
		},
		{
			"from": [8.88, 7.2, 8.7],
			"to": [8.98, 8.2, 11.1],
			"rotation": {"angle": 0, "axis": "y", "origin": [8, 7.5, 9]},
			"faces": {
				"north": {"uv": [12, 8, 16, 12], "texture": "#0"},
				"east": {"uv": [12, 8, 16, 12], "texture": "#0"},
				"south": {"uv": [12, 8, 16, 12], "texture": "#0"},
				"west": {"uv": [12, 8, 16, 12], "texture": "#0"},
				"up": {"uv": [12, 8, 16, 12], "texture": "#0"},
				"down": {"uv": [12, 8, 16, 12], "texture": "#0"}
			}
		},
		{
			"from": [7, 6, 7.3],
			"to": [9, 8.8, 8.7],
			"rotation": {"angle": 0, "axis": "y", "origin": [8, 7.5, 9]},
			"faces": {
				"north": {"uv": [12, 0, 16, 4], "texture": "#0"},
				"east": {"uv": [12, 0, 16, 4], "texture": "#0"},
				"south": {"uv": [12, 0, 16, 4], "texture": "#0"},
				"west": {"uv": [12, 0, 16, 4], "texture": "#0"},
				"up": {"uv": [12, 0, 16, 4], "texture": "#0"},
				"down": {"uv": [12, 0, 16, 4], "texture": "#0"}
			}
		},
		{
			"from": [7, 6, 8.7],
			"to": [9, 7.2, 11.1],
			"rotation": {"angle": 0, "axis": "y", "origin": [8, 7.5, 9]},
			"faces": {
				"north": {"uv": [12, 0, 16, 4], "texture": "#0"},
				"east": {"uv": [12, 0, 16, 4], "texture": "#0"},
				"south": {"uv": [12, 0, 16, 4], "texture": "#0"},
				"west": {"uv": [12, 0, 16, 4], "texture": "#0"},
				"up": {"uv": [12, 0, 16, 4], "texture": "#0"},
				"down": {"uv": [12, 0, 16, 4], "texture": "#0"}
			}
		},
		{
			"from": [7, 8.2, 8.7],
			"to": [9, 8.8, 11.1],
			"rotation": {"angle": 0, "axis": "y", "origin": [8, 7.5, 9]},
			"faces": {
				"north": {"uv": [12, 0, 16, 4], "texture": "#0"},
				"east": {"uv": [12, 0, 16, 4], "texture": "#0"},
				"south": {"uv": [12, 0, 16, 4], "texture": "#0"},
				"west": {"uv": [12, 0, 16, 4], "texture": "#0"},
				"up": {"uv": [12, 0, 16, 4], "texture": "#0"},
				"down": {"uv": [12, 0, 16, 4], "texture": "#0"}
			}
		},
		{
			"from": [7, 7.2, 8.7],
			"to": [8.97, 8.2, 11.1],
			"rotation": {"angle": 0, "axis": "y", "origin": [8, 7.5, 9]},
			"faces": {
				"north": {"uv": [12, 0, 16, 4], "texture": "#0"},
				"east": {"uv": [12, 0, 16, 4], "texture": "#0"},
				"south": {"uv": [12, 0, 16, 4], "texture": "#0"},
				"west": {"uv": [12, 0, 16, 4], "texture": "#0"},
				"up": {"uv": [12, 0, 16, 4], "texture": "#0"},
				"down": {"uv": [12, 0, 16, 4], "texture": "#0"}
			}
		},
		{
			"from": [7.3, -5.02, 12.35],
			"to": [8.7, 0.35, 14.75],
			"rotation": {"angle": -22.5, "axis": "x", "origin": [8, 1.85, 12.1]},
			"faces": {
				"north": {"uv": [8, 0, 12, 4], "texture": "#0"},
				"east": {"uv": [8, 0, 12, 4], "texture": "#0"},
				"south": {"uv": [8, 0, 12, 4], "texture": "#0"},
				"west": {"uv": [8, 0, 12, 4], "texture": "#0"},
				"up": {"uv": [8, 0, 12, 4], "texture": "#0"},
				"down": {"uv": [8, 0, 12, 4], "texture": "#0"}
			}
		},
		{
			"from": [7.3, -6.01194, 14.74134],
			"to": [8.7, -4.61194, 14.94134],
			"rotation": {"angle": -22.5, "axis": "x", "origin": [8, 1.38806, 12.29134]},
			"faces": {
				"north": {"uv": [8, 0, 12, 4], "texture": "#0"},
				"east": {"uv": [8, 0, 12, 4], "texture": "#0"},
				"south": {"uv": [8, 0, 12, 4], "texture": "#0"},
				"west": {"uv": [8, 0, 12, 4], "texture": "#0"},
				"up": {"uv": [8, 0, 12, 4], "texture": "#0"},
				"down": {"uv": [8, 0, 12, 4], "texture": "#0"}
			}
		},
		{
			"from": [7.3, -3.63402, 15.97274],
			"to": [8.7, -3.33402, 17.07274],
			"rotation": {"angle": 0, "axis": "x", "origin": [8, -2.93402, 17.32274]},
			"faces": {
				"north": {"uv": [8, 0, 12, 4], "texture": "#0"},
				"east": {"uv": [8, 0, 12, 4], "texture": "#0"},
				"south": {"uv": [8, 0, 12, 4], "texture": "#0"},
				"west": {"uv": [8, 0, 12, 4], "texture": "#0"},
				"up": {"uv": [8, 0, 12, 4], "texture": "#0"},
				"down": {"uv": [8, 0, 12, 4], "texture": "#0"}
			}
		},
		{
			"from": [7.3, -3.93402, 15.07274],
			"to": [8.7, -3.63402, 17.17274],
			"rotation": {"angle": 0, "axis": "x", "origin": [8, -3.23402, 17.32274]},
			"faces": {
				"north": {"uv": [8, 0, 12, 4], "texture": "#0"},
				"east": {"uv": [8, 0, 12, 4], "texture": "#0"},
				"south": {"uv": [8, 0, 12, 4], "texture": "#0"},
				"west": {"uv": [8, 0, 12, 4], "texture": "#0"},
				"up": {"uv": [8, 0, 12, 4], "texture": "#0"},
				"down": {"uv": [8, 0, 12, 4], "texture": "#0"}
			}
		},
		{
			"from": [7.3, -4.23402, 15.07274],
			"to": [8.7, -3.93402, 17.37274],
			"rotation": {"angle": 0, "axis": "x", "origin": [8, -3.53402, 17.32274]},
			"faces": {
				"north": {"uv": [8, 0, 12, 4], "texture": "#0"},
				"east": {"uv": [8, 0, 12, 4], "texture": "#0"},
				"south": {"uv": [8, 0, 12, 4], "texture": "#0"},
				"west": {"uv": [8, 0, 12, 4], "texture": "#0"},
				"up": {"uv": [8, 0, 12, 4], "texture": "#0"},
				"down": {"uv": [8, 0, 12, 4], "texture": "#0"}
			}
		},
		{
			"from": [7.3, -4.52693, 14.9497],
			"to": [8.7, -4.22693, 17.4097],
			"rotation": {"angle": 0, "axis": "x", "origin": [8, -3.82693, 17.25975]},
			"faces": {
				"north": {"uv": [8, 0, 12, 4], "texture": "#0"},
				"east": {"uv": [8, 0, 12, 4], "texture": "#0"},
				"south": {"uv": [8, 0, 12, 4], "texture": "#0"},
				"west": {"uv": [8, 0, 12, 4], "texture": "#0"},
				"up": {"uv": [8, 0, 12, 4], "texture": "#0"},
				"down": {"uv": [8, 0, 12, 4], "texture": "#0"}
			}
		}
	],
	"display": {
		"thirdperson_righthand": {
			"translation": [0, 1.5, 0],
			"scale": [0.7, 0.7, 0.7]
		},
		"thirdperson_lefthand": {
			"scale": [0, 0, 0]
		},
		"firstperson_righthand": {
			"rotation": [16, -7, -24],
			"translation": [10, 13.5, -7]
		},
		"firstperson_lefthand": {
			"scale": [0, 0, 0]
		},
		"ground": {
			"rotation": [0, 0, 90],
			"translation": [-1.75, 0, -1.75]
		},
		"gui": {
			"rotation": [0, 90, 0],
			"translation": [0.5, 1.5, 0]
		},
		"head": {
			"rotation": [0, 0, 90],
			"translation": [-1.75, -42.5, -0.5],
			"scale": [0.9, 0.9, 0.9]
		},
		"fixed": {
			"rotation": [0, -90, 0]
		}
	},
	"groups": [
		0,
		{
			"name": "group",
			"origin": [8, 4.44166, 4.31531],
			"color": 0,
			"nbt": "{}",
			"children": [1, 2, 3, 4, 5, 6, 7, 8, 9]
		},
		{
			"name": "group",
			"origin": [8, 6.5, 9],
			"color": 0,
			"nbt": "{}",
			"children": [
				10,
				11,
				12,
				13,
				14,
				15,
				16,
				17,
				18,
				19,
				20,
				21,
				22,
				23,
				24,
				25,
				26,
				27,
				28,
				29,
				30,
				31,
				32,
				33,
				34,
				35,
				36,
				37,
				38,
				39,
				40,
				41,
				42,
				43,
				44,
				45,
				46,
				47,
				48,
				49,
				50,
				51,
				52,
				53,
				54,
				55,
				56,
				57,
				58,
				59,
				60,
				61,
				62,
				63,
				64,
				65,
				66,
				67,
				68,
				69,
				70,
				71,
				72,
				73,
				74,
				75,
				76,
				77,
				78,
				79,
				80,
				81,
				82,
				83,
				84,
				85,
				86,
				87,
				88,
				89,
				90
			]
		},
		{
			"name": "group",
			"origin": [8, 1.07307, 14.15975],
			"color": 0,
			"nbt": "{}",
			"children": [91, 92, 93, 94, 95, 96]
		}
	]
}