{
"parent": "item/generated",
"textures": {
"layer0": "item/acacia_door"
}
,
"overrides": [{"predicate": {"custom_model_data": 1},"model": "item/effect/jump_boost_0"},{"predicate": {"custom_model_data": 2},"model": "item/effect/jump_boost_1"},{"predicate": {"custom_model_data": 3},"model": "item/effect/jump_boost_2"},{"predicate": {"custom_model_data": 4},"model": "item/effect/jump_boost_3"},{"predicate": {"custom_model_data": 5},"model": "item/effect/jump_boost_4"},{"predicate": {"custom_model_data": 6},"model": "item/effect/jump_boost_5"},{"predicate": {"custom_model_data": 7},"model": "item/effect/jump_boost_6"},{"predicate": {"custom_model_data": 8},"model": "item/effect/jump_boost_7"},{"predicate": {"custom_model_data": 9},"model": "item/effect/jump_boost_8"},{"predicate": {"custom_model_data": 10},"model": "item/effect/speed_0"},{"predicate": {"custom_model_data": 11},"model": "item/effect/speed_1"},{"predicate": {"custom_model_data": 12},"model": "item/effect/speed_2"},{"predicate": {"custom_model_data": 13},"model": "item/effect/speed_3"},{"predicate": {"custom_model_data": 14},"model": "item/effect/speed_4"},{"predicate": {"custom_model_data": 15},"model": "item/effect/speed_5"},{"predicate": {"custom_model_data": 16},"model": "item/effect/speed_6"},{"predicate": {"custom_model_data": 17},"model": "item/effect/speed_7"},{"predicate": {"custom_model_data": 18},"model": "item/effect/speed_8"},{"predicate": {"custom_model_data": 19},"model": "item/effect/slow_falling_0"},{"predicate": {"custom_model_data": 20},"model": "item/effect/slow_falling_1"},{"predicate": {"custom_model_data": 21},"model": "item/effect/slow_falling_2"},{"predicate": {"custom_model_data": 22},"model": "item/effect/slow_falling_3"},{"predicate": {"custom_model_data": 23},"model": "item/effect/slow_falling_4"},{"predicate": {"custom_model_data": 24},"model": "item/effect/slow_falling_5"},{"predicate": {"custom_model_data": 25},"model": "item/effect/slow_falling_6"},{"predicate": {"custom_model_data": 26},"model": "item/effect/slow_falling_7"},{"predicate": {"custom_model_data": 27},"model": "item/effect/slow_falling_8"},{"predicate": {"custom_model_data": 28},"model": "item/effect/blindness_0"},{"predicate": {"custom_model_data": 29},"model": "item/effect/blindness_1"},{"predicate": {"custom_model_data": 30},"model": "item/effect/blindness_2"},{"predicate": {"custom_model_data": 31},"model": "item/effect/blindness_3"},{"predicate": {"custom_model_data": 32},"model": "item/effect/blindness_4"},{"predicate": {"custom_model_data": 33},"model": "item/effect/blindness_5"},{"predicate": {"custom_model_data": 34},"model": "item/effect/blindness_6"},{"predicate": {"custom_model_data": 35},"model": "item/effect/blindness_7"},{"predicate": {"custom_model_data": 36},"model": "item/effect/blindness_8"}]
}
