{
"parent": "item/generated",
"textures": {
"layer0": "item/coal"
}
,
"overrides": [{"predicate": {"custom_model_data": 1},"model": "item/coal/head"},{"predicate": {"custom_model_data": 2},"model": "item/coal/body"},{"predicate": {"custom_model_data": 3},"model": "item/coal/rightarm"},{"predicate": {"custom_model_data": 4},"model": "item/coal/leftarm"},{"predicate": {"custom_model_data": 5},"model": "item/coal/rightleg"},{"predicate": {"custom_model_data": 6},"model": "item/coal/leftleg"},{"predicate": {"custom_model_data": 7},"model": "item/coal/full"}]
}
