{
"parent": "item/generated",
"textures": {
"layer0": "item/copper_ingot"
}
,
"overrides": [{"predicate": {"custom_model_data": 1},"model": "item/copper_ingot/head"},{"predicate": {"custom_model_data": 2},"model": "item/copper_ingot/body"},{"predicate": {"custom_model_data": 3},"model": "item/copper_ingot/rightarm"},{"predicate": {"custom_model_data": 4},"model": "item/copper_ingot/leftarm"},{"predicate": {"custom_model_data": 5},"model": "item/copper_ingot/rightleg"},{"predicate": {"custom_model_data": 6},"model": "item/copper_ingot/leftleg"},{"predicate": {"custom_model_data": 7},"model": "item/copper_ingot/full"}]
}
