{
"parent": "item/generated",
"textures": {
"layer0": "item/diamond_hoe"
}
,
"overrides": [{"predicate": {"custom_model_data": 1},"model": "custom/player_idle"},{"predicate": {"custom_model_data": 2},"model": "custom/player_walk_0"},{"predicate": {"custom_model_data": 3},"model": "custom/player_walk_1"},{"predicate": {"custom_model_data": 4},"model": "custom/player_walk_2"},{"predicate": {"custom_model_data": 11},"model": "custom/player_idle_inv"},{"predicate": {"custom_model_data": 12},"model": "custom/player_walk_0_inv"},{"predicate": {"custom_model_data": 13},"model": "custom/player_walk_1_inv"},{"predicate": {"custom_model_data": 14},"model": "custom/player_walk_3_inv"}]
}
