{
"parent": "item/generated",
"textures": {
"layer0": "item/jungle_boat"
}
,
"overrides": [{"predicate": {"custom_model_data": 1},"model": "custom/checkpoint/flag_checkpoint_blank"},{"predicate": {"custom_model_data": 2},"model": "custom/checkpoint/flag_checkpoint_red"},{"predicate": {"custom_model_data": 3},"model": "custom/checkpoint/flag_checkpoint_orange"},{"predicate": {"custom_model_data": 4},"model": "custom/checkpoint/flag_checkpoint_yellow"},{"predicate": {"custom_model_data": 5},"model": "custom/checkpoint/flag_checkpoint_lime"},{"predicate": {"custom_model_data": 6},"model": "custom/checkpoint/flag_checkpoint_green"},{"predicate": {"custom_model_data": 7},"model": "custom/checkpoint/flag_checkpoint_light_blue"},{"predicate": {"custom_model_data": 8},"model": "custom/checkpoint/flag_checkpoint_blue"},{"predicate": {"custom_model_data": 9},"model": "custom/checkpoint/flag_checkpoint_cyan"},{"predicate": {"custom_model_data": 10},"model": "custom/checkpoint/flag_checkpoint_magenta"},{"predicate": {"custom_model_data": 11},"model": "custom/checkpoint/flag_checkpoint_purple"},{"predicate": {"custom_model_data": 12},"model": "custom/checkpoint/flag_checkpoint_pink"},{"predicate": {"custom_model_data": 13},"model": "custom/checkpoint/flag_checkpoint_light_gray"},{"predicate": {"custom_model_data": 14},"model": "custom/checkpoint/flag_checkpoint_gray"},{"predicate": {"custom_model_data": 15},"model": "custom/checkpoint/flag_checkpoint_black"},{"predicate": {"custom_model_data": 16},"model": "custom/checkpoint/flag_checkpoint_brown"}]
}
