{
"parent": "item/generated",
"textures": {
"layer0": "item/netherite_ingot"
}
,
"overrides": [{"predicate": {"custom_model_data": 1},"model": "item/netherite_ingot/head"},{"predicate": {"custom_model_data": 2},"model": "item/netherite_ingot/body"},{"predicate": {"custom_model_data": 3},"model": "item/netherite_ingot/rightarm"},{"predicate": {"custom_model_data": 4},"model": "item/netherite_ingot/leftarm"},{"predicate": {"custom_model_data": 5},"model": "item/netherite_ingot/rightleg"},{"predicate": {"custom_model_data": 6},"model": "item/netherite_ingot/leftleg"},{"predicate": {"custom_model_data": 7},"model": "item/netherite_ingot/full"}]
}
