{
"parent": "item/generated",
"textures": {
"layer0": "item/netherite_pickaxe"
}
,
"overrides": [{"predicate": {"custom_model_data": 1},"model": "item/netherite_pickaxe/head"},{"predicate": {"custom_model_data": 2},"model": "item/netherite_pickaxe/body"},{"predicate": {"custom_model_data": 3},"model": "item/netherite_pickaxe/rightarm"},{"predicate": {"custom_model_data": 4},"model": "item/netherite_pickaxe/leftarm"},{"predicate": {"custom_model_data": 5},"model": "item/netherite_pickaxe/rightleg"},{"predicate": {"custom_model_data": 6},"model": "item/netherite_pickaxe/leftleg"},{"predicate": {"custom_model_data": 7},"model": "item/netherite_pickaxe/full"}]
}
