{
"parent": "item/generated",
"textures": {
"layer0": "item/netherite_sword"
}
,
"overrides": [{"predicate": {"custom_model_data": 1},"model": "item/netherite_sword/head"},{"predicate": {"custom_model_data": 2},"model": "item/netherite_sword/body"},{"predicate": {"custom_model_data": 3},"model": "item/netherite_sword/rightarm"},{"predicate": {"custom_model_data": 4},"model": "item/netherite_sword/leftarm"},{"predicate": {"custom_model_data": 5},"model": "item/netherite_sword/rightleg"},{"predicate": {"custom_model_data": 6},"model": "item/netherite_sword/leftleg"},{"predicate": {"custom_model_data": 7},"model": "item/netherite_sword/full"}]
}
