{
"parent": "item/generated",
"textures": {
"layer0": "item/netherite_scrap"
}
,
"overrides": [{"predicate": {"custom_model_data": 1},"model": "item/netherite_scrap/head"},{"predicate": {"custom_model_data": 2},"model": "item/netherite_scrap/body"},{"predicate": {"custom_model_data": 3},"model": "item/netherite_scrap/rightarm"},{"predicate": {"custom_model_data": 4},"model": "item/netherite_scrap/leftarm"},{"predicate": {"custom_model_data": 5},"model": "item/netherite_scrap/rightleg"},{"predicate": {"custom_model_data": 6},"model": "item/netherite_scrap/leftleg"},{"predicate": {"custom_model_data": 7},"model": "item/netherite_scrap/full"}]
}
