{
"parent": "item/generated",
"textures": {
"layer0": "item/raw_gold"
}
,
"overrides": [{"predicate": {"custom_model_data": 1},"model": "item/raw_gold/head"},{"predicate": {"custom_model_data": 2},"model": "item/raw_gold/body"},{"predicate": {"custom_model_data": 3},"model": "item/raw_gold/rightarm"},{"predicate": {"custom_model_data": 4},"model": "item/raw_gold/leftarm"},{"predicate": {"custom_model_data": 5},"model": "item/raw_gold/rightleg"},{"predicate": {"custom_model_data": 6},"model": "item/raw_gold/leftleg"},{"predicate": {"custom_model_data": 7},"model": "item/raw_gold/full"}]
}
