{
"parent": "item/generated",
"textures": {
"layer0": "item/raw_iron"
}
,
"overrides": [{"predicate": {"custom_model_data": 1},"model": "item/raw_iron/head"},{"predicate": {"custom_model_data": 2},"model": "item/raw_iron/body"},{"predicate": {"custom_model_data": 3},"model": "item/raw_iron/rightarm"},{"predicate": {"custom_model_data": 4},"model": "item/raw_iron/leftarm"},{"predicate": {"custom_model_data": 5},"model": "item/raw_iron/rightleg"},{"predicate": {"custom_model_data": 6},"model": "item/raw_iron/leftleg"},{"predicate": {"custom_model_data": 7},"model": "item/raw_iron/full"}]
}
