{
"parent": "item/generated",
"textures": {
"layer0": "item/scute"
}
,
"overrides": [{"predicate": {"custom_model_data": 1},"model": "custom/shockwave_0"},{"predicate": {"custom_model_data": 2},"model": "custom/shockwave_1"},{"predicate": {"custom_model_data": 3},"model": "custom/shockwave_2"},{"predicate": {"custom_model_data": 4},"model": "custom/shockwave_3"},{"predicate": {"custom_model_data": 5},"model": "custom/shockwave_4"},{"predicate": {"custom_model_data": 6},"model": "custom/shockwave_5"},{"predicate": {"custom_model_data": 10},"model": "custom/screen_default"},{"predicate": {"custom_model_data": 11},"model": "custom/screen_target"},{"predicate": {"custom_model_data": 12},"model": "custom/screen_warning"},{"predicate": {"custom_model_data": 20},"model": "custom/beacon"},{"predicate": {"custom_model_data": 21},"model": "custom/beacon_outline"},{"predicate": {"custom_model_data": 50},"model": "custom/fan"},{"predicate": {"custom_model_data": 51},"model": "custom/wind"}]
}
