{
"parent": "item/generated",
"textures": {
"layer0": "item/stick"
}
,
"overrides": [{"predicate": {"custom_model_data": 1},"model": "item/stick/head"},{"predicate": {"custom_model_data": 2},"model": "item/stick/body"},{"predicate": {"custom_model_data": 3},"model": "item/stick/rightarm"},{"predicate": {"custom_model_data": 4},"model": "item/stick/leftarm"},{"predicate": {"custom_model_data": 5},"model": "item/stick/rightleg"},{"predicate": {"custom_model_data": 6},"model": "item/stick/leftleg"},{"predicate": {"custom_model_data": 7},"model": "item/stick/full"}]
}
