{
	"credit": "Made with Blockbench",
	"parent": "block/coral_wall_fan",
	"textures": {
		"fan": "custom/gravity_down"
	},
	"elements": [
		{
			"from": [0, 0, 15.8],
			"to": [16, 16, 15.8],
			"faces": {
				"north": {"uv": [0, 0, 16, 16], "texture": "#fan"},
				"east": {"uv": [0, 0, 0, 16], "texture": "#fan"},
				"south": {"uv": [0, 0, 16, 16], "texture": "#fan"},
				"west": {"uv": [0, 0, 0, 16], "texture": "#fan"},
				"up": {"uv": [0, 0, 16, 0], "texture": "#fan"},
				"down": {"uv": [0, 0, 16, 0], "texture": "#fan"}
			}
		}
	]
}