{
	"credit": "Made with Blockbench",
	"texture_size": [256, 256],
	"textures": {
		"0": "custom/table",
		"particle": "custom/table"
	},
	"elements": [
		{
			"name": "body",
			"from": [-14, 11, -14],
			"to": [30, 16, 30],
			"faces": {
				"north": {"uv": [2.75, 2.75, 5.5, 3.0625], "texture": "#0"},
				"east": {"uv": [0, 2.75, 2.75, 3.0625], "texture": "#0"},
				"south": {"uv": [8.25, 2.75, 11, 3.0625], "texture": "#0"},
				"west": {"uv": [5.5, 2.75, 8.25, 3.0625], "texture": "#0"},
				"up": {"uv": [5.5, 2.75, 2.75, 0], "texture": "#0"},
				"down": {"uv": [8.25, 0, 5.5, 2.75], "texture": "#0"}
			}
		},
		{
			"name": "body",
			"from": [1, 0, 1],
			"to": [15, 5, 15],
			"faces": {
				"north": {"uv": [0.875, 3.9375, 1.75, 4.25], "texture": "#0"},
				"east": {"uv": [0, 3.9375, 0.875, 4.25], "texture": "#0"},
				"south": {"uv": [2.625, 3.9375, 3.5, 4.25], "texture": "#0"},
				"west": {"uv": [1.75, 3.9375, 2.625, 4.25], "texture": "#0"},
				"up": {"uv": [1.75, 3.9375, 0.875, 3.0625], "texture": "#0"},
				"down": {"uv": [2.625, 3.0625, 1.75, 3.9375], "texture": "#0"}
			}
		},
		{
			"name": "body",
			"from": [4, 3, 4],
			"to": [12, 11, 12],
			"faces": {
				"north": {"uv": [0.5, 0.5, 1, 1], "texture": "#0"},
				"east": {"uv": [0, 0.5, 0.5, 1], "texture": "#0"},
				"south": {"uv": [1.5, 0.5, 2, 1], "texture": "#0"},
				"west": {"uv": [1, 0.5, 1.5, 1], "texture": "#0"},
				"up": {"uv": [1, 0.5, 0.5, 0], "texture": "#0"},
				"down": {"uv": [1.5, 0, 1, 0.5], "texture": "#0"}
			}
		}
	],
	"groups": [
		{
			"name": "body",
			"origin": [0, 5, 8],
			"color": 0,
			"shade": false,
			"children": [0, 1, 2]
		}
	]
}