{
    "credit": "Made with Blockbench",
    "textures": {
        "0": "block/white_glazed_terracotta",
        "particle": "block/white_glazed_terracotta"
    },
    "elements": [
        {
            "from": [0, 0, 0],
            "to": [16, 16, 16],
            "faces": {
                "north": {"uv": [0, 0, 16, 16], "texture": "#0"},
                "east": {"uv": [0, 0, 16, 16], "texture": "#0"},
                "south": {"uv": [0, 0, 16, 16], "texture": "#0"},
                "west": {"uv": [0, 0, 16, 16], "texture": "#0"},
                "up": {"uv": [0, 0, 16, 16], "texture": "#0"},
                "down": {"uv": [0, 0, 16, 16], "texture": "#0"}
            }
        }
    ]
}