{
"sfx.earth_explode":{"sounds":[{"name": "sfx/earth_explode","volume":1,"pitch":1,"weight":1,"stream":false,"attenuation_distance":16,"preload":false}]},"sfx.earth_shockwave":{"sounds":[{"name": "sfx/earth_shockwave","volume":1,"pitch":1,"weight":1,"stream":false,"attenuation_distance":16,"preload":false}]},"sfx.phone":{"sounds":[{"name": "sfx/phone","volume":1,"pitch":1,"weight":1,"stream":false,"attenuation_distance":16,"preload":false}]},"music.cave":{"sounds":[{"name": "music/cave","volume":1,"pitch":1,"weight":1,"stream":true,"attenuation_distance":100000,"preload":false}]},"music.elytra":{"sounds":[{"name": "music/elytra","volume":1,"pitch":1,"weight":1,"stream":true,"attenuation_distance":100000,"preload":false}]},"music.intro_0":{"sounds":[{"name": "music/intro_0","volume":1,"pitch":1,"weight":1,"stream":true,"attenuation_distance":100000,"preload":false}]},"music.intro_1":{"sounds":[{"name": "music/intro_1","volume":1,"pitch":1,"weight":1,"stream":true,"attenuation_distance":100000,"preload":false}]},"music.skyland":{"sounds":[{"name": "music/skyland","volume":1,"pitch":1,"weight":1,"stream":true,"attenuation_distance":100000,"preload":false}]},"music.venise":{"sounds":[{"name": "music/venise","volume":1,"pitch":1,"weight":1,"stream":true,"attenuation_distance":100000,"preload":false}]},"music.void":{"sounds":[{"name": "music/void","volume":1,"pitch":1,"weight":1,"stream":true,"attenuation_distance":100000,"preload":false}]},"dialog.intro_0":{"sounds":[{"name": "dialog/intro_0","volume":1,"pitch":1,"weight":1,"stream":true,"attenuation_distance":100000,"preload":false}]},"dialog.intro_1":{"sounds":[{"name": "dialog/intro_1","volume":1,"pitch":1,"weight":1,"stream":true,"attenuation_distance":100000,"preload":false}]},"dialog.intro_2":{"sounds":[{"name": "dialog/intro_2","volume":1,"pitch":1,"weight":1,"stream":true,"attenuation_distance":100000,"preload":false}]},"dialog.intro_3":{"sounds":[{"name": "dialog/intro_3","volume":1,"pitch":1,"weight":1,"stream":true,"attenuation_distance":100000,"preload":false}]},"dialog.intro_4":{"sounds":[{"name": "dialog/intro_4","volume":1,"pitch":1,"weight":1,"stream":true,"attenuation_distance":100000,"preload":false}]},"dialog.intro_5":{"sounds":[{"name": "dialog/intro_5","volume":1,"pitch":1,"weight":1,"stream":true,"attenuation_distance":100000,"preload":false}]},"dialog.intro_6":{"sounds":[{"name": "dialog/intro_6","volume":1,"pitch":1,"weight":1,"stream":true,"attenuation_distance":100000,"preload":false}]},"dialog.intro_7":{"sounds":[{"name": "dialog/intro_7","volume":1,"pitch":1,"weight":1,"stream":true,"attenuation_distance":100000,"preload":false}]},"dialog.intro_8":{"sounds":[{"name": "dialog/intro_8","volume":1,"pitch":1,"weight":1,"stream":true,"attenuation_distance":100000,"preload":false}]},"dialog.intro_10":{"sounds":[{"name": "dialog/intro_10","volume":1,"pitch":1,"weight":1,"stream":true,"attenuation_distance":100000,"preload":false}]},"dialog.intro_11":{"sounds":[{"name": "dialog/intro_11","volume":1,"pitch":1,"weight":1,"stream":true,"attenuation_distance":100000,"preload":false}]},"dialog.intro_12":{"sounds":[{"name": "dialog/intro_12","volume":1,"pitch":1,"weight":1,"stream":true,"attenuation_distance":100000,"preload":false}]},"dialog.intro_13":{"sounds":[{"name": "dialog/intro_13","volume":1,"pitch":1,"weight":1,"stream":true,"attenuation_distance":100000,"preload":false}]},"dialog.intro_14":{"sounds":[{"name": "dialog/intro_14","volume":1,"pitch":1,"weight":1,"stream":true,"attenuation_distance":100000,"preload":false}]},"dialog.intro_20":{"sounds":[{"name": "dialog/intro_20","volume":1,"pitch":1,"weight":1,"stream":true,"attenuation_distance":100000,"preload":false}]},"dialog.intro_21":{"sounds":[{"name": "dialog/intro_21","volume":1,"pitch":1,"weight":1,"stream":true,"attenuation_distance":100000,"preload":false}]},"dialog.intro_22":{"sounds":[{"name": "dialog/intro_22","volume":1,"pitch":1,"weight":1,"stream":true,"attenuation_distance":100000,"preload":false}]},"dialog.intro_23":{"sounds":[{"name": "dialog/intro_23","volume":1,"pitch":1,"weight":1,"stream":true,"attenuation_distance":100000,"preload":false}]},"dialog.intro_25":{"sounds":[{"name": "dialog/intro_25","volume":1,"pitch":1,"weight":1,"stream":true,"attenuation_distance":100000,"preload":false}]},"dialog.intro_26":{"sounds":[{"name": "dialog/intro_26","volume":1,"pitch":1,"weight":1,"stream":true,"attenuation_distance":100000,"preload":false}]},"dialog.intro_27":{"sounds":[{"name": "dialog/intro_27","volume":1,"pitch":1,"weight":1,"stream":true,"attenuation_distance":100000,"preload":false}]},"dialog.outro_0":{"sounds":[{"name": "dialog/outro_0","volume":1,"pitch":1,"weight":1,"stream":true,"attenuation_distance":100000,"preload":false}]},"dialog.outro_1":{"sounds":[{"name": "dialog/outro_1","volume":1,"pitch":1,"weight":1,"stream":true,"attenuation_distance":100000,"preload":false}]},"dialog.outro_2":{"sounds":[{"name": "dialog/outro_2","volume":1,"pitch":1,"weight":1,"stream":true,"attenuation_distance":100000,"preload":false}]},"dialog.outro_3":{"sounds":[{"name": "dialog/outro_3","volume":1,"pitch":1,"weight":1,"stream":true,"attenuation_distance":100000,"preload":false}]},"dialog.outro_4":{"sounds":[{"name": "dialog/outro_4","volume":1,"pitch":1,"weight":1,"stream":true,"attenuation_distance":100000,"preload":false}]},"dialog.outro_5":{"sounds":[{"name": "dialog/outro_5","volume":1,"pitch":1,"weight":1,"stream":true,"attenuation_distance":100000,"preload":false}]},"dialog.outro_6":{"sounds":[{"name": "dialog/outro_6","volume":1,"pitch":1,"weight":1,"stream":true,"attenuation_distance":100000,"preload":false}]},"dialog.outro_7":{"sounds":[{"name": "dialog/outro_7","volume":1,"pitch":1,"weight":1,"stream":true,"attenuation_distance":100000,"preload":false}]},"dialog.outro_8":{"sounds":[{"name": "dialog/outro_8","volume":1,"pitch":1,"weight":1,"stream":true,"attenuation_distance":100000,"preload":false}]},"dialog.outro_9":{"sounds":[{"name": "dialog/outro_9","volume":1,"pitch":1,"weight":1,"stream":true,"attenuation_distance":100000,"preload":false}]},"dialog.outro_10a":{"sounds":[{"name": "dialog/outro_10a","volume":1,"pitch":1,"weight":1,"stream":true,"attenuation_distance":100000,"preload":false}]},"dialog.outro_11a":{"sounds":[{"name": "dialog/outro_11a","volume":1,"pitch":1,"weight":1,"stream":true,"attenuation_distance":100000,"preload":false}]},"dialog.outro_12a":{"sounds":[{"name": "dialog/outro_12a","volume":1,"pitch":1,"weight":1,"stream":true,"attenuation_distance":100000,"preload":false}]},"dialog.outro_13a":{"sounds":[{"name": "dialog/outro_13a","volume":1,"pitch":1,"weight":1,"stream":true,"attenuation_distance":100000,"preload":false}]},"dialog.outro_14a":{"sounds":[{"name": "dialog/outro_14a","volume":1,"pitch":1,"weight":1,"stream":true,"attenuation_distance":100000,"preload":false}]},"dialog.outro_15a":{"sounds":[{"name": "dialog/outro_15a","volume":1,"pitch":1,"weight":1,"stream":true,"attenuation_distance":100000,"preload":false}]},"dialog.outro_16a":{"sounds":[{"name": "dialog/outro_16a","volume":1,"pitch":1,"weight":1,"stream":true,"attenuation_distance":100000,"preload":false}]},"dialog.outro_17a":{"sounds":[{"name": "dialog/outro_17a","volume":1,"pitch":1,"weight":1,"stream":true,"attenuation_distance":100000,"preload":false}]},"dialog.outro_10":{"sounds":[{"name": "dialog/outro_10","volume":1,"pitch":1,"weight":1,"stream":true,"attenuation_distance":100000,"preload":false}]},"dialog.outro_11":{"sounds":[{"name": "dialog/outro_11","volume":1,"pitch":1,"weight":1,"stream":true,"attenuation_distance":100000,"preload":false}]},"dialog.outro_12":{"sounds":[{"name": "dialog/outro_12","volume":1,"pitch":1,"weight":1,"stream":true,"attenuation_distance":100000,"preload":false}]},"dialog.outro_13":{"sounds":[{"name": "dialog/outro_13","volume":1,"pitch":1,"weight":1,"stream":true,"attenuation_distance":100000,"preload":false}]},"dialog.outro_14":{"sounds":[{"name": "dialog/outro_14","volume":1,"pitch":1,"weight":1,"stream":true,"attenuation_distance":100000,"preload":false}]},"dialog.outro_15":{"sounds":[{"name": "dialog/outro_15","volume":1,"pitch":1,"weight":1,"stream":true,"attenuation_distance":100000,"preload":false}]},"dialog.outro_16":{"sounds":[{"name": "dialog/outro_16","volume":1,"pitch":1,"weight":1,"stream":true,"attenuation_distance":100000,"preload":false}]},"dialog.outro_17":{"sounds":[{"name": "dialog/outro_17","volume":1,"pitch":1,"weight":1,"stream":true,"attenuation_distance":100000,"preload":false}]},"dialog.outro_18":{"sounds":[{"name": "dialog/outro_18","volume":1,"pitch":1,"weight":1,"stream":true,"attenuation_distance":100000,"preload":false}]},"dialog.outro_19":{"sounds":[{"name": "dialog/outro_19","volume":1,"pitch":1,"weight":1,"stream":true,"attenuation_distance":100000,"preload":false}]},"dialog.outro_20":{"sounds":[{"name": "dialog/outro_20","volume":1,"pitch":1,"weight":1,"stream":true,"attenuation_distance":100000,"preload":false}]},"dialog.outro_21":{"sounds":[{"name": "dialog/outro_21","volume":1,"pitch":1,"weight":1,"stream":true,"attenuation_distance":100000,"preload":false}]},"dialog.outro_22":{"sounds":[{"name": "dialog/outro_22","volume":1,"pitch":1,"weight":1,"stream":true,"attenuation_distance":100000,"preload":false}]},"dialog.outro_23":{"sounds":[{"name": "dialog/outro_23","volume":1,"pitch":1,"weight":1,"stream":true,"attenuation_distance":100000,"preload":false}]},"dialog.outro_24":{"sounds":[{"name": "dialog/outro_24","volume":1,"pitch":1,"weight":1,"stream":true,"attenuation_distance":100000,"preload":false}]},"dialog.outro_25":{"sounds":[{"name": "dialog/outro_25","volume":1,"pitch":1,"weight":1,"stream":true,"attenuation_distance":100000,"preload":false}]},"dialog.outro_26":{"sounds":[{"name": "dialog/outro_26","volume":1,"pitch":1,"weight":1,"stream":true,"attenuation_distance":100000,"preload":false}]},"dialog.secrete_1_1":{"sounds":[{"name": "dialog/secrete_1_1","volume":1,"pitch":1,"weight":1,"stream":true,"attenuation_distance":100000,"preload":false}]},"dialog.secrete_1_2":{"sounds":[{"name": "dialog/secrete_1_2","volume":1,"pitch":1,"weight":1,"stream":true,"attenuation_distance":100000,"preload":false}]},"dialog.secrete_1_3":{"sounds":[{"name": "dialog/secrete_1_3","volume":1,"pitch":1,"weight":1,"stream":true,"attenuation_distance":100000,"preload":false}]},"dialog.secrete_1_4":{"sounds":[{"name": "dialog/secrete_1_4","volume":1,"pitch":1,"weight":1,"stream":true,"attenuation_distance":100000,"preload":false}]},"dialog.secrete_1_5":{"sounds":[{"name": "dialog/secrete_1_5","volume":1,"pitch":1,"weight":1,"stream":true,"attenuation_distance":100000,"preload":false}]},"dialog.secrete_1_6":{"sounds":[{"name": "dialog/secrete_1_6","volume":1,"pitch":1,"weight":1,"stream":true,"attenuation_distance":100000,"preload":false}]},"dialog.secrete_2_1":{"sounds":[{"name": "dialog/secrete_2_1","volume":1,"pitch":1,"weight":1,"stream":true,"attenuation_distance":100000,"preload":false}]},"dialog.secrete_2_2":{"sounds":[{"name": "dialog/secrete_2_2","volume":1,"pitch":1,"weight":1,"stream":true,"attenuation_distance":100000,"preload":false}]},"dialog.secrete_3_1":{"sounds":[{"name": "dialog/secrete_3_1","volume":1,"pitch":1,"weight":1,"stream":true,"attenuation_distance":100000,"preload":false}]},"dialog.secrete_4_1":{"sounds":[{"name": "dialog/secrete_4_1","volume":1,"pitch":1,"weight":1,"stream":true,"attenuation_distance":100000,"preload":false}]},"dialog.secrete_4_2":{"sounds":[{"name": "dialog/secrete_4_2","volume":1,"pitch":1,"weight":1,"stream":true,"attenuation_distance":100000,"preload":false}]},"dialog.secrete_4_3":{"sounds":[{"name": "dialog/secrete_4_3","volume":1,"pitch":1,"weight":1,"stream":true,"attenuation_distance":100000,"preload":false}]},"dialog.secrete_5_1":{"sounds":[{"name": "dialog/secrete_5_1","volume":1,"pitch":1,"weight":1,"stream":true,"attenuation_distance":100000,"preload":false}]},"dialog.secrete_5_2":{"sounds":[{"name": "dialog/secrete_5_2","volume":1,"pitch":1,"weight":1,"stream":true,"attenuation_distance":100000,"preload":false}]},"dialog.secrete_5_3":{"sounds":[{"name": "dialog/secrete_5_3","volume":1,"pitch":1,"weight":1,"stream":true,"attenuation_distance":100000,"preload":false}]},"dialog.secrete_5_4":{"sounds":[{"name": "dialog/secrete_5_4","volume":1,"pitch":1,"weight":1,"stream":true,"attenuation_distance":100000,"preload":false}]}
}
