{
	"credit": "Made with Blockbench",
	"textures": {
		"0": "slot_1:item/ak47/0",
		"particle": "slot_1:item/ak47/0"
	},
	"elements": [
		{
			"from": [7.9, 3.7, 8.4],
			"to": [8.1, 4.3, 8.5],
			"rotation": {"angle": 0, "axis": "y", "origin": [0, 2.3, 3]},
			"faces": {
				"north": {"uv": [8, 0, 12, 4], "texture": "#0"},
				"east": {"uv": [8, 0, 12, 4], "texture": "#0"},
				"south": {"uv": [8, 0, 12, 4], "texture": "#0"},
				"west": {"uv": [8, 0, 12, 4], "texture": "#0"},
				"up": {"uv": [8, 0, 12, 4], "texture": "#0"},
				"down": {"uv": [8, 0, 12, 4], "texture": "#0"}
			}
		},
		{
			"from": [7.9, 3.54393, 8.37678],
			"to": [8.1, 3.64393, 8.77678],
			"rotation": {"angle": 45, "axis": "x", "origin": [8, 3.59393, 8.57678]},
			"faces": {
				"north": {"uv": [8, 0, 12, 4], "rotation": 90, "texture": "#0"},
				"east": {"uv": [8, 0, 12, 4], "rotation": 90, "texture": "#0"},
				"south": {"uv": [8, 0, 12, 4], "rotation": 90, "texture": "#0"},
				"west": {"uv": [8, 0, 12, 4], "rotation": 90, "texture": "#0"},
				"up": {"uv": [8, 0, 12, 4], "rotation": 90, "texture": "#0"},
				"down": {"uv": [8, 0, 12, 4], "rotation": 90, "texture": "#0"}
			}
		},
		{
			"from": [7.9, 3.41716, 8.68284],
			"to": [8.1, 3.51716, 9.71284],
			"rotation": {"angle": 0, "axis": "x", "origin": [8, 3.16716, 9.03284]},
			"faces": {
				"north": {"uv": [8, 0, 12, 4], "rotation": 90, "texture": "#0"},
				"east": {"uv": [8, 0, 12, 4], "rotation": 90, "texture": "#0"},
				"south": {"uv": [8, 0, 12, 4], "rotation": 90, "texture": "#0"},
				"west": {"uv": [8, 0, 12, 4], "rotation": 90, "texture": "#0"},
				"up": {"uv": [8, 0, 12, 4], "rotation": 90, "texture": "#0"},
				"down": {"uv": [8, 0, 12, 4], "rotation": 90, "texture": "#0"}
			}
		},
		{
			"from": [7.9, 3.7, 9.9],
			"to": [8.1, 4.3, 10],
			"rotation": {"angle": 0, "axis": "y", "origin": [0, 2.3, 3]},
			"faces": {
				"north": {"uv": [8, 0, 12, 4], "texture": "#0"},
				"east": {"uv": [8, 0, 12, 4], "texture": "#0"},
				"south": {"uv": [8, 0, 12, 4], "texture": "#0"},
				"west": {"uv": [8, 0, 12, 4], "texture": "#0"},
				"up": {"uv": [8, 0, 12, 4], "texture": "#0"},
				"down": {"uv": [8, 0, 12, 4], "texture": "#0"}
			}
		},
		{
			"from": [7.92, 4, 9.5],
			"to": [8.08, 4.3, 9.6],
			"rotation": {"angle": 0, "axis": "y", "origin": [8, 4.1, 9.55]},
			"faces": {
				"north": {"uv": [8, 0, 12, 4], "texture": "#0"},
				"east": {"uv": [8, 0, 12, 4], "texture": "#0"},
				"south": {"uv": [8, 0, 12, 4], "texture": "#0"},
				"west": {"uv": [8, 0, 12, 4], "texture": "#0"},
				"up": {"uv": [8, 0, 12, 4], "texture": "#0"},
				"down": {"uv": [8, 0, 12, 4], "texture": "#0"}
			}
		},
		{
			"from": [7.92, 4.06213, 9.35],
			"to": [8.08, 4.56213, 9.45],
			"rotation": {"angle": -45, "axis": "x", "origin": [8, 4.21213, 9.5]},
			"faces": {
				"north": {"uv": [8, 0, 12, 4], "texture": "#0"},
				"east": {"uv": [8, 0, 12, 4], "texture": "#0"},
				"south": {"uv": [8, 0, 12, 4], "texture": "#0"},
				"west": {"uv": [8, 0, 12, 4], "texture": "#0"},
				"up": {"uv": [8, 0, 12, 4], "texture": "#0"},
				"down": {"uv": [8, 0, 12, 4], "texture": "#0"}
			}
		},
		{
			"from": [7.92, 4.16213, 9.45],
			"to": [8.08, 4.46213, 9.58],
			"rotation": {"angle": -45, "axis": "x", "origin": [8, 4.21213, 9.5]},
			"faces": {
				"north": {"uv": [8, 0, 12, 4], "texture": "#0"},
				"east": {"uv": [8, 0, 12, 4], "texture": "#0"},
				"south": {"uv": [8, 0, 12, 4], "texture": "#0"},
				"west": {"uv": [8, 0, 12, 4], "texture": "#0"},
				"up": {"uv": [8, 0, 12, 4], "texture": "#0"},
				"down": {"uv": [8, 0, 12, 4], "texture": "#0"}
			}
		},
		{
			"from": [7.92, 3.7044, 9.82909],
			"to": [8.08, 3.9544, 9.92909],
			"rotation": {"angle": 22.5, "axis": "x", "origin": [8, 4.80443, 9.87909]},
			"faces": {
				"north": {"uv": [8, 0, 12, 4], "texture": "#0"},
				"east": {"uv": [8, 0, 12, 4], "texture": "#0"},
				"south": {"uv": [8, 0, 12, 4], "texture": "#0"},
				"west": {"uv": [8, 0, 12, 4], "texture": "#0"},
				"up": {"uv": [8, 0, 12, 4], "texture": "#0"},
				"down": {"uv": [8, 0, 12, 4], "texture": "#0"}
			}
		},
		{
			"from": [7.92, 3.59097, 9.33057],
			"to": [8.08, 3.84097, 9.43057],
			"rotation": {"angle": 45, "axis": "x", "origin": [8, 3.71597, 9.38057]},
			"faces": {
				"north": {"uv": [8, 0, 12, 4], "texture": "#0"},
				"east": {"uv": [8, 0, 12, 4], "texture": "#0"},
				"south": {"uv": [8, 0, 12, 4], "texture": "#0"},
				"west": {"uv": [8, 0, 12, 4], "texture": "#0"},
				"up": {"uv": [8, 0, 12, 4], "texture": "#0"},
				"down": {"uv": [8, 0, 12, 4], "texture": "#0"}
			}
		},
		{
			"from": [7.9, 3.42322, 9.70251],
			"to": [8.1, 3.82322, 9.80251],
			"rotation": {"angle": 45, "axis": "x", "origin": [8, 3.52322, 9.75251]},
			"faces": {
				"north": {"uv": [8, 0, 12, 4], "texture": "#0"},
				"east": {"uv": [8, 0, 12, 4], "texture": "#0"},
				"south": {"uv": [8, 0, 12, 4], "texture": "#0"},
				"west": {"uv": [8, 0, 12, 4], "texture": "#0"},
				"up": {"uv": [8, 0, 12, 4], "texture": "#0"},
				"down": {"uv": [8, 0, 12, 4], "texture": "#0"}
			}
		},
		{
			"from": [7.55, 4, 11.4],
			"to": [8.45, 4.3, 11.6],
			"rotation": {"angle": 0, "axis": "y", "origin": [0, 2.3, 3]},
			"faces": {
				"north": {"uv": [4, 8, 8, 12], "texture": "#0"},
				"east": {"uv": [4, 8, 8, 12], "texture": "#0"},
				"south": {"uv": [4, 8, 8, 12], "texture": "#0"},
				"west": {"uv": [4, 8, 8, 12], "texture": "#0"},
				"up": {"uv": [4, 8, 8, 12], "texture": "#0"},
				"down": {"uv": [4, 8, 8, 12], "texture": "#0"}
			}
		},
		{
			"from": [7.55, 3.46109, 11.29896],
			"to": [8.45, 3.76109, 11.69896],
			"rotation": {"angle": -45, "axis": "x", "origin": [8, 3.61109, 10.99896]},
			"faces": {
				"north": {"uv": [4, 8, 8, 12], "texture": "#0"},
				"east": {"uv": [4, 8, 8, 12], "texture": "#0"},
				"south": {"uv": [4, 8, 8, 12], "texture": "#0"},
				"west": {"uv": [4, 8, 8, 12], "texture": "#0"},
				"up": {"uv": [4, 8, 8, 12], "texture": "#0"},
				"down": {"uv": [4, 8, 8, 12], "texture": "#0"}
			}
		},
		{
			"from": [7.55, 3.9, 10],
			"to": [8.45, 4.3, 11.4],
			"rotation": {"angle": 0, "axis": "y", "origin": [0, 2.3, 3]},
			"faces": {
				"north": {"uv": [4, 8, 8, 12], "texture": "#0"},
				"east": {"uv": [4, 8, 8, 12], "texture": "#0"},
				"south": {"uv": [4, 8, 8, 12], "texture": "#0"},
				"west": {"uv": [4, 8, 8, 12], "texture": "#0"},
				"up": {"uv": [4, 8, 8, 12], "texture": "#0"},
				"down": {"uv": [4, 8, 8, 12], "texture": "#0"}
			}
		},
		{
			"from": [7.55, 1.89782, 10.51992],
			"to": [8.45, 4.49782, 11.51992],
			"rotation": {"angle": -22.5, "axis": "x", "origin": [8, 3.19782, 11.36992]},
			"faces": {
				"north": {"uv": [4, 8, 8, 12], "rotation": 90, "texture": "#0"},
				"east": {"uv": [4, 8, 8, 12], "rotation": 90, "texture": "#0"},
				"south": {"uv": [4, 8, 8, 12], "rotation": 90, "texture": "#0"},
				"west": {"uv": [4, 8, 8, 12], "rotation": 90, "texture": "#0"},
				"up": {"uv": [4, 8, 8, 12], "rotation": 90, "texture": "#0"},
				"down": {"uv": [4, 8, 8, 12], "rotation": 90, "texture": "#0"}
			}
		},
		{
			"from": [7.55, 3.09276, 9.24436],
			"to": [8.45, 3.39276, 9.54436],
			"rotation": {"angle": 22.5, "axis": "x", "origin": [8, 1.54276, 11.59436]},
			"faces": {
				"north": {"uv": [4, 8, 8, 12], "rotation": 90, "texture": "#0"},
				"east": {"uv": [4, 8, 8, 12], "rotation": 90, "texture": "#0"},
				"south": {"uv": [4, 8, 8, 12], "rotation": 90, "texture": "#0"},
				"west": {"uv": [4, 8, 8, 12], "rotation": 90, "texture": "#0"},
				"up": {"uv": [4, 8, 8, 12], "rotation": 90, "texture": "#0"},
				"down": {"uv": [4, 8, 8, 12], "rotation": 90, "texture": "#0"}
			}
		},
		{
			"from": [7.55, 1.59782, 10.81992],
			"to": [8.45, 1.99782, 11.51992],
			"rotation": {"angle": -22.5, "axis": "x", "origin": [8, 3.19782, 11.36992]},
			"faces": {
				"north": {"uv": [4, 8, 8, 12], "rotation": 90, "texture": "#0"},
				"east": {"uv": [4, 8, 8, 12], "rotation": 90, "texture": "#0"},
				"south": {"uv": [4, 8, 8, 12], "rotation": 90, "texture": "#0"},
				"west": {"uv": [4, 8, 8, 12], "rotation": 90, "texture": "#0"},
				"up": {"uv": [4, 8, 8, 12], "rotation": 90, "texture": "#0"},
				"down": {"uv": [4, 8, 8, 12], "rotation": 90, "texture": "#0"}
			}
		},
		{
			"from": [7.55, 1.5305, 11.85187],
			"to": [8.45, 1.8305, 12.05187],
			"rotation": {"angle": 22.5, "axis": "x", "origin": [8, 1.6305, 11.95187]},
			"faces": {
				"north": {"uv": [4, 8, 8, 12], "rotation": 270, "texture": "#0"},
				"east": {"uv": [4, 8, 8, 12], "rotation": 270, "texture": "#0"},
				"south": {"uv": [4, 8, 8, 12], "rotation": 270, "texture": "#0"},
				"west": {"uv": [4, 8, 8, 12], "rotation": 270, "texture": "#0"},
				"up": {"uv": [4, 8, 8, 12], "rotation": 270, "texture": "#0"},
				"down": {"uv": [4, 8, 8, 12], "rotation": 270, "texture": "#0"}
			}
		},
		{
			"from": [7.55, 1.49985, 11.30599],
			"to": [8.45, 1.79985, 12.00599],
			"rotation": {"angle": 0, "axis": "x", "origin": [8, 1.64985, 11.55599]},
			"faces": {
				"north": {"uv": [4, 8, 8, 12], "rotation": 90, "texture": "#0"},
				"east": {"uv": [4, 8, 8, 12], "rotation": 90, "texture": "#0"},
				"south": {"uv": [4, 8, 8, 12], "rotation": 90, "texture": "#0"},
				"west": {"uv": [4, 8, 8, 12], "rotation": 90, "texture": "#0"},
				"up": {"uv": [4, 8, 8, 12], "rotation": 90, "texture": "#0"},
				"down": {"uv": [4, 8, 8, 12], "rotation": 90, "texture": "#0"}
			}
		},
		{
			"from": [7.55, 1.39276, 10.94436],
			"to": [8.45, 1.69276, 11.34436],
			"rotation": {"angle": 22.5, "axis": "x", "origin": [8, 1.54276, 11.59436]},
			"faces": {
				"north": {"uv": [4, 8, 8, 12], "rotation": 90, "texture": "#0"},
				"east": {"uv": [4, 8, 8, 12], "rotation": 90, "texture": "#0"},
				"south": {"uv": [4, 8, 8, 12], "rotation": 90, "texture": "#0"},
				"west": {"uv": [4, 8, 8, 12], "rotation": 90, "texture": "#0"},
				"up": {"uv": [4, 8, 8, 12], "rotation": 90, "texture": "#0"},
				"down": {"uv": [4, 8, 8, 12], "rotation": 90, "texture": "#0"}
			}
		},
		{
			"from": [7.5, 4.3, 7.7],
			"to": [8.5, 5.4, 12.1],
			"rotation": {"angle": 0, "axis": "y", "origin": [0, 2.3, 3]},
			"faces": {
				"north": {"uv": [8, 4, 12, 8], "texture": "#0"},
				"east": {"uv": [8, 4, 12, 8], "texture": "#0"},
				"south": {"uv": [8, 4, 12, 8], "texture": "#0"},
				"west": {"uv": [8, 4, 12, 8], "texture": "#0"},
				"up": {"uv": [8, 4, 12, 8], "texture": "#0"},
				"down": {"uv": [8, 4, 12, 8], "texture": "#0"}
			}
		},
		{
			"from": [7.5, 4.3, 5.2],
			"to": [8.4, 5.4, 7.7],
			"rotation": {"angle": 0, "axis": "y", "origin": [0, 2.3, 3]},
			"faces": {
				"north": {"uv": [8, 4, 12, 8], "texture": "#0"},
				"east": {"uv": [8, 4, 12, 8], "texture": "#0"},
				"south": {"uv": [8, 4, 12, 8], "texture": "#0"},
				"west": {"uv": [8, 4, 12, 8], "texture": "#0"},
				"up": {"uv": [8, 4, 12, 8], "texture": "#0"},
				"down": {"uv": [8, 4, 12, 8], "texture": "#0"}
			}
		},
		{
			"from": [8.4, 4.3, 5.2],
			"to": [8.5, 5, 7.7],
			"rotation": {"angle": 0, "axis": "y", "origin": [0, 2.3, 3]},
			"faces": {
				"north": {"uv": [8, 4, 12, 8], "texture": "#0"},
				"east": {"uv": [8, 4, 12, 8], "texture": "#0"},
				"south": {"uv": [8, 4, 12, 8], "texture": "#0"},
				"west": {"uv": [8, 4, 12, 8], "texture": "#0"},
				"up": {"uv": [8, 4, 12, 8], "texture": "#0"},
				"down": {"uv": [8, 4, 12, 8], "texture": "#0"}
			}
		},
		{
			"from": [8.4, 5, 5.2],
			"to": [8.5, 5.4, 5.6],
			"rotation": {"angle": 0, "axis": "y", "origin": [0, 2.3, 3]},
			"faces": {
				"north": {"uv": [8, 4, 12, 8], "texture": "#0"},
				"east": {"uv": [8, 4, 12, 8], "texture": "#0"},
				"south": {"uv": [8, 4, 12, 8], "texture": "#0"},
				"west": {"uv": [8, 4, 12, 8], "texture": "#0"},
				"up": {"uv": [8, 4, 12, 8], "texture": "#0"},
				"down": {"uv": [8, 4, 12, 8], "texture": "#0"}
			}
		},
		{
			"from": [7.8, 3.8, 8.05],
			"to": [8.2, 4.4, 8.55],
			"rotation": {"angle": 0, "axis": "y", "origin": [0, 2.3, 3]},
			"faces": {
				"north": {"uv": [8, 0, 12, 4], "texture": "#0"},
				"east": {"uv": [8, 0, 12, 4], "texture": "#0"},
				"south": {"uv": [8, 0, 12, 4], "texture": "#0"},
				"west": {"uv": [8, 0, 12, 4], "texture": "#0"},
				"up": {"uv": [8, 0, 12, 4], "texture": "#0"},
				"down": {"uv": [8, 0, 12, 4], "texture": "#0"}
			}
		},
		{
			"from": [7.8, 3.81543, 7.92758],
			"to": [8.2, 4.21543, 8.12758],
			"rotation": {"angle": -22.5, "axis": "x", "origin": [8, 4.11543, 8.02758]},
			"faces": {
				"north": {"uv": [8, 0, 12, 4], "texture": "#0"},
				"east": {"uv": [8, 0, 12, 4], "texture": "#0"},
				"south": {"uv": [8, 0, 12, 4], "texture": "#0"},
				"west": {"uv": [8, 0, 12, 4], "texture": "#0"},
				"up": {"uv": [8, 0, 12, 4], "texture": "#0"},
				"down": {"uv": [8, 0, 12, 4], "texture": "#0"}
			}
		},
		{
			"from": [7.8, 4.16955, 7.89693],
			"to": [8.2, 4.36955, 8.09693],
			"rotation": {"angle": 0, "axis": "x", "origin": [8, 4.36955, 7.99693]},
			"faces": {
				"north": {"uv": [8, 0, 12, 4], "texture": "#0"},
				"east": {"uv": [8, 0, 12, 4], "texture": "#0"},
				"south": {"uv": [8, 0, 12, 4], "texture": "#0"},
				"west": {"uv": [8, 0, 12, 4], "texture": "#0"},
				"up": {"uv": [8, 0, 12, 4], "texture": "#0"},
				"down": {"uv": [8, 0, 12, 4], "texture": "#0"}
			}
		},
		{
			"from": [7.6, 5.4, 3.8],
			"to": [8.4, 6.2, 5.2],
			"rotation": {"angle": 0, "axis": "y", "origin": [0, 2.3, 3]},
			"faces": {
				"north": {"uv": [8, 0, 12, 4], "texture": "#0"},
				"east": {"uv": [8, 0, 12, 4], "texture": "#0"},
				"south": {"uv": [8, 0, 12, 4], "texture": "#0"},
				"west": {"uv": [8, 0, 12, 4], "texture": "#0"},
				"up": {"uv": [8, 0, 12, 4], "texture": "#0"},
				"down": {"uv": [8, 0, 12, 4], "texture": "#0"}
			}
		},
		{
			"from": [8.4, 5.7, 4.74497],
			"to": [8.5, 5.9, 4.94497],
			"rotation": {"angle": 0, "axis": "y", "origin": [8, 6.07374, 4.77249]},
			"faces": {
				"north": {"uv": [8, 8, 12, 12], "texture": "#0"},
				"east": {"uv": [8, 8, 12, 12], "texture": "#0"},
				"south": {"uv": [8, 8, 12, 12], "texture": "#0"},
				"west": {"uv": [8, 8, 12, 12], "texture": "#0"},
				"up": {"uv": [8, 8, 12, 12], "rotation": 180, "texture": "#0"},
				"down": {"uv": [8, 8, 12, 12], "rotation": 180, "texture": "#0"}
			}
		},
		{
			"from": [8.18, 6.1875, 4.3375],
			"to": [8.48, 6.4475, 5.0575],
			"rotation": {"angle": 0, "axis": "y", "origin": [8, 6.07374, 4.77249]},
			"faces": {
				"north": {"uv": [8, 8, 12, 12], "texture": "#0"},
				"east": {"uv": [8, 8, 12, 12], "rotation": 90, "texture": "#0"},
				"south": {"uv": [8, 8, 12, 12], "rotation": 180, "texture": "#0"},
				"west": {"uv": [8, 8, 12, 12], "rotation": 270, "texture": "#0"},
				"up": {"uv": [8, 8, 12, 12], "texture": "#0"},
				"down": {"uv": [8, 8, 12, 12], "rotation": 180, "texture": "#0"}
			}
		},
		{
			"from": [7.5, 5.7, 4.23],
			"to": [7.6, 5.9, 5.01],
			"rotation": {"angle": 45, "axis": "x", "origin": [8, 6.04749, 4.94749]},
			"faces": {
				"north": {"uv": [8, 8, 12, 12], "rotation": 180, "texture": "#0"},
				"east": {"uv": [8, 8, 12, 12], "rotation": 90, "texture": "#0"},
				"south": {"uv": [8, 8, 12, 12], "texture": "#0"},
				"west": {"uv": [8, 8, 12, 12], "rotation": 270, "texture": "#0"},
				"up": {"uv": [8, 8, 12, 12], "texture": "#0"},
				"down": {"uv": [8, 8, 12, 12], "rotation": 180, "texture": "#0"}
			}
		},
		{
			"from": [7.5, 5.7, 4.74497],
			"to": [7.6, 5.9, 4.94497],
			"rotation": {"angle": 0, "axis": "y", "origin": [8, 6.07374, 4.77249]},
			"faces": {
				"north": {"uv": [8, 8, 12, 12], "texture": "#0"},
				"east": {"uv": [8, 8, 12, 12], "texture": "#0"},
				"south": {"uv": [8, 8, 12, 12], "texture": "#0"},
				"west": {"uv": [8, 8, 12, 12], "texture": "#0"},
				"up": {"uv": [8, 8, 12, 12], "rotation": 180, "texture": "#0"},
				"down": {"uv": [8, 8, 12, 12], "rotation": 180, "texture": "#0"}
			}
		},
		{
			"from": [7.52, 6.1875, 4.3375],
			"to": [7.82, 6.4475, 5.0575],
			"rotation": {"angle": 0, "axis": "y", "origin": [8, 6.07374, 4.77249]},
			"faces": {
				"north": {"uv": [8, 8, 12, 12], "texture": "#0"},
				"east": {"uv": [8, 8, 12, 12], "rotation": 90, "texture": "#0"},
				"south": {"uv": [8, 8, 12, 12], "rotation": 180, "texture": "#0"},
				"west": {"uv": [8, 8, 12, 12], "rotation": 270, "texture": "#0"},
				"up": {"uv": [8, 8, 12, 12], "texture": "#0"},
				"down": {"uv": [8, 8, 12, 12], "rotation": 180, "texture": "#0"}
			}
		},
		{
			"from": [7.82, 6.2875, 4.6375],
			"to": [7.94, 6.4075, 4.7575],
			"rotation": {"angle": 0, "axis": "y", "origin": [8, 6.07374, 4.77249]},
			"faces": {
				"north": {"uv": [8, 8, 12, 12], "texture": "#0"},
				"east": {"uv": [8, 8, 12, 12], "rotation": 90, "texture": "#0"},
				"south": {"uv": [8, 8, 12, 12], "rotation": 180, "texture": "#0"},
				"west": {"uv": [8, 8, 12, 12], "rotation": 270, "texture": "#0"},
				"up": {"uv": [8, 8, 12, 12], "texture": "#0"},
				"down": {"uv": [8, 8, 12, 12], "rotation": 180, "texture": "#0"}
			}
		},
		{
			"from": [8.06, 6.2875, 4.6375],
			"to": [8.18, 6.4075, 4.7575],
			"rotation": {"angle": 0, "axis": "y", "origin": [8, 6.07374, 4.77249]},
			"faces": {
				"north": {"uv": [8, 8, 12, 12], "texture": "#0"},
				"east": {"uv": [8, 8, 12, 12], "rotation": 90, "texture": "#0"},
				"south": {"uv": [8, 8, 12, 12], "rotation": 180, "texture": "#0"},
				"west": {"uv": [8, 8, 12, 12], "rotation": 270, "texture": "#0"},
				"up": {"uv": [8, 8, 12, 12], "texture": "#0"},
				"down": {"uv": [8, 8, 12, 12], "rotation": 180, "texture": "#0"}
			}
		},
		{
			"from": [7.82, 6.1975, 5.64749],
			"to": [8.17, 6.2975, 5.74749],
			"rotation": {"angle": 0, "axis": "y", "origin": [8, 6.07374, 4.77249]},
			"faces": {
				"north": {"uv": [8, 8, 12, 12], "texture": "#0"},
				"east": {"uv": [8, 8, 12, 12], "rotation": 90, "texture": "#0"},
				"south": {"uv": [8, 8, 12, 12], "rotation": 180, "texture": "#0"},
				"west": {"uv": [8, 8, 12, 12], "rotation": 270, "texture": "#0"},
				"up": {"uv": [8, 8, 12, 12], "texture": "#0"},
				"down": {"uv": [8, 8, 12, 12], "rotation": 180, "texture": "#0"}
			}
		},
		{
			"from": [7.84, 6.2575, 5.84749],
			"to": [8.16, 6.4575, 5.94749],
			"rotation": {"angle": 0, "axis": "y", "origin": [7.99, 6.3475, 5.19749]},
			"faces": {
				"north": {"uv": [12, 4, 16, 8], "rotation": 90, "texture": "#0"},
				"east": {"uv": [12, 4, 16, 8], "rotation": 90, "texture": "#0"},
				"south": {"uv": [12, 4, 16, 8], "rotation": 90, "texture": "#0"},
				"west": {"uv": [12, 4, 16, 8], "rotation": 90, "texture": "#0"},
				"up": {"uv": [12, 4, 16, 8], "rotation": 270, "texture": "#0"},
				"down": {"uv": [12, 4, 16, 8], "rotation": 270, "texture": "#0"}
			}
		},
		{
			"from": [7.94, 6.2975, 4.54749],
			"to": [8.06, 6.3975, 5.84749],
			"rotation": {"angle": 0, "axis": "y", "origin": [7.99, 6.3475, 5.19749]},
			"faces": {
				"north": {"uv": [12, 4, 16, 8], "rotation": 90, "texture": "#0"},
				"east": {"uv": [12, 4, 16, 8], "rotation": 90, "texture": "#0"},
				"south": {"uv": [12, 4, 16, 8], "rotation": 90, "texture": "#0"},
				"west": {"uv": [12, 4, 16, 8], "rotation": 90, "texture": "#0"},
				"up": {"uv": [12, 4, 16, 8], "rotation": 270, "texture": "#0"},
				"down": {"uv": [12, 4, 16, 8], "rotation": 270, "texture": "#0"}
			}
		},
		{
			"from": [8.4, 5.7, 4.23],
			"to": [8.5, 5.9, 5.01],
			"rotation": {"angle": 45, "axis": "x", "origin": [8, 6.04749, 4.94749]},
			"faces": {
				"north": {"uv": [8, 8, 12, 12], "rotation": 180, "texture": "#0"},
				"east": {"uv": [8, 8, 12, 12], "rotation": 90, "texture": "#0"},
				"south": {"uv": [8, 8, 12, 12], "texture": "#0"},
				"west": {"uv": [8, 8, 12, 12], "rotation": 270, "texture": "#0"},
				"up": {"uv": [8, 8, 12, 12], "texture": "#0"},
				"down": {"uv": [8, 8, 12, 12], "rotation": 180, "texture": "#0"}
			}
		},
		{
			"from": [7.5, 4.00237, 4.73737],
			"to": [8.5, 5.40237, 5.03737],
			"rotation": {"angle": 0, "axis": "y", "origin": [0, 2.30237, 3.03737]},
			"faces": {
				"north": {"uv": [4, 8, 8, 12], "texture": "#0"},
				"east": {"uv": [4, 8, 8, 12], "texture": "#0"},
				"south": {"uv": [4, 8, 8, 12], "texture": "#0"},
				"west": {"uv": [4, 8, 8, 12], "texture": "#0"},
				"up": {"uv": [4, 8, 8, 12], "texture": "#0"},
				"down": {"uv": [4, 8, 8, 12], "texture": "#0"}
			}
		},
		{
			"from": [7.5, 4.16737, 0.93737],
			"to": [8.5, 5.30237, 4.73737],
			"rotation": {"angle": 0, "axis": "y", "origin": [0, 2.30237, 3.23737]},
			"faces": {
				"north": {"uv": [4, 8, 8, 12], "texture": "#0"},
				"east": {"uv": [4, 8, 8, 12], "texture": "#0"},
				"south": {"uv": [4, 8, 8, 12], "texture": "#0"},
				"west": {"uv": [4, 8, 8, 12], "texture": "#0"},
				"up": {"uv": [4, 8, 8, 12], "texture": "#0"},
				"down": {"uv": [4, 8, 8, 12], "texture": "#0"}
			}
		},
		{
			"from": [7.5, 4.165, 4.8],
			"to": [8.5, 5.4, 5.2],
			"rotation": {"angle": 0, "axis": "y", "origin": [0, 2.3, 3]},
			"faces": {
				"north": {"uv": [4, 8, 8, 12], "texture": "#0"},
				"east": {"uv": [4, 8, 8, 12], "texture": "#0"},
				"south": {"uv": [4, 8, 8, 12], "texture": "#0"},
				"west": {"uv": [4, 8, 8, 12], "texture": "#0"},
				"up": {"uv": [4, 8, 8, 12], "texture": "#0"},
				"down": {"uv": [4, 8, 8, 12], "texture": "#0"}
			}
		},
		{
			"from": [7.5, 3.96904, 4.92691],
			"to": [8.5, 4.26904, 5.15691],
			"rotation": {"angle": -45, "axis": "x", "origin": [8, 4.11904, 4.94191]},
			"faces": {
				"north": {"uv": [4, 8, 8, 12], "texture": "#0"},
				"east": {"uv": [4, 8, 8, 12], "texture": "#0"},
				"south": {"uv": [4, 8, 8, 12], "texture": "#0"},
				"west": {"uv": [4, 8, 8, 12], "texture": "#0"},
				"up": {"uv": [4, 8, 8, 12], "texture": "#0"},
				"down": {"uv": [4, 8, 8, 12], "texture": "#0"}
			}
		},
		{
			"from": [7.5, 4.07322, 4.38113],
			"to": [8.5, 4.37322, 4.81113],
			"rotation": {"angle": 22.5, "axis": "x", "origin": [8, 4.22322, 4.59613]},
			"faces": {
				"north": {"uv": [4, 8, 8, 12], "rotation": 270, "texture": "#0"},
				"east": {"uv": [4, 8, 8, 12], "rotation": 270, "texture": "#0"},
				"south": {"uv": [4, 8, 8, 12], "rotation": 270, "texture": "#0"},
				"west": {"uv": [4, 8, 8, 12], "rotation": 270, "texture": "#0"},
				"up": {"uv": [4, 8, 8, 12], "rotation": 270, "texture": "#0"},
				"down": {"uv": [4, 8, 8, 12], "rotation": 270, "texture": "#0"}
			}
		},
		{
			"from": [7.5, 5.415, 0.9],
			"to": [8.5, 6.195, 3.7],
			"rotation": {"angle": 0, "axis": "y", "origin": [0, 2.3, 3]},
			"faces": {
				"north": {"uv": [12, 0, 16, 4], "texture": "#0"},
				"east": {"uv": [12, 0, 16, 4], "texture": "#0"},
				"south": {"uv": [12, 0, 16, 4], "texture": "#0"},
				"west": {"uv": [12, 0, 16, 4], "texture": "#0"},
				"up": {"uv": [12, 0, 16, 4], "texture": "#0"},
				"down": {"uv": [12, 0, 16, 4], "texture": "#0"}
			}
		},
		{
			"from": [7.6, 5.2, 1],
			"to": [8.4, 5.4, 4.8],
			"rotation": {"angle": 0, "axis": "y", "origin": [0, 2.3, 3]},
			"faces": {
				"north": {"uv": [8, 4, 12, 8], "texture": "#0"},
				"east": {"uv": [8, 4, 12, 8], "texture": "#0"},
				"south": {"uv": [8, 4, 12, 8], "texture": "#0"},
				"west": {"uv": [8, 4, 12, 8], "texture": "#0"},
				"up": {"uv": [8, 4, 12, 8], "texture": "#0"},
				"down": {"uv": [8, 4, 12, 8], "texture": "#0"}
			}
		},
		{
			"from": [7.5, 5.28, 1.9],
			"to": [8.5, 5.415, 2.6],
			"rotation": {"angle": 0, "axis": "y", "origin": [0, 2.215, 2.2]},
			"faces": {
				"north": {"uv": [12, 0, 16, 4], "texture": "#0"},
				"east": {"uv": [12, 0, 16, 4], "texture": "#0"},
				"south": {"uv": [12, 0, 16, 4], "texture": "#0"},
				"west": {"uv": [12, 0, 16, 4], "texture": "#0"},
				"up": {"uv": [12, 0, 16, 4], "texture": "#0"},
				"down": {"uv": [12, 0, 16, 4], "texture": "#0"}
			}
		},
		{
			"from": [7.82, 5.4, 5.2],
			"to": [8.18, 6.2, 11.2],
			"rotation": {"angle": 0, "axis": "y", "origin": [8, 5.8, 8.2]},
			"faces": {
				"north": {"uv": [12, 8, 16, 12], "texture": "#0"},
				"east": {"uv": [12, 8, 16, 12], "texture": "#0"},
				"south": {"uv": [12, 8, 16, 12], "texture": "#0"},
				"west": {"uv": [12, 8, 16, 12], "texture": "#0"},
				"up": {"uv": [12, 8, 16, 12], "texture": "#0"},
				"down": {"uv": [12, 8, 16, 12], "texture": "#0"}
			}
		},
		{
			"from": [7.57, 5.4, 5.2],
			"to": [8.43, 6.1, 11.2],
			"rotation": {"angle": 0, "axis": "y", "origin": [0, 2.3, 3.6]},
			"faces": {
				"north": {"uv": [12, 8, 16, 12], "texture": "#0"},
				"east": {"uv": [12, 8, 16, 12], "texture": "#0"},
				"south": {"uv": [12, 8, 16, 12], "texture": "#0"},
				"west": {"uv": [12, 8, 16, 12], "texture": "#0"},
				"up": {"uv": [12, 8, 16, 12], "texture": "#0"},
				"down": {"uv": [12, 8, 16, 12], "texture": "#0"}
			}
		},
		{
			"from": [7.57, 5.4, 11.2],
			"to": [8.43, 6.1, 11.3],
			"rotation": {"angle": 0, "axis": "y", "origin": [0, 2.3, 3.6]},
			"faces": {
				"north": {"uv": [12, 8, 16, 12], "texture": "#0"},
				"east": {"uv": [12, 8, 16, 12], "texture": "#0"},
				"south": {"uv": [12, 8, 16, 12], "texture": "#0"},
				"west": {"uv": [12, 8, 16, 12], "texture": "#0"},
				"up": {"uv": [12, 8, 16, 12], "texture": "#0"},
				"down": {"uv": [12, 8, 16, 12], "texture": "#0"}
			}
		},
		{
			"from": [7.8, 5.00745, 11.06971],
			"to": [8.2, 6.18745, 11.56971],
			"rotation": {"angle": -45, "axis": "x", "origin": [8.37, 5.74745, 11.36971]},
			"faces": {
				"north": {"uv": [12, 8, 16, 12], "texture": "#0"},
				"east": {"uv": [12, 8, 16, 12], "texture": "#0"},
				"south": {"uv": [12, 8, 16, 12], "texture": "#0"},
				"west": {"uv": [12, 8, 16, 12], "texture": "#0"},
				"up": {"uv": [12, 8, 16, 12], "rotation": 270, "texture": "#0"},
				"down": {"uv": [12, 8, 16, 12], "rotation": 90, "texture": "#0"}
			}
		},
		{
			"from": [7.57, 5.10745, 11.16971],
			"to": [7.8, 6.08745, 11.66971],
			"rotation": {"angle": -45, "axis": "x", "origin": [8.44, 5.64745, 11.46971]},
			"faces": {
				"north": {"uv": [12, 8, 16, 12], "texture": "#0"},
				"east": {"uv": [12, 8, 16, 12], "texture": "#0"},
				"south": {"uv": [12, 8, 16, 12], "texture": "#0"},
				"west": {"uv": [12, 8, 16, 12], "texture": "#0"},
				"up": {"uv": [12, 8, 16, 12], "rotation": 270, "texture": "#0"},
				"down": {"uv": [12, 8, 16, 12], "rotation": 90, "texture": "#0"}
			}
		},
		{
			"from": [8.2, 5.10745, 11.16971],
			"to": [8.43, 6.08745, 11.66971],
			"rotation": {"angle": -45, "axis": "x", "origin": [8.4, 5.64745, 11.46971]},
			"faces": {
				"north": {"uv": [12, 8, 16, 12], "texture": "#0"},
				"east": {"uv": [12, 8, 16, 12], "texture": "#0"},
				"south": {"uv": [12, 8, 16, 12], "texture": "#0"},
				"west": {"uv": [12, 8, 16, 12], "texture": "#0"},
				"up": {"uv": [12, 8, 16, 12], "rotation": 270, "texture": "#0"},
				"down": {"uv": [12, 8, 16, 12], "rotation": 90, "texture": "#0"}
			}
		},
		{
			"from": [7.5, 5.4, 3.7],
			"to": [8.5, 6.2, 3.8],
			"rotation": {"angle": 0, "axis": "y", "origin": [0, 2.3, 3]},
			"faces": {
				"north": {"uv": [16, 8, 12, 4], "texture": "#0"},
				"east": {"uv": [16, 8, 12, 4], "texture": "#0"},
				"south": {"uv": [16, 8, 12, 4], "texture": "#0"},
				"west": {"uv": [16, 8, 12, 4], "texture": "#0"},
				"up": {"uv": [16, 8, 12, 4], "texture": "#0"},
				"down": {"uv": [16, 8, 12, 4], "texture": "#0"}
			}
		},
		{
			"from": [7.5, 5.4, 0.8],
			"to": [8.5, 6.2, 0.9],
			"rotation": {"angle": 0, "axis": "y", "origin": [0, 2.3, 3]},
			"faces": {
				"north": {"uv": [16, 8, 12, 4], "texture": "#0"},
				"east": {"uv": [16, 8, 12, 4], "texture": "#0"},
				"south": {"uv": [16, 8, 12, 4], "texture": "#0"},
				"west": {"uv": [16, 8, 12, 4], "texture": "#0"},
				"up": {"uv": [16, 8, 12, 4], "texture": "#0"},
				"down": {"uv": [16, 8, 12, 4], "texture": "#0"}
			}
		},
		{
			"from": [7.75, 5.55, 0.3],
			"to": [8.25, 6.05, 0.8],
			"rotation": {"angle": 0, "axis": "y", "origin": [0, 2.3, 3]},
			"faces": {
				"north": {"uv": [16, 12, 12, 8], "texture": "#0"},
				"east": {"uv": [16, 12, 12, 8], "texture": "#0"},
				"south": {"uv": [16, 12, 12, 8], "texture": "#0"},
				"west": {"uv": [16, 12, 12, 8], "texture": "#0"},
				"up": {"uv": [16, 12, 12, 8], "texture": "#0"},
				"down": {"uv": [16, 12, 12, 8], "texture": "#0"}
			}
		},
		{
			"from": [7.77, 5.57, -1.2],
			"to": [8.23, 6.03, 0.3],
			"rotation": {"angle": 0, "axis": "y", "origin": [0, 2.3, 3.4]},
			"faces": {
				"north": {"uv": [16, 16, 12, 12], "texture": "#0"},
				"east": {"uv": [16, 16, 12, 12], "texture": "#0"},
				"south": {"uv": [16, 16, 12, 12], "texture": "#0"},
				"west": {"uv": [16, 16, 12, 12], "texture": "#0"},
				"up": {"uv": [16, 16, 12, 12], "texture": "#0"},
				"down": {"uv": [16, 16, 12, 12], "texture": "#0"}
			}
		},
		{
			"from": [7.77, 4.96561, -1.15912],
			"to": [8.23, 5.42561, -0.75912],
			"rotation": {"angle": -45, "axis": "x", "origin": [8, 5.19561, -1.70912]},
			"faces": {
				"north": {"uv": [16, 16, 12, 12], "texture": "#0"},
				"east": {"uv": [16, 16, 12, 12], "texture": "#0"},
				"south": {"uv": [16, 16, 12, 12], "texture": "#0"},
				"west": {"uv": [16, 16, 12, 12], "texture": "#0"},
				"up": {"uv": [16, 16, 12, 12], "texture": "#0"},
				"down": {"uv": [16, 16, 12, 12], "texture": "#0"}
			}
		},
		{
			"from": [7.77, 4.7688, -2.38589],
			"to": [8.23, 5.2288, -1.48589],
			"rotation": {"angle": 0, "axis": "x", "origin": [8, 5.01884, -2.08589]},
			"faces": {
				"north": {"uv": [16, 12, 12, 8], "texture": "#0"},
				"east": {"uv": [16, 12, 12, 8], "texture": "#0"},
				"south": {"uv": [16, 12, 12, 8], "texture": "#0"},
				"west": {"uv": [16, 12, 12, 8], "texture": "#0"},
				"up": {"uv": [16, 12, 12, 8], "texture": "#0"},
				"down": {"uv": [16, 12, 12, 8], "texture": "#0"}
			}
		},
		{
			"from": [7.87, 4.4088, -2.38589],
			"to": [8.13, 4.7688, -2.08589],
			"rotation": {"angle": 0, "axis": "x", "origin": [8, 5.05884, -2.08589]},
			"faces": {
				"north": {"uv": [16, 12, 12, 8], "texture": "#0"},
				"east": {"uv": [16, 12, 12, 8], "texture": "#0"},
				"south": {"uv": [16, 12, 12, 8], "texture": "#0"},
				"west": {"uv": [16, 12, 12, 8], "texture": "#0"},
				"up": {"uv": [16, 12, 12, 8], "texture": "#0"},
				"down": {"uv": [16, 12, 12, 8], "texture": "#0"}
			}
		},
		{
			"from": [7.87, 4.4088, -5.58589],
			"to": [8.13, 4.7688, -5.28589],
			"rotation": {"angle": 0, "axis": "x", "origin": [8, 5.05884, -2.28589]},
			"faces": {
				"north": {"uv": [16, 12, 12, 8], "texture": "#0"},
				"east": {"uv": [16, 12, 12, 8], "texture": "#0"},
				"south": {"uv": [16, 12, 12, 8], "texture": "#0"},
				"west": {"uv": [16, 12, 12, 8], "texture": "#0"},
				"up": {"uv": [16, 12, 12, 8], "texture": "#0"},
				"down": {"uv": [16, 12, 12, 8], "texture": "#0"}
			}
		},
		{
			"from": [7.87, 4.46215, -5.61468],
			"to": [7.93, 4.92215, -5.31468],
			"rotation": {"angle": 45, "axis": "x", "origin": [8, 4.64215, -5.46468]},
			"faces": {
				"north": {"uv": [16, 12, 12, 8], "texture": "#0"},
				"east": {"uv": [16, 12, 12, 8], "texture": "#0"},
				"south": {"uv": [16, 12, 12, 8], "texture": "#0"},
				"west": {"uv": [16, 12, 12, 8], "texture": "#0"},
				"up": {"uv": [16, 12, 12, 8], "texture": "#0"},
				"down": {"uv": [16, 12, 12, 8], "texture": "#0"}
			}
		},
		{
			"from": [8.07, 4.46215, -5.61468],
			"to": [8.13, 4.92215, -5.31468],
			"rotation": {"angle": 45, "axis": "x", "origin": [8, 4.64215, -5.46468]},
			"faces": {
				"north": {"uv": [16, 12, 12, 8], "texture": "#0"},
				"east": {"uv": [16, 12, 12, 8], "texture": "#0"},
				"south": {"uv": [16, 12, 12, 8], "texture": "#0"},
				"west": {"uv": [16, 12, 12, 8], "texture": "#0"},
				"up": {"uv": [16, 12, 12, 8], "texture": "#0"},
				"down": {"uv": [16, 12, 12, 8], "texture": "#0"}
			}
		},
		{
			"from": [7.77, 4.7688, -5.58589],
			"to": [8.23, 5.2288, -4.78589],
			"rotation": {"angle": 0, "axis": "y", "origin": [8, 5.01884, -2.28589]},
			"faces": {
				"north": {"uv": [16, 12, 12, 8], "texture": "#0"},
				"east": {"uv": [16, 12, 12, 8], "texture": "#0"},
				"south": {"uv": [16, 12, 12, 8], "texture": "#0"},
				"west": {"uv": [16, 12, 12, 8], "texture": "#0"},
				"up": {"uv": [16, 12, 12, 8], "texture": "#0"},
				"down": {"uv": [16, 12, 12, 8], "texture": "#0"}
			}
		},
		{
			"from": [7.77, 5.2288, -5.58589],
			"to": [8.23, 5.3888, -4.78589],
			"rotation": {"angle": 0, "axis": "y", "origin": [8, 5.07884, -2.28589]},
			"faces": {
				"north": {"uv": [16, 12, 12, 8], "texture": "#0"},
				"east": {"uv": [16, 12, 12, 8], "texture": "#0"},
				"south": {"uv": [16, 12, 12, 8], "texture": "#0"},
				"west": {"uv": [16, 12, 12, 8], "texture": "#0"},
				"up": {"uv": [16, 12, 12, 8], "texture": "#0"},
				"down": {"uv": [16, 12, 12, 8], "texture": "#0"}
			}
		},
		{
			"from": [7.77, 5.3888, -5.54589],
			"to": [8.23, 6.1888, -5.38589],
			"rotation": {"angle": 0, "axis": "x", "origin": [8, 5.7888, -4.86589]},
			"faces": {
				"north": {"uv": [16, 12, 12, 8], "rotation": 180, "texture": "#0"},
				"east": {"uv": [16, 12, 12, 8], "rotation": 90, "texture": "#0"},
				"south": {"uv": [16, 12, 12, 8], "texture": "#0"},
				"west": {"uv": [16, 12, 12, 8], "rotation": 270, "texture": "#0"},
				"up": {"uv": [16, 12, 12, 8], "texture": "#0"},
				"down": {"uv": [16, 12, 12, 8], "rotation": 180, "texture": "#0"}
			}
		},
		{
			"from": [7.77, 5.7888, -5.44589],
			"to": [8.23, 5.9888, -5.08589],
			"rotation": {"angle": 0, "axis": "x", "origin": [8, 5.7888, -4.86589]},
			"faces": {
				"north": {"uv": [16, 12, 12, 8], "rotation": 180, "texture": "#0"},
				"east": {"uv": [16, 12, 12, 8], "rotation": 90, "texture": "#0"},
				"south": {"uv": [16, 12, 12, 8], "texture": "#0"},
				"west": {"uv": [16, 12, 12, 8], "rotation": 270, "texture": "#0"},
				"up": {"uv": [16, 12, 12, 8], "texture": "#0"},
				"down": {"uv": [16, 12, 12, 8], "rotation": 180, "texture": "#0"}
			}
		},
		{
			"from": [7.77, 5.9888, -5.44589],
			"to": [8.23, 6.1888, -5.18589],
			"rotation": {"angle": 0, "axis": "x", "origin": [8, 5.7888, -4.86589]},
			"faces": {
				"north": {"uv": [16, 12, 12, 8], "rotation": 180, "texture": "#0"},
				"east": {"uv": [16, 12, 12, 8], "rotation": 90, "texture": "#0"},
				"south": {"uv": [16, 12, 12, 8], "texture": "#0"},
				"west": {"uv": [16, 12, 12, 8], "rotation": 270, "texture": "#0"},
				"up": {"uv": [16, 12, 12, 8], "texture": "#0"},
				"down": {"uv": [16, 12, 12, 8], "rotation": 180, "texture": "#0"}
			}
		},
		{
			"from": [7.77, 6.1888, -5.44589],
			"to": [7.83, 6.4888, -5.28589],
			"rotation": {"angle": 0, "axis": "x", "origin": [8, 5.7888, -4.86589]},
			"faces": {
				"north": {"uv": [16, 12, 12, 8], "rotation": 180, "texture": "#0"},
				"east": {"uv": [16, 12, 12, 8], "rotation": 90, "texture": "#0"},
				"south": {"uv": [16, 12, 12, 8], "texture": "#0"},
				"west": {"uv": [16, 12, 12, 8], "rotation": 270, "texture": "#0"},
				"up": {"uv": [16, 12, 12, 8], "texture": "#0"},
				"down": {"uv": [16, 12, 12, 8], "rotation": 180, "texture": "#0"}
			}
		},
		{
			"from": [8.17, 6.1888, -5.44589],
			"to": [8.23, 6.4888, -5.28589],
			"rotation": {"angle": 0, "axis": "x", "origin": [8, 5.7888, -4.86589]},
			"faces": {
				"north": {"uv": [16, 12, 12, 8], "rotation": 180, "texture": "#0"},
				"east": {"uv": [16, 12, 12, 8], "rotation": 90, "texture": "#0"},
				"south": {"uv": [16, 12, 12, 8], "texture": "#0"},
				"west": {"uv": [16, 12, 12, 8], "rotation": 270, "texture": "#0"},
				"up": {"uv": [16, 12, 12, 8], "texture": "#0"},
				"down": {"uv": [16, 12, 12, 8], "rotation": 180, "texture": "#0"}
			}
		},
		{
			"from": [7.77, 6.1888, -5.54589],
			"to": [7.83, 6.5888, -5.38589],
			"rotation": {"angle": 0, "axis": "x", "origin": [8, 5.7888, -4.86589]},
			"faces": {
				"north": {"uv": [16, 12, 12, 8], "rotation": 180, "texture": "#0"},
				"east": {"uv": [16, 12, 12, 8], "rotation": 90, "texture": "#0"},
				"south": {"uv": [16, 12, 12, 8], "texture": "#0"},
				"west": {"uv": [16, 12, 12, 8], "rotation": 270, "texture": "#0"},
				"up": {"uv": [16, 12, 12, 8], "texture": "#0"},
				"down": {"uv": [16, 12, 12, 8], "rotation": 180, "texture": "#0"}
			}
		},
		{
			"from": [8.17, 6.1888, -5.54589],
			"to": [8.23, 6.5888, -5.38589],
			"rotation": {"angle": 0, "axis": "x", "origin": [8, 5.7888, -4.86589]},
			"faces": {
				"north": {"uv": [16, 12, 12, 8], "rotation": 180, "texture": "#0"},
				"east": {"uv": [16, 12, 12, 8], "rotation": 90, "texture": "#0"},
				"south": {"uv": [16, 12, 12, 8], "texture": "#0"},
				"west": {"uv": [16, 12, 12, 8], "rotation": 270, "texture": "#0"},
				"up": {"uv": [16, 12, 12, 8], "texture": "#0"},
				"down": {"uv": [16, 12, 12, 8], "rotation": 180, "texture": "#0"}
			}
		},
		{
			"from": [7.77, 6.5288, -5.54589],
			"to": [8.23, 6.5888, -5.28589],
			"rotation": {"angle": 0, "axis": "x", "origin": [8, 5.8288, -5.86589]},
			"faces": {
				"north": {"uv": [16, 12, 12, 8], "rotation": 180, "texture": "#0"},
				"east": {"uv": [16, 12, 12, 8], "rotation": 90, "texture": "#0"},
				"south": {"uv": [16, 12, 12, 8], "texture": "#0"},
				"west": {"uv": [16, 12, 12, 8], "rotation": 270, "texture": "#0"},
				"up": {"uv": [16, 12, 12, 8], "texture": "#0"},
				"down": {"uv": [16, 12, 12, 8], "rotation": 180, "texture": "#0"}
			}
		},
		{
			"from": [7.77, 6.2049, -5.20768],
			"to": [7.83, 6.6049, -5.04768],
			"rotation": {"angle": -22.5, "axis": "x", "origin": [8, 6.0049, -5.12768]},
			"faces": {
				"north": {"uv": [16, 12, 12, 8], "rotation": 180, "texture": "#0"},
				"east": {"uv": [16, 12, 12, 8], "rotation": 90, "texture": "#0"},
				"south": {"uv": [16, 12, 12, 8], "texture": "#0"},
				"west": {"uv": [16, 12, 12, 8], "rotation": 270, "texture": "#0"},
				"up": {"uv": [16, 12, 12, 8], "texture": "#0"},
				"down": {"uv": [16, 12, 12, 8], "rotation": 180, "texture": "#0"}
			}
		},
		{
			"from": [7.77, 5.3049, -5.20768],
			"to": [8.23, 6.2049, -5.04768],
			"rotation": {"angle": -22.5, "axis": "x", "origin": [8, 6.0049, -5.12768]},
			"faces": {
				"north": {"uv": [16, 12, 12, 8], "rotation": 180, "texture": "#0"},
				"east": {"uv": [16, 12, 12, 8], "rotation": 90, "texture": "#0"},
				"south": {"uv": [16, 12, 12, 8], "texture": "#0"},
				"west": {"uv": [16, 12, 12, 8], "rotation": 270, "texture": "#0"},
				"up": {"uv": [16, 12, 12, 8], "texture": "#0"},
				"down": {"uv": [16, 12, 12, 8], "rotation": 180, "texture": "#0"}
			}
		},
		{
			"from": [8.17, 6.2049, -5.20768],
			"to": [8.23, 6.6049, -5.04768],
			"rotation": {"angle": -22.5, "axis": "x", "origin": [8, 6.0049, -5.12768]},
			"faces": {
				"north": {"uv": [16, 12, 12, 8], "rotation": 180, "texture": "#0"},
				"east": {"uv": [16, 12, 12, 8], "rotation": 90, "texture": "#0"},
				"south": {"uv": [16, 12, 12, 8], "texture": "#0"},
				"west": {"uv": [16, 12, 12, 8], "rotation": 270, "texture": "#0"},
				"up": {"uv": [16, 12, 12, 8], "texture": "#0"},
				"down": {"uv": [16, 12, 12, 8], "rotation": 180, "texture": "#0"}
			}
		},
		{
			"from": [7.97, 4.96561, -1.95912],
			"to": [8.03, 5.42561, -1.15912],
			"rotation": {"angle": -45, "axis": "x", "origin": [8, 5.19561, -1.70912]},
			"faces": {
				"north": {"uv": [16, 16, 12, 12], "texture": "#0"},
				"east": {"uv": [16, 16, 12, 12], "texture": "#0"},
				"south": {"uv": [16, 16, 12, 12], "texture": "#0"},
				"west": {"uv": [16, 16, 12, 12], "texture": "#0"},
				"up": {"uv": [16, 16, 12, 12], "texture": "#0"},
				"down": {"uv": [16, 16, 12, 12], "texture": "#0"}
			}
		},
		{
			"from": [7.97, 5.07168, -2.40305],
			"to": [8.03, 5.53168, -1.60305],
			"rotation": {"angle": -22.5, "axis": "x", "origin": [8, 5.30168, -1.60305]},
			"faces": {
				"north": {"uv": [16, 16, 12, 12], "texture": "#0"},
				"east": {"uv": [16, 16, 12, 12], "texture": "#0"},
				"south": {"uv": [16, 16, 12, 12], "texture": "#0"},
				"west": {"uv": [16, 16, 12, 12], "texture": "#0"},
				"up": {"uv": [16, 16, 12, 12], "texture": "#0"},
				"down": {"uv": [16, 16, 12, 12], "texture": "#0"}
			}
		},
		{
			"from": [7.75, 4.75, 0.4],
			"to": [8.25, 5.25, 0.9],
			"rotation": {"angle": 0, "axis": "y", "origin": [0, 2.3, 3]},
			"faces": {
				"north": {"uv": [16, 12, 12, 8], "texture": "#0"},
				"east": {"uv": [16, 12, 12, 8], "texture": "#0"},
				"south": {"uv": [16, 12, 12, 8], "texture": "#0"},
				"west": {"uv": [16, 12, 12, 8], "texture": "#0"},
				"up": {"uv": [16, 12, 12, 8], "texture": "#0"},
				"down": {"uv": [16, 12, 12, 8], "texture": "#0"}
			}
		},
		{
			"from": [7.8, 4.8, -2.2],
			"to": [8.2, 5.2, 0.4],
			"rotation": {"angle": 0, "axis": "y", "origin": [0, 2.3, 3.2]},
			"faces": {
				"north": {"uv": [16, 16, 12, 12], "texture": "#0"},
				"east": {"uv": [16, 16, 12, 12], "texture": "#0"},
				"south": {"uv": [16, 16, 12, 12], "texture": "#0"},
				"west": {"uv": [16, 16, 12, 12], "texture": "#0"},
				"up": {"uv": [16, 16, 12, 12], "texture": "#0"},
				"down": {"uv": [16, 16, 12, 12], "texture": "#0"}
			}
		},
		{
			"from": [7.95, 4.5, -5.6],
			"to": [8.05, 4.6, 1.1],
			"rotation": {"angle": 0, "axis": "y", "origin": [0, 2.3, 3]},
			"faces": {
				"north": {"uv": [16, 16, 12, 12], "texture": "#0"},
				"east": {"uv": [16, 16, 12, 12], "texture": "#0"},
				"south": {"uv": [16, 16, 12, 12], "texture": "#0"},
				"west": {"uv": [16, 16, 12, 12], "texture": "#0"},
				"up": {"uv": [16, 16, 12, 12], "texture": "#0"},
				"down": {"uv": [16, 16, 12, 12], "texture": "#0"}
			}
		},
		{
			"from": [7.8, 4.8, -5],
			"to": [8.2, 5.2, -2.4],
			"rotation": {"angle": 0, "axis": "y", "origin": [0, 2.3, 3]},
			"faces": {
				"north": {"uv": [16, 16, 12, 12], "texture": "#0"},
				"east": {"uv": [16, 16, 12, 12], "texture": "#0"},
				"south": {"uv": [16, 16, 12, 12], "texture": "#0"},
				"west": {"uv": [16, 16, 12, 12], "texture": "#0"},
				"up": {"uv": [16, 16, 12, 12], "texture": "#0"},
				"down": {"uv": [16, 16, 12, 12], "texture": "#0"}
			}
		},
		{
			"from": [7.8, 4.8, -6.2],
			"to": [8.2, 5.2, -5.6],
			"rotation": {"angle": 0, "axis": "y", "origin": [0, 2.3, 3]},
			"faces": {
				"north": {"uv": [12, 16, 8, 12], "texture": "#0"},
				"east": {"uv": [16, 16, 12, 12], "texture": "#0"},
				"south": {"uv": [16, 16, 12, 12], "texture": "#0"},
				"west": {"uv": [16, 16, 12, 12], "texture": "#0"},
				"up": {"uv": [16, 16, 12, 12], "texture": "#0"},
				"down": {"uv": [16, 16, 12, 12], "texture": "#0"}
			}
		},
		{
			"from": [7.5, 4.20237, 0.83737],
			"to": [8.5, 5.40237, 0.93737],
			"rotation": {"angle": 0, "axis": "y", "origin": [0, 2.10237, 2.93737]},
			"faces": {
				"north": {"uv": [16, 8, 12, 4], "texture": "#0"},
				"east": {"uv": [16, 8, 12, 4], "texture": "#0"},
				"south": {"uv": [16, 8, 12, 4], "texture": "#0"},
				"west": {"uv": [16, 8, 12, 4], "texture": "#0"},
				"up": {"uv": [16, 8, 12, 4], "texture": "#0"},
				"down": {"uv": [16, 8, 12, 4], "texture": "#0"}
			}
		},
		{
			"from": [7.6, 4.3, 12.1],
			"to": [8.4, 5.4, 12.2],
			"rotation": {"angle": 0, "axis": "x", "origin": [8, 4.85, 12.8]},
			"faces": {
				"north": {"uv": [4, 8, 8, 12], "texture": "#0"},
				"east": {"uv": [4, 8, 8, 12], "texture": "#0"},
				"south": {"uv": [4, 8, 8, 12], "texture": "#0"},
				"west": {"uv": [4, 8, 8, 12], "texture": "#0"},
				"up": {"uv": [4, 8, 8, 12], "texture": "#0"},
				"down": {"uv": [4, 8, 8, 12], "texture": "#0"}
			}
		},
		{
			"from": [7.6, 4.3, 12.2],
			"to": [8.4, 5.2, 12.6],
			"rotation": {"angle": 0, "axis": "x", "origin": [8, 4.85, 12.8]},
			"faces": {
				"north": {"uv": [4, 8, 8, 12], "texture": "#0"},
				"east": {"uv": [4, 8, 8, 12], "texture": "#0"},
				"south": {"uv": [4, 8, 8, 12], "texture": "#0"},
				"west": {"uv": [4, 8, 8, 12], "texture": "#0"},
				"up": {"uv": [4, 8, 8, 12], "texture": "#0"},
				"down": {"uv": [4, 8, 8, 12], "texture": "#0"}
			}
		},
		{
			"from": [7.6, 4.1, 12.6],
			"to": [8.4, 5, 13],
			"rotation": {"angle": 0, "axis": "x", "origin": [8, 4.85, 12.8]},
			"faces": {
				"north": {"uv": [4, 8, 8, 12], "texture": "#0"},
				"east": {"uv": [4, 8, 8, 12], "texture": "#0"},
				"south": {"uv": [4, 8, 8, 12], "texture": "#0"},
				"west": {"uv": [4, 8, 8, 12], "texture": "#0"},
				"up": {"uv": [4, 8, 8, 12], "texture": "#0"},
				"down": {"uv": [4, 8, 8, 12], "texture": "#0"}
			}
		},
		{
			"from": [7.6, 4.1, 13],
			"to": [8.4, 4.9, 13.2],
			"rotation": {"angle": 0, "axis": "x", "origin": [8, 4.85, 12.8]},
			"faces": {
				"north": {"uv": [4, 8, 8, 12], "texture": "#0"},
				"east": {"uv": [4, 8, 8, 12], "texture": "#0"},
				"south": {"uv": [4, 8, 8, 12], "texture": "#0"},
				"west": {"uv": [4, 8, 8, 12], "texture": "#0"},
				"up": {"uv": [4, 8, 8, 12], "texture": "#0"},
				"down": {"uv": [4, 8, 8, 12], "texture": "#0"}
			}
		},
		{
			"from": [7.6, 4.1, 13.2],
			"to": [8.4, 4.8, 17.9],
			"rotation": {"angle": 0, "axis": "x", "origin": [8, 4.85, 12.8]},
			"faces": {
				"north": {"uv": [4, 8, 8, 12], "texture": "#0"},
				"east": {"uv": [4, 8, 8, 12], "texture": "#0"},
				"south": {"uv": [4, 8, 8, 12], "texture": "#0"},
				"west": {"uv": [4, 8, 8, 12], "texture": "#0"},
				"up": {"uv": [4, 8, 8, 12], "texture": "#0"},
				"down": {"uv": [4, 8, 8, 12], "texture": "#0"}
			}
		},
		{
			"from": [7.6, 3.5, 14.9],
			"to": [8.4, 4.1, 17.3],
			"rotation": {"angle": 0, "axis": "x", "origin": [8, 3.8, 16.65]},
			"faces": {
				"north": {"uv": [4, 8, 8, 12], "rotation": 270, "texture": "#0"},
				"east": {"uv": [4, 8, 8, 12], "rotation": 270, "texture": "#0"},
				"south": {"uv": [4, 8, 8, 12], "rotation": 270, "texture": "#0"},
				"west": {"uv": [4, 8, 8, 12], "rotation": 270, "texture": "#0"},
				"up": {"uv": [4, 8, 8, 12], "rotation": 270, "texture": "#0"},
				"down": {"uv": [4, 8, 8, 12], "rotation": 270, "texture": "#0"}
			}
		},
		{
			"from": [7.6, 3.9, 13.35],
			"to": [8.4, 4.1, 14.95],
			"rotation": {"angle": 0, "axis": "x", "origin": [8, 3.8, 16.65]},
			"faces": {
				"north": {"uv": [4, 8, 8, 12], "rotation": 270, "texture": "#0"},
				"east": {"uv": [4, 8, 8, 12], "rotation": 270, "texture": "#0"},
				"south": {"uv": [4, 8, 8, 12], "rotation": 270, "texture": "#0"},
				"west": {"uv": [4, 8, 8, 12], "rotation": 270, "texture": "#0"},
				"up": {"uv": [4, 8, 8, 12], "rotation": 270, "texture": "#0"},
				"down": {"uv": [4, 8, 8, 12], "rotation": 270, "texture": "#0"}
			}
		},
		{
			"from": [7.6, 3.73, 14.05],
			"to": [8.4, 3.93, 14.95],
			"rotation": {"angle": 0, "axis": "x", "origin": [8, 3.8, 16.65]},
			"faces": {
				"north": {"uv": [4, 8, 8, 12], "rotation": 270, "texture": "#0"},
				"east": {"uv": [4, 8, 8, 12], "rotation": 270, "texture": "#0"},
				"south": {"uv": [4, 8, 8, 12], "rotation": 270, "texture": "#0"},
				"west": {"uv": [4, 8, 8, 12], "rotation": 270, "texture": "#0"},
				"up": {"uv": [4, 8, 8, 12], "rotation": 270, "texture": "#0"},
				"down": {"uv": [4, 8, 8, 12], "rotation": 270, "texture": "#0"}
			}
		},
		{
			"from": [7.6, 3.63, 14.75],
			"to": [8.4, 3.73, 14.95],
			"rotation": {"angle": 0, "axis": "x", "origin": [8, 3.8, 16.65]},
			"faces": {
				"north": {"uv": [4, 8, 8, 12], "rotation": 270, "texture": "#0"},
				"east": {"uv": [4, 8, 8, 12], "rotation": 270, "texture": "#0"},
				"south": {"uv": [4, 8, 8, 12], "rotation": 270, "texture": "#0"},
				"west": {"uv": [4, 8, 8, 12], "rotation": 270, "texture": "#0"},
				"up": {"uv": [4, 8, 8, 12], "rotation": 270, "texture": "#0"},
				"down": {"uv": [4, 8, 8, 12], "rotation": 270, "texture": "#0"}
			}
		},
		{
			"from": [7.6, 2.8, 17.2],
			"to": [8.4, 4.1, 17.9],
			"rotation": {"angle": 0, "axis": "x", "origin": [8, 4.85, 12.8]},
			"faces": {
				"north": {"uv": [4, 8, 8, 12], "texture": "#0"},
				"east": {"uv": [4, 8, 8, 12], "texture": "#0"},
				"south": {"uv": [4, 8, 8, 12], "texture": "#0"},
				"west": {"uv": [4, 8, 8, 12], "texture": "#0"},
				"up": {"uv": [4, 8, 8, 12], "texture": "#0"},
				"down": {"uv": [4, 8, 8, 12], "texture": "#0"}
			}
		},
		{
			"from": [7.6, 4.8, 14.5],
			"to": [8.4, 5, 17.9],
			"rotation": {"angle": 0, "axis": "x", "origin": [8, 4.85, 12.8]},
			"faces": {
				"north": {"uv": [4, 8, 8, 12], "texture": "#0"},
				"east": {"uv": [4, 8, 8, 12], "texture": "#0"},
				"south": {"uv": [4, 8, 8, 12], "texture": "#0"},
				"west": {"uv": [4, 8, 8, 12], "texture": "#0"},
				"up": {"uv": [4, 8, 8, 12], "texture": "#0"},
				"down": {"uv": [4, 8, 8, 12], "texture": "#0"}
			}
		},
		{
			"from": [7.6, 4.8, 14.1],
			"to": [8.4, 5, 14.5],
			"rotation": {"angle": 0, "axis": "x", "origin": [8, 4.85, 12.8]},
			"faces": {
				"north": {"uv": [4, 8, 8, 12], "texture": "#0"},
				"east": {"uv": [4, 8, 8, 12], "texture": "#0"},
				"south": {"uv": [4, 8, 8, 12], "texture": "#0"},
				"west": {"uv": [4, 8, 8, 12], "texture": "#0"},
				"up": {"uv": [4, 8, 8, 12], "texture": "#0"},
				"down": {"uv": [4, 8, 8, 12], "texture": "#0"}
			}
		},
		{
			"from": [7.6, 3.31696, 12.34207],
			"to": [8.4, 3.51696, 13.16707],
			"rotation": {"angle": 22.5, "axis": "x", "origin": [8, 4.41696, 14.69207]},
			"faces": {
				"north": {"uv": [4, 8, 8, 12], "rotation": 90, "texture": "#0"},
				"east": {"uv": [4, 8, 8, 12], "rotation": 90, "texture": "#0"},
				"south": {"uv": [4, 8, 8, 12], "rotation": 90, "texture": "#0"},
				"west": {"uv": [4, 8, 8, 12], "rotation": 90, "texture": "#0"},
				"up": {"uv": [4, 8, 8, 12], "rotation": 90, "texture": "#0"},
				"down": {"uv": [4, 8, 8, 12], "rotation": 90, "texture": "#0"}
			}
		},
		{
			"from": [7.6, 3.46871, 13.25693],
			"to": [8.4, 3.66871, 14.08193],
			"rotation": {"angle": 22.5, "axis": "x", "origin": [8, 4.66871, 14.60693]},
			"faces": {
				"north": {"uv": [4, 8, 8, 12], "rotation": 90, "texture": "#0"},
				"east": {"uv": [4, 8, 8, 12], "rotation": 90, "texture": "#0"},
				"south": {"uv": [4, 8, 8, 12], "rotation": 90, "texture": "#0"},
				"west": {"uv": [4, 8, 8, 12], "rotation": 90, "texture": "#0"},
				"up": {"uv": [4, 8, 8, 12], "rotation": 90, "texture": "#0"},
				"down": {"uv": [4, 8, 8, 12], "rotation": 90, "texture": "#0"}
			}
		},
		{
			"from": [7.6, 3.01444, 14.89613],
			"to": [8.4, 3.21444, 15.72113],
			"rotation": {"angle": 22.5, "axis": "x", "origin": [8, 4.31444, 16.24613]},
			"faces": {
				"north": {"uv": [4, 8, 8, 12], "rotation": 90, "texture": "#0"},
				"east": {"uv": [4, 8, 8, 12], "rotation": 90, "texture": "#0"},
				"south": {"uv": [4, 8, 8, 12], "rotation": 90, "texture": "#0"},
				"west": {"uv": [4, 8, 8, 12], "rotation": 90, "texture": "#0"},
				"up": {"uv": [4, 8, 8, 12], "rotation": 90, "texture": "#0"},
				"down": {"uv": [4, 8, 8, 12], "rotation": 90, "texture": "#0"}
			}
		},
		{
			"from": [7.6, 2.93525, 16.64973],
			"to": [8.4, 3.23525, 18.24973],
			"rotation": {"angle": 22.5, "axis": "x", "origin": [8, 4.43525, 16.99973]},
			"faces": {
				"north": {"uv": [4, 8, 8, 12], "rotation": 90, "texture": "#0"},
				"east": {"uv": [4, 8, 8, 12], "rotation": 90, "texture": "#0"},
				"south": {"uv": [4, 8, 8, 12], "rotation": 90, "texture": "#0"},
				"west": {"uv": [4, 8, 8, 12], "rotation": 90, "texture": "#0"},
				"up": {"uv": [4, 8, 8, 12], "rotation": 90, "texture": "#0"},
				"down": {"uv": [4, 8, 8, 12], "rotation": 90, "texture": "#0"}
			}
		},
		{
			"from": [7.6, 3.13525, 16.24973],
			"to": [8.4, 3.73525, 17.84973],
			"rotation": {"angle": 22.5, "axis": "x", "origin": [8, 4.43525, 16.99973]},
			"faces": {
				"north": {"uv": [4, 8, 8, 12], "rotation": 90, "texture": "#0"},
				"east": {"uv": [4, 8, 8, 12], "rotation": 90, "texture": "#0"},
				"south": {"uv": [4, 8, 8, 12], "rotation": 90, "texture": "#0"},
				"west": {"uv": [4, 8, 8, 12], "rotation": 90, "texture": "#0"},
				"up": {"uv": [4, 8, 8, 12], "rotation": 90, "texture": "#0"},
				"down": {"uv": [4, 8, 8, 12], "rotation": 90, "texture": "#0"}
			}
		},
		{
			"from": [7.6, 2.78351, 15.73487],
			"to": [8.4, 2.98351, 16.55987],
			"rotation": {"angle": 22.5, "axis": "x", "origin": [8, 4.18351, 17.08487]},
			"faces": {
				"north": {"uv": [4, 8, 8, 12], "rotation": 90, "texture": "#0"},
				"east": {"uv": [4, 8, 8, 12], "rotation": 90, "texture": "#0"},
				"south": {"uv": [4, 8, 8, 12], "rotation": 90, "texture": "#0"},
				"west": {"uv": [4, 8, 8, 12], "rotation": 90, "texture": "#0"},
				"up": {"uv": [4, 8, 8, 12], "rotation": 90, "texture": "#0"},
				"down": {"uv": [4, 8, 8, 12], "rotation": 90, "texture": "#0"}
			}
		},
		{
			"from": [7.6, 2.88351, 15.93487],
			"to": [8.4, 3.08351, 16.55987],
			"rotation": {"angle": 22.5, "axis": "x", "origin": [8, 4.18351, 17.08487]},
			"faces": {
				"north": {"uv": [4, 8, 8, 12], "rotation": 90, "texture": "#0"},
				"east": {"uv": [4, 8, 8, 12], "rotation": 90, "texture": "#0"},
				"south": {"uv": [4, 8, 8, 12], "rotation": 90, "texture": "#0"},
				"west": {"uv": [4, 8, 8, 12], "rotation": 90, "texture": "#0"},
				"up": {"uv": [4, 8, 8, 12], "rotation": 90, "texture": "#0"},
				"down": {"uv": [4, 8, 8, 12], "rotation": 90, "texture": "#0"}
			}
		},
		{
			"from": [7.6, 2.8627, 13.98127],
			"to": [8.4, 3.0627, 14.80627],
			"rotation": {"angle": 22.5, "axis": "x", "origin": [8, 4.0627, 16.33127]},
			"faces": {
				"north": {"uv": [4, 8, 8, 12], "rotation": 90, "texture": "#0"},
				"east": {"uv": [4, 8, 8, 12], "rotation": 90, "texture": "#0"},
				"south": {"uv": [4, 8, 8, 12], "rotation": 90, "texture": "#0"},
				"west": {"uv": [4, 8, 8, 12], "rotation": 90, "texture": "#0"},
				"up": {"uv": [4, 8, 8, 12], "rotation": 90, "texture": "#0"},
				"down": {"uv": [4, 8, 8, 12], "rotation": 90, "texture": "#0"}
			}
		},
		{
			"from": [7.6, 4.99714, 12.11987],
			"to": [8.4, 5.19714, 13.51987],
			"rotation": {"angle": 22.5, "axis": "x", "origin": [8, 5.09714, 12.66987]},
			"faces": {
				"north": {"uv": [4, 8, 8, 12], "rotation": 90, "texture": "#0"},
				"east": {"uv": [4, 8, 8, 12], "rotation": 90, "texture": "#0"},
				"south": {"uv": [4, 8, 8, 12], "rotation": 90, "texture": "#0"},
				"west": {"uv": [4, 8, 8, 12], "rotation": 90, "texture": "#0"},
				"up": {"uv": [4, 8, 8, 12], "rotation": 90, "texture": "#0"},
				"down": {"uv": [4, 8, 8, 12], "rotation": 90, "texture": "#0"}
			}
		},
		{
			"from": [7.6, 4.67947, 13.41689],
			"to": [8.4, 4.87947, 13.81689],
			"rotation": {"angle": 0, "axis": "x", "origin": [8, 4.77947, 14.66689]},
			"faces": {
				"north": {"uv": [4, 8, 8, 12], "rotation": 90, "texture": "#0"},
				"east": {"uv": [4, 8, 8, 12], "rotation": 90, "texture": "#0"},
				"south": {"uv": [4, 8, 8, 12], "rotation": 90, "texture": "#0"},
				"west": {"uv": [4, 8, 8, 12], "rotation": 90, "texture": "#0"},
				"up": {"uv": [4, 8, 8, 12], "rotation": 90, "texture": "#0"},
				"down": {"uv": [4, 8, 8, 12], "rotation": 90, "texture": "#0"}
			}
		},
		{
			"from": [7.6, 4.71012, 13.77101],
			"to": [8.4, 4.91012, 14.57101],
			"rotation": {"angle": -22.5, "axis": "x", "origin": [8, 4.81012, 13.87101]},
			"faces": {
				"north": {"uv": [4, 8, 8, 12], "rotation": 90, "texture": "#0"},
				"east": {"uv": [4, 8, 8, 12], "rotation": 90, "texture": "#0"},
				"south": {"uv": [4, 8, 8, 12], "rotation": 90, "texture": "#0"},
				"west": {"uv": [4, 8, 8, 12], "rotation": 90, "texture": "#0"},
				"up": {"uv": [4, 8, 8, 12], "rotation": 90, "texture": "#0"},
				"down": {"uv": [4, 8, 8, 12], "rotation": 90, "texture": "#0"}
			}
		},
		{
			"from": [7.6, 4.97039, 14.47946],
			"to": [8.4, 5.17039, 18.07946],
			"rotation": {"angle": 0, "axis": "x", "origin": [8, 5.07039, 14.92946]},
			"faces": {
				"north": {"uv": [4, 8, 8, 12], "rotation": 90, "texture": "#0"},
				"east": {"uv": [4, 8, 8, 12], "rotation": 90, "texture": "#0"},
				"south": {"uv": [4, 8, 8, 12], "rotation": 90, "texture": "#0"},
				"west": {"uv": [4, 8, 8, 12], "rotation": 90, "texture": "#0"},
				"up": {"uv": [4, 8, 8, 12], "rotation": 90, "texture": "#0"},
				"down": {"uv": [4, 8, 8, 12], "rotation": 90, "texture": "#0"}
			}
		},
		{
			"from": [7.6, 2.57039, 17.57946],
			"to": [8.4, 2.87039, 18.07946],
			"rotation": {"angle": 0, "axis": "x", "origin": [8, 4.87039, 15.22946]},
			"faces": {
				"north": {"uv": [4, 8, 8, 12], "rotation": 90, "texture": "#0"},
				"east": {"uv": [4, 8, 8, 12], "rotation": 90, "texture": "#0"},
				"south": {"uv": [4, 8, 8, 12], "rotation": 90, "texture": "#0"},
				"west": {"uv": [4, 8, 8, 12], "rotation": 90, "texture": "#0"},
				"up": {"uv": [4, 8, 8, 12], "rotation": 90, "texture": "#0"},
				"down": {"uv": [4, 8, 8, 12], "rotation": 90, "texture": "#0"}
			}
		},
		{
			"from": [7.6, 2.77039, 17.87946],
			"to": [8.4, 4.97039, 18.07946],
			"rotation": {"angle": 0, "axis": "x", "origin": [8, 3.32039, 17.97946]},
			"faces": {
				"north": {"uv": [4, 8, 8, 12], "texture": "#0"},
				"east": {"uv": [4, 8, 8, 12], "texture": "#0"},
				"south": {"uv": [4, 8, 8, 12], "texture": "#0"},
				"west": {"uv": [4, 8, 8, 12], "texture": "#0"},
				"up": {"uv": [4, 8, 8, 12], "texture": "#0"},
				"down": {"uv": [4, 8, 8, 12], "texture": "#0"}
			}
		},
		{
			"from": [8.4, 5, 5.6],
			"to": [8.5, 5.4, 7.7],
			"rotation": {"angle": 0, "axis": "y", "origin": [-0.1, 2.3, 3]},
			"faces": {
				"north": {"uv": [4, 0, 8, 4], "texture": "#0"},
				"east": {"uv": [0, 0, 5, 4], "rotation": 180, "texture": "#0"},
				"south": {"uv": [4, 0, 8, 4], "texture": "#0"},
				"west": {"uv": [4, 0, 8, 4], "texture": "#0"},
				"up": {"uv": [4, 0, 8, 4], "texture": "#0"},
				"down": {"uv": [4, 0, 8, 4], "texture": "#0"}
			}
		},
		{
			"from": [8.5, 5, 5.6],
			"to": [8.6, 5.4, 5.9],
			"rotation": {"angle": 0, "axis": "y", "origin": [-0.1, 2.3, 3]},
			"faces": {
				"north": {"uv": [8, 8, 12, 12], "texture": "#0"},
				"east": {"uv": [8, 8, 12, 12], "texture": "#0"},
				"south": {"uv": [8, 8, 12, 12], "texture": "#0"},
				"west": {"uv": [8, 8, 12, 12], "texture": "#0"},
				"up": {"uv": [8, 8, 12, 12], "texture": "#0"},
				"down": {"uv": [8, 8, 12, 12], "texture": "#0"}
			}
		},
		{
			"from": [7.4, 4.8, 6.2],
			"to": [7.5, 5.1, 6.5],
			"rotation": {"angle": 0, "axis": "y", "origin": [7.45, 4.95, 8.95]},
			"faces": {
				"north": {"uv": [0, 4, 1, 5], "texture": "#0"},
				"east": {"uv": [0, 4, 1, 5], "texture": "#0"},
				"south": {"uv": [0, 4, 1, 5], "texture": "#0"},
				"west": {"uv": [0, 4, 4, 8], "texture": "#0"},
				"up": {"uv": [0, 4, 1, 5], "texture": "#0"},
				"down": {"uv": [0, 4, 1, 5], "texture": "#0"}
			}
		},
		{
			"from": [7.4, 4.8, 6.7],
			"to": [7.5, 5.1, 7.3],
			"rotation": {"angle": 0, "axis": "y", "origin": [7.45, 4.95, 8.95]},
			"faces": {
				"north": {"uv": [0, 3, 1, 4], "texture": "#0"},
				"east": {"uv": [0, 3, 1, 4], "texture": "#0"},
				"south": {"uv": [0, 3, 1, 4], "texture": "#0"},
				"west": {"uv": [0, 0, 4, 4], "texture": "#0"},
				"up": {"uv": [0, 3, 1, 4], "texture": "#0"},
				"down": {"uv": [0, 3, 1, 4], "texture": "#0"}
			}
		},
		{
			"from": [8.5, 4.8, 6.7],
			"to": [8.6, 5.1, 7.3],
			"rotation": {"angle": 0, "axis": "y", "origin": [7.45, 4.95, 8.95]},
			"faces": {
				"north": {"uv": [0, 0, 1, 1], "texture": "#0"},
				"east": {"uv": [0, 0, 4, 4], "texture": "#0"},
				"south": {"uv": [0, 0, 1, 1], "texture": "#0"},
				"west": {"uv": [0, 0, 1, 1], "texture": "#0"},
				"up": {"uv": [0, 0, 1, 1], "texture": "#0"},
				"down": {"uv": [0, 0, 1, 1], "texture": "#0"}
			}
		},
		{
			"from": [7.4, 4.8, 7.5],
			"to": [7.5, 5.1, 7.8],
			"rotation": {"angle": 0, "axis": "y", "origin": [7.45, 4.95, 8.95]},
			"faces": {
				"north": {"uv": [0, 4, 1, 5], "texture": "#0"},
				"east": {"uv": [0, 4, 1, 5], "texture": "#0"},
				"south": {"uv": [0, 4, 1, 5], "texture": "#0"},
				"west": {"uv": [0, 4, 4, 8], "texture": "#0"},
				"up": {"uv": [0, 4, 1, 5], "texture": "#0"},
				"down": {"uv": [0, 4, 1, 5], "texture": "#0"}
			}
		},
		{
			"from": [7.4, 4.6, 9.3],
			"to": [7.5, 4.9, 9.6],
			"rotation": {"angle": 0, "axis": "y", "origin": [7.45, 4.95, 8.95]},
			"faces": {
				"north": {"uv": [0, 4, 1, 5], "texture": "#0"},
				"east": {"uv": [0, 4, 1, 5], "texture": "#0"},
				"south": {"uv": [0, 4, 1, 5], "texture": "#0"},
				"west": {"uv": [0, 4, 4, 8], "texture": "#0"},
				"up": {"uv": [0, 4, 1, 5], "texture": "#0"},
				"down": {"uv": [0, 4, 1, 5], "texture": "#0"}
			}
		},
		{
			"from": [7.4, 5, 11.4],
			"to": [7.5, 5.3, 11.7],
			"rotation": {"angle": 0, "axis": "y", "origin": [7.45, 4.95, 8.95]},
			"faces": {
				"north": {"uv": [0, 4, 1, 5], "texture": "#0"},
				"east": {"uv": [0, 4, 1, 5], "texture": "#0"},
				"south": {"uv": [0, 4, 1, 5], "texture": "#0"},
				"west": {"uv": [0, 4, 4, 8], "texture": "#0"},
				"up": {"uv": [0, 4, 1, 5], "texture": "#0"},
				"down": {"uv": [0, 4, 1, 5], "texture": "#0"}
			}
		},
		{
			"from": [8.5, 5, 11.4],
			"to": [8.6, 5.3, 11.7],
			"rotation": {"angle": 0, "axis": "y", "origin": [7.45, 4.95, 8.95]},
			"faces": {
				"north": {"uv": [0, 4, 1, 5], "texture": "#0"},
				"east": {"uv": [0, 4, 4, 8], "texture": "#0"},
				"south": {"uv": [0, 4, 1, 5], "texture": "#0"},
				"west": {"uv": [0, 4, 1, 5], "texture": "#0"},
				"up": {"uv": [0, 4, 1, 5], "texture": "#0"},
				"down": {"uv": [0, 4, 1, 5], "texture": "#0"}
			}
		},
		{
			"from": [8.5, 4.6, 9.3],
			"to": [8.6, 4.9, 9.6],
			"rotation": {"angle": 0, "axis": "y", "origin": [7.45, 4.95, 8.95]},
			"faces": {
				"north": {"uv": [0, 4, 1, 5], "texture": "#0"},
				"east": {"uv": [0, 4, 4, 8], "texture": "#0"},
				"south": {"uv": [0, 4, 1, 5], "texture": "#0"},
				"west": {"uv": [0, 4, 1, 5], "texture": "#0"},
				"up": {"uv": [0, 4, 1, 5], "texture": "#0"},
				"down": {"uv": [0, 4, 1, 5], "texture": "#0"}
			}
		},
		{
			"from": [8.5, 4.8, 7.5],
			"to": [8.6, 5.1, 7.8],
			"rotation": {"angle": 0, "axis": "y", "origin": [7.45, 4.95, 8.95]},
			"faces": {
				"north": {"uv": [0, 4, 1, 5], "texture": "#0"},
				"east": {"uv": [0, 4, 4, 8], "texture": "#0"},
				"south": {"uv": [0, 4, 1, 5], "texture": "#0"},
				"west": {"uv": [0, 4, 1, 5], "texture": "#0"},
				"up": {"uv": [0, 4, 1, 5], "texture": "#0"},
				"down": {"uv": [0, 4, 1, 5], "texture": "#0"}
			}
		},
		{
			"from": [8.5, 4.8, 6.2],
			"to": [8.6, 5.1, 6.5],
			"rotation": {"angle": 0, "axis": "y", "origin": [7.45, 4.95, 8.95]},
			"faces": {
				"north": {"uv": [0, 4, 1, 5], "texture": "#0"},
				"east": {"uv": [0, 4, 4, 8], "texture": "#0"},
				"south": {"uv": [0, 4, 1, 5], "texture": "#0"},
				"west": {"uv": [0, 4, 1, 5], "texture": "#0"},
				"up": {"uv": [0, 4, 1, 5], "texture": "#0"},
				"down": {"uv": [0, 4, 1, 5], "texture": "#0"}
			}
		},
		{
			"from": [7.6, 3.36955, 6.19693],
			"to": [8.4, 4.36955, 7.89693],
			"rotation": {"angle": 0, "axis": "y", "origin": [0, 2.36955, 2.89693]},
			"faces": {
				"north": {"uv": [8, 0, 12, 4], "texture": "#0"},
				"east": {"uv": [8, 0, 12, 4], "texture": "#0"},
				"south": {"uv": [8, 0, 12, 4], "texture": "#0"},
				"west": {"uv": [8, 0, 12, 4], "texture": "#0"},
				"up": {"uv": [8, 0, 12, 4], "texture": "#0"},
				"down": {"uv": [8, 0, 12, 4], "texture": "#0"}
			}
		},
		{
			"from": [7.6, 1.67971, 6.43764],
			"to": [8.4, 3.67971, 8.13764],
			"rotation": {"angle": 22.5, "axis": "x", "origin": [8, 4.12971, 7.33764]},
			"faces": {
				"north": {"uv": [8, 0, 12, 4], "texture": "#0"},
				"east": {"uv": [8, 0, 12, 4], "texture": "#0"},
				"south": {"uv": [8, 0, 12, 4], "texture": "#0"},
				"west": {"uv": [8, 0, 12, 4], "texture": "#0"},
				"up": {"uv": [8, 0, 12, 4], "texture": "#0"},
				"down": {"uv": [8, 0, 12, 4], "texture": "#0"}
			}
		},
		{
			"from": [7.6, 0.42951, 4.79493],
			"to": [8.4, 2.62951, 6.49493],
			"rotation": {"angle": 45, "axis": "x", "origin": [8, 1.30717, 5.57611]},
			"faces": {
				"north": {"uv": [8, 0, 12, 4], "texture": "#0"},
				"east": {"uv": [8, 0, 12, 4], "texture": "#0"},
				"south": {"uv": [8, 0, 12, 4], "texture": "#0"},
				"west": {"uv": [8, 0, 12, 4], "texture": "#0"},
				"up": {"uv": [8, 0, 12, 4], "texture": "#0"},
				"down": {"uv": [8, 0, 12, 4], "texture": "#0"}
			}
		},
		{
			"from": [7.55, 3.9, 6.3],
			"to": [8.45, 4, 6.6],
			"rotation": {"angle": 0, "axis": "y", "origin": [0, 2.3, 0]},
			"faces": {
				"north": {"uv": [4, 0, 8, 4.1], "texture": "#0"},
				"east": {"uv": [0, 0, 4, 4.1], "texture": "#0"},
				"south": {"uv": [4, 0, 8, 4.1], "texture": "#0"},
				"west": {"uv": [0, 0, 4, 4.1], "texture": "#0"},
				"up": {"uv": [4, 0, 8, 4.1], "texture": "#0"},
				"down": {"uv": [4, 0, 8, 4.1], "texture": "#0"}
			}
		},
		{
			"from": [7.55, 3.5, 6.25],
			"to": [8.45, 3.6, 6.55],
			"rotation": {"angle": 22.5, "axis": "x", "origin": [8, 3.55, 6.45]},
			"faces": {
				"north": {"uv": [4, 0, 8, 4.1], "texture": "#0"},
				"east": {"uv": [0, 0, 4, 4.1], "texture": "#0"},
				"south": {"uv": [4, 0, 8, 4.1], "texture": "#0"},
				"west": {"uv": [0, 0, 4, 4.1], "texture": "#0"},
				"up": {"uv": [4, 0, 8, 4.1], "texture": "#0"},
				"down": {"uv": [4, 0, 8, 4.1], "texture": "#0"}
			}
		},
		{
			"from": [7.55, 3.1, 6.27],
			"to": [8.45, 3.2, 6.57],
			"rotation": {"angle": 22.5, "axis": "x", "origin": [8, 3.55, 6.45]},
			"faces": {
				"north": {"uv": [4, 0, 8, 4.1], "texture": "#0"},
				"east": {"uv": [0, 0, 4, 4.1], "texture": "#0"},
				"south": {"uv": [4, 0, 8, 4.1], "texture": "#0"},
				"west": {"uv": [0, 0, 4, 4.1], "texture": "#0"},
				"up": {"uv": [4, 0, 8, 4.1], "texture": "#0"},
				"down": {"uv": [4, 0, 8, 4.1], "texture": "#0"}
			}
		},
		{
			"from": [7.55, 2.7, 6.29],
			"to": [8.45, 2.8, 6.59],
			"rotation": {"angle": 22.5, "axis": "x", "origin": [8, 3.55, 6.45]},
			"faces": {
				"north": {"uv": [4, 0, 8, 4.1], "texture": "#0"},
				"east": {"uv": [0, 0, 4, 4.1], "texture": "#0"},
				"south": {"uv": [4, 0, 8, 4.1], "texture": "#0"},
				"west": {"uv": [0, 0, 4, 4.1], "texture": "#0"},
				"up": {"uv": [4, 0, 8, 4.1], "texture": "#0"},
				"down": {"uv": [4, 0, 8, 4.1], "texture": "#0"}
			}
		},
		{
			"from": [7.55, 2.36481, 6.2942],
			"to": [8.45, 2.46481, 6.5942],
			"rotation": {"angle": 45, "axis": "x", "origin": [8, 3.01481, 6.1742]},
			"faces": {
				"north": {"uv": [4, 0, 8, 4.1], "texture": "#0"},
				"east": {"uv": [0, 0, 4, 4.1], "texture": "#0"},
				"south": {"uv": [4, 0, 8, 4.1], "texture": "#0"},
				"west": {"uv": [0, 0, 4, 4.1], "texture": "#0"},
				"up": {"uv": [4, 0, 8, 4.1], "texture": "#0"},
				"down": {"uv": [4, 0, 8, 4.1], "texture": "#0"}
			}
		},
		{
			"from": [7.55, 1.96481, 6.3242],
			"to": [8.45, 2.06481, 6.6242],
			"rotation": {"angle": 45, "axis": "x", "origin": [8, 3.01481, 6.1742]},
			"faces": {
				"north": {"uv": [4, 0, 8, 4.1], "texture": "#0"},
				"east": {"uv": [0, 0, 4, 4.1], "texture": "#0"},
				"south": {"uv": [4, 0, 8, 4.1], "texture": "#0"},
				"west": {"uv": [0, 0, 4, 4.1], "texture": "#0"},
				"up": {"uv": [4, 0, 8, 4.1], "texture": "#0"},
				"down": {"uv": [4, 0, 8, 4.1], "texture": "#0"}
			}
		},
		{
			"from": [7.55, 1.46481, 6.35242],
			"to": [8.45, 1.56481, 6.65242],
			"rotation": {"angle": 45, "axis": "x", "origin": [8, 3.01481, 6.1742]},
			"faces": {
				"north": {"uv": [4, 0, 8, 4.1], "texture": "#0"},
				"east": {"uv": [0, 0, 4, 4.1], "texture": "#0"},
				"south": {"uv": [4, 0, 8, 4.1], "texture": "#0"},
				"west": {"uv": [0, 0, 4, 4.1], "texture": "#0"},
				"up": {"uv": [4, 0, 8, 4.1], "texture": "#0"},
				"down": {"uv": [4, 0, 8, 4.1], "texture": "#0"}
			}
		}
	],
	"display": {
		"thirdperson_righthand": {
			"translation": [0, 4, -0.5]
		},
		"firstperson_righthand": {
			"rotation": [-8, -15, 0],
			"translation": [7, 5, 0.5]
		},
		"firstperson_lefthand": {
			"scale": [0, 0, 0]
		},
		"ground": {
			"rotation": [0, 0, 90],
			"translation": [-2.5, 0, 2.5]
		},
		"gui": {
			"rotation": [90, 45, -90],
			"translation": [4, 1, 0]
		},
		"head": {
			"rotation": [0, 0, 90],
			"translation": [-5, -41.5, 0],
			"scale": [1.2, 1.2, 1.2]
		},
		"fixed": {
			"rotation": [0, -90, 0],
			"translation": [0, 3.75, 0]
		}
	},
	"groups": [
		{
			"name": "group",
			"origin": [8, 1.22322, 9.75251],
			"color": 0,
			"nbt": "{}",
			"children": [0, 1, 2, 3, 4, 5, 6, 7, 8, 9]
		},
		{
			"name": "group",
			"origin": [8, -0.75724, 11.59436],
			"color": 0,
			"nbt": "{}",
			"children": [10, 11, 12, 13, 14, 15, 16, 17, 18]
		},
		{
			"name": "group",
			"origin": [0, -0.19763, -0.06263],
			"color": 0,
			"nbt": "{}",
			"children": [
				19,
				20,
				21,
				22,
				23,
				24,
				25,
				26,
				27,
				28,
				29,
				30,
				31,
				32,
				33,
				34,
				35,
				36,
				37,
				38,
				39,
				40,
				41,
				42,
				43,
				44,
				45,
				46,
				47,
				48,
				49,
				50,
				51,
				52,
				53,
				54,
				55,
				56,
				57,
				58,
				59,
				60,
				61,
				62,
				63,
				64,
				65,
				66,
				67,
				68,
				69,
				70,
				71,
				72,
				73,
				74,
				75,
				76,
				77,
				78,
				79,
				80,
				81,
				82
			]
		},
		{
			"name": "group",
			"origin": [8, 1.02039, 17.97946],
			"color": 0,
			"nbt": "{}",
			"children": [83, 84, 85, 86, 87, 88, 89, 90, 91, 92, 93, 94, 95, 96, 97, 98, 99, 100, 101, 102, 103, 104, 105, 106, 107, 108]
		},
		{
			"name": "group",
			"origin": [0, 0, 3],
			"color": 0,
			"nbt": "{}",
			"children": [109, 110]
		},
		{
			"name": "group",
			"origin": [7.45, 2.65, 8.95],
			"color": 0,
			"nbt": "{}",
			"children": [111, 112, 113, 114, 115, 116, 117, 118, 119, 120]
		},
		{
			"name": "group",
			"origin": [8, 8, 8],
			"color": 0,
			"nbt": "{}",
			"children": [121, 122, 123, 124, 125, 126, 127, 128, 129, 130]
		}
	]
}