{
	"credit": "Made with Blockbench",
	"textures": {
		"0": "slot_1:item/sg553/0",
		"1": "slot_1:item/sg553/1",
		"particle": "slot_1:item/sg553/0"
	},
	"elements": [
		{
			"from": [7.55, 6.65433, -10.02961],
			"to": [7.75, 7.35433, -8.62961],
			"rotation": {"angle": 0, "axis": "z", "origin": [8, 6.80433, -8.32961]},
			"faces": {
				"north": {"uv": [12, 8, 16, 12], "texture": "#0"},
				"east": {"uv": [12, 8, 16, 12], "texture": "#0"},
				"south": {"uv": [12, 8, 16, 12], "texture": "#0"},
				"west": {"uv": [12, 8, 16, 12], "texture": "#0"},
				"up": {"uv": [12, 8, 16, 12], "texture": "#0"},
				"down": {"uv": [12, 8, 16, 12], "texture": "#0"}
			}
		},
		{
			"from": [7.75, 6.75433, -8.62961],
			"to": [8.25, 7.25433, -5.22961],
			"rotation": {"angle": 0, "axis": "y", "origin": [7.9, 7.55433, -4.52961]},
			"faces": {
				"north": {"uv": [12, 8, 16, 12], "texture": "#0"},
				"east": {"uv": [12, 8, 16, 12], "texture": "#0"},
				"south": {"uv": [12, 8, 16, 12], "texture": "#0"},
				"west": {"uv": [12, 8, 16, 12], "texture": "#0"},
				"up": {"uv": [12, 8, 16, 12], "texture": "#0"},
				"down": {"uv": [12, 8, 16, 12], "texture": "#0"}
			}
		},
		{
			"from": [7.65, 7.25433, -10.02961],
			"to": [8.35, 7.45433, -8.62961],
			"rotation": {"angle": 0, "axis": "z", "origin": [8, 6.80433, -8.32961]},
			"faces": {
				"north": {"uv": [12, 8, 16, 12], "rotation": 90, "texture": "#0"},
				"east": {"uv": [12, 8, 16, 12], "rotation": 270, "texture": "#0"},
				"south": {"uv": [12, 8, 16, 12], "rotation": 270, "texture": "#0"},
				"west": {"uv": [12, 8, 16, 12], "rotation": 270, "texture": "#0"},
				"up": {"uv": [12, 8, 16, 12], "rotation": 270, "texture": "#0"},
				"down": {"uv": [12, 8, 16, 12], "rotation": 270, "texture": "#0"}
			}
		},
		{
			"from": [8.25, 6.65433, -10.02961],
			"to": [8.45, 7.35433, -8.62961],
			"rotation": {"angle": 0, "axis": "z", "origin": [8, 6.80433, -8.32961]},
			"faces": {
				"north": {"uv": [12, 8, 16, 12], "texture": "#0"},
				"east": {"uv": [12, 8, 16, 12], "texture": "#0"},
				"south": {"uv": [12, 8, 16, 12], "texture": "#0"},
				"west": {"uv": [12, 8, 16, 12], "texture": "#0"},
				"up": {"uv": [12, 8, 16, 12], "texture": "#0"},
				"down": {"uv": [12, 8, 16, 12], "texture": "#0"}
			}
		},
		{
			"from": [7.65, 6.55433, -10.02961],
			"to": [8.35, 6.75433, -8.62961],
			"rotation": {"angle": 0, "axis": "z", "origin": [8, 6.80433, -8.32961]},
			"faces": {
				"north": {"uv": [12, 8, 16, 12], "rotation": 90, "texture": "#0"},
				"east": {"uv": [12, 8, 16, 12], "rotation": 270, "texture": "#0"},
				"south": {"uv": [12, 8, 16, 12], "rotation": 270, "texture": "#0"},
				"west": {"uv": [12, 8, 16, 12], "rotation": 270, "texture": "#0"},
				"up": {"uv": [12, 8, 16, 12], "rotation": 270, "texture": "#0"},
				"down": {"uv": [12, 8, 16, 12], "rotation": 270, "texture": "#0"}
			}
		},
		{
			"from": [7.1, 6, -4.4],
			"to": [8.9, 6.8, 4.2],
			"rotation": {"angle": 0, "axis": "y", "origin": [0, 6, 0]},
			"faces": {
				"north": {"uv": [0, 8, 4, 12], "texture": "#0"},
				"east": {"uv": [0, 8, 4, 12], "texture": "#0"},
				"south": {"uv": [0, 8, 4, 12], "texture": "#0"},
				"west": {"uv": [0, 8, 4, 12], "texture": "#0"},
				"up": {"uv": [0, 8, 4, 12], "texture": "#0"},
				"down": {"uv": [0, 8, 4, 12], "texture": "#0"}
			}
		},
		{
			"from": [7.05, 7.6, 0.4],
			"to": [8.95, 8.5, 4.8],
			"rotation": {"angle": 0, "axis": "y", "origin": [0, 6, 0]},
			"faces": {
				"north": {"uv": [12, 4, 16, 8], "texture": "#0"},
				"east": {"uv": [12, 4, 16, 8], "texture": "#0"},
				"south": {"uv": [12, 4, 16, 8], "texture": "#0"},
				"west": {"uv": [12, 4, 16, 8], "texture": "#0"},
				"up": {"uv": [12, 4, 16, 8], "texture": "#0"},
				"down": {"uv": [12, 4, 16, 8], "texture": "#0"}
			}
		},
		{
			"from": [7.1, 6.02727, -4.86292],
			"to": [8.9, 6.62727, -4.26292],
			"rotation": {"angle": -22.5, "axis": "x", "origin": [8, 7.17727, -4.56292]},
			"faces": {
				"north": {"uv": [0, 8, 4, 12], "texture": "#0"},
				"east": {"uv": [0, 8, 4, 12], "texture": "#0"},
				"south": {"uv": [0, 8, 4, 12], "texture": "#0"},
				"west": {"uv": [0, 8, 4, 12], "texture": "#0"},
				"up": {"uv": [0, 8, 4, 12], "texture": "#0"},
				"down": {"uv": [0, 8, 4, 12], "texture": "#0"}
			}
		},
		{
			"from": [7.1, 6.8, -4.4],
			"to": [8.9, 8.4, 4.2],
			"rotation": {"angle": 0, "axis": "y", "origin": [0, 6, 0]},
			"faces": {
				"north": {"uv": [0, 12, 4, 16], "texture": "#0"},
				"east": {"uv": [0, 12, 4, 16], "texture": "#0"},
				"south": {"uv": [0, 12, 4, 16], "texture": "#0"},
				"west": {"uv": [0, 12, 4, 16], "texture": "#0"},
				"up": {"uv": [0, 12, 4, 16], "texture": "#0"},
				"down": {"uv": [0, 12, 4, 16], "texture": "#0"}
			}
		},
		{
			"from": [7.3, 6.4, 3.6],
			"to": [8.7, 7.7, 5],
			"rotation": {"angle": 0, "axis": "y", "origin": [0, 6, 0]},
			"faces": {
				"north": {"uv": [0, 12, 4, 16], "texture": "#0"},
				"east": {"uv": [0, 12, 4, 16], "texture": "#0"},
				"south": {"uv": [0, 12, 4, 16], "texture": "#0"},
				"west": {"uv": [0, 12, 4, 16], "texture": "#0"},
				"up": {"uv": [0, 12, 4, 16], "texture": "#0"},
				"down": {"uv": [0, 12, 4, 16], "texture": "#0"}
			}
		},
		{
			"from": [7.1, 6.80433, -4.72961],
			"to": [8.9, 8.30433, -4.32961],
			"rotation": {"angle": 0, "axis": "x", "origin": [8, 7.30433, -4.32961]},
			"faces": {
				"north": {"uv": [0, 12, 4, 16], "texture": "#0"},
				"east": {"uv": [0, 12, 4, 16], "texture": "#0"},
				"south": {"uv": [0, 12, 4, 16], "texture": "#0"},
				"west": {"uv": [0, 12, 4, 16], "texture": "#0"},
				"up": {"uv": [0, 12, 4, 16], "texture": "#0"},
				"down": {"uv": [0, 12, 4, 16], "texture": "#0"}
			}
		},
		{
			"from": [7.1, 6.55433, -4.62961],
			"to": [8.9, 6.80433, -4.32961],
			"rotation": {"angle": 0, "axis": "y", "origin": [8, 7.35433, -4.32961]},
			"faces": {
				"north": {"uv": [0, 8, 4, 12], "texture": "#0"},
				"east": {"uv": [0, 8, 4, 12], "texture": "#0"},
				"south": {"uv": [0, 8, 4, 12], "texture": "#0"},
				"west": {"uv": [0, 8, 4, 12], "texture": "#0"},
				"up": {"uv": [0, 8, 4, 12], "texture": "#0"},
				"down": {"uv": [0, 8, 4, 12], "texture": "#0"}
			}
		},
		{
			"from": [8.2, 8.25433, -4.62961],
			"to": [8.5, 8.65433, -3.42961],
			"rotation": {"angle": 0, "axis": "y", "origin": [8, 7.35433, -4.32961]},
			"faces": {
				"north": {"uv": [12, 0, 16, 4], "texture": "#0"},
				"east": {"uv": [12, 0, 16, 4], "texture": "#0"},
				"south": {"uv": [12, 0, 16, 4], "texture": "#0"},
				"west": {"uv": [12, 0, 16, 4], "texture": "#0"},
				"up": {"uv": [12, 0, 16, 4], "texture": "#0"},
				"down": {"uv": [12, 0, 16, 4], "texture": "#0"}
			}
		},
		{
			"from": [7.5, 8.25433, -4.62961],
			"to": [7.8, 8.65433, -3.42961],
			"rotation": {"angle": 0, "axis": "y", "origin": [8, 7.35433, -4.32961]},
			"faces": {
				"north": {"uv": [12, 0, 16, 4], "texture": "#0"},
				"east": {"uv": [12, 0, 16, 4], "texture": "#0"},
				"south": {"uv": [12, 0, 16, 4], "texture": "#0"},
				"west": {"uv": [12, 0, 16, 4], "texture": "#0"},
				"up": {"uv": [12, 0, 16, 4], "texture": "#0"},
				"down": {"uv": [12, 0, 16, 4], "texture": "#0"}
			}
		},
		{
			"from": [7.2, 6.45433, -5.22961],
			"to": [8.8, 8.05433, -4.62961],
			"rotation": {"angle": 0, "axis": "y", "origin": [7.9, 7.55433, -4.52961]},
			"faces": {
				"north": {"uv": [0, 12, 4, 16], "texture": "#0"},
				"east": {"uv": [0, 12, 4, 16], "texture": "#0"},
				"south": {"uv": [0, 12, 4, 16], "texture": "#0"},
				"west": {"uv": [0, 12, 4, 16], "texture": "#0"},
				"up": {"uv": [0, 12, 4, 16], "texture": "#0"},
				"down": {"uv": [0, 12, 4, 16], "texture": "#0"}
			}
		},
		{
			"from": [7.1, 5.4, -4.1],
			"to": [8.9, 5.6, -3.5],
			"rotation": {"angle": 0, "axis": "y", "origin": [0, 6, -13.4]},
			"faces": {
				"north": {"uv": [12, 12, 16, 16], "texture": "#0"},
				"east": {"uv": [12, 12, 16, 16], "texture": "#0"},
				"south": {"uv": [12, 12, 16, 16], "texture": "#0"},
				"west": {"uv": [12, 12, 16, 16], "texture": "#0"},
				"up": {"uv": [12, 12, 16, 16], "texture": "#0"},
				"down": {"uv": [12, 12, 16, 16], "texture": "#0"}
			}
		},
		{
			"from": [7.11, 5.3389, -4.10719],
			"to": [8.89, 6.0389, -3.90719],
			"rotation": {"angle": -22.5, "axis": "x", "origin": [8, 5.6389, -4.30719]},
			"faces": {
				"north": {"uv": [12, 12, 16, 16], "rotation": 90, "texture": "#0"},
				"east": {"uv": [12, 12, 16, 16], "rotation": 90, "texture": "#0"},
				"south": {"uv": [12, 12, 16, 16], "rotation": 90, "texture": "#0"},
				"west": {"uv": [12, 12, 16, 16], "rotation": 90, "texture": "#0"},
				"up": {"uv": [12, 12, 16, 16], "rotation": 90, "texture": "#0"},
				"down": {"uv": [12, 12, 16, 16], "rotation": 90, "texture": "#0"}
			}
		},
		{
			"from": [7.1, 5.4, -3.5],
			"to": [8.9, 6, 1.4],
			"rotation": {"angle": 0, "axis": "y", "origin": [0, 6, -13.4]},
			"faces": {
				"north": {"uv": [12, 12, 16, 16], "texture": "#0"},
				"east": {"uv": [12, 12, 16, 16], "texture": "#0"},
				"south": {"uv": [12, 12, 16, 16], "texture": "#0"},
				"west": {"uv": [12, 12, 16, 16], "texture": "#0"},
				"up": {"uv": [12, 12, 16, 16], "texture": "#0"},
				"down": {"uv": [12, 12, 16, 16], "texture": "#0"}
			}
		},
		{
			"from": [7, 5.89651, -3.41756],
			"to": [9, 6.79651, -3.31756],
			"rotation": {"angle": -45, "axis": "x", "origin": [8, 6.19651, -3.26756]},
			"faces": {
				"north": {"uv": [12, 12, 16, 16], "texture": "#0"},
				"east": {"uv": [12, 12, 16, 16], "texture": "#0"},
				"south": {"uv": [12, 12, 16, 16], "texture": "#0"},
				"west": {"uv": [12, 12, 16, 16], "texture": "#0"},
				"up": {"uv": [12, 12, 16, 16], "texture": "#0"},
				"down": {"uv": [12, 12, 16, 16], "texture": "#0"}
			}
		},
		{
			"from": [7, 6.48541, -3.72718],
			"to": [9, 6.58541, 1.77282],
			"rotation": {"angle": 0, "axis": "x", "origin": [8, 6.53541, -3.27718]},
			"faces": {
				"north": {"uv": [12, 12, 16, 16], "rotation": 270, "texture": "#0"},
				"east": {"uv": [12, 12, 16, 16], "rotation": 270, "texture": "#0"},
				"south": {"uv": [12, 12, 16, 16], "rotation": 270, "texture": "#0"},
				"west": {"uv": [12, 12, 16, 16], "rotation": 270, "texture": "#0"},
				"up": {"uv": [12, 12, 16, 16], "rotation": 270, "texture": "#0"},
				"down": {"uv": [12, 12, 16, 16], "rotation": 270, "texture": "#0"}
			}
		},
		{
			"from": [7, 5.89651, -2.91756],
			"to": [9, 6.79651, -2.81756],
			"rotation": {"angle": -45, "axis": "x", "origin": [8, 6.19651, -2.76756]},
			"faces": {
				"north": {"uv": [12, 12, 16, 16], "texture": "#0"},
				"east": {"uv": [12, 12, 16, 16], "texture": "#0"},
				"south": {"uv": [12, 12, 16, 16], "texture": "#0"},
				"west": {"uv": [12, 12, 16, 16], "texture": "#0"},
				"up": {"uv": [12, 12, 16, 16], "texture": "#0"},
				"down": {"uv": [12, 12, 16, 16], "texture": "#0"}
			}
		},
		{
			"from": [7, 6.18541, -3.42718],
			"to": [9, 6.28541, 2.07282],
			"rotation": {"angle": 0, "axis": "y", "origin": [8, 6.53541, -3.27718]},
			"faces": {
				"north": {"uv": [12, 12, 16, 16], "rotation": 270, "texture": "#0"},
				"east": {"uv": [12, 12, 16, 16], "rotation": 270, "texture": "#0"},
				"south": {"uv": [12, 12, 16, 16], "rotation": 270, "texture": "#0"},
				"west": {"uv": [12, 12, 16, 16], "rotation": 270, "texture": "#0"},
				"up": {"uv": [12, 12, 16, 16], "rotation": 270, "texture": "#0"},
				"down": {"uv": [12, 12, 16, 16], "rotation": 270, "texture": "#0"}
			}
		},
		{
			"from": [7, 5.87831, -3.1615],
			"to": [9, 5.97831, 1.8385],
			"rotation": {"angle": 0, "axis": "y", "origin": [8, 6.52831, -3.3115]},
			"faces": {
				"north": {"uv": [12, 12, 16, 16], "rotation": 270, "texture": "#0"},
				"east": {"uv": [12, 12, 16, 16], "rotation": 270, "texture": "#0"},
				"south": {"uv": [12, 12, 16, 16], "rotation": 270, "texture": "#0"},
				"west": {"uv": [12, 12, 16, 16], "rotation": 270, "texture": "#0"},
				"up": {"uv": [12, 12, 16, 16], "rotation": 270, "texture": "#0"},
				"down": {"uv": [12, 12, 16, 16], "rotation": 270, "texture": "#0"}
			}
		},
		{
			"from": [7, 5.89651, -2.41756],
			"to": [9, 6.79651, -2.31756],
			"rotation": {"angle": -45, "axis": "x", "origin": [8, 6.19651, -2.26756]},
			"faces": {
				"north": {"uv": [12, 12, 16, 16], "texture": "#0"},
				"east": {"uv": [12, 12, 16, 16], "texture": "#0"},
				"south": {"uv": [12, 12, 16, 16], "texture": "#0"},
				"west": {"uv": [12, 12, 16, 16], "texture": "#0"},
				"up": {"uv": [12, 12, 16, 16], "texture": "#0"},
				"down": {"uv": [12, 12, 16, 16], "texture": "#0"}
			}
		},
		{
			"from": [7, 5.89651, -1.91756],
			"to": [9, 6.79651, -1.81756],
			"rotation": {"angle": -45, "axis": "x", "origin": [8, 6.19651, -1.76756]},
			"faces": {
				"north": {"uv": [12, 12, 16, 16], "texture": "#0"},
				"east": {"uv": [12, 12, 16, 16], "texture": "#0"},
				"south": {"uv": [12, 12, 16, 16], "texture": "#0"},
				"west": {"uv": [12, 12, 16, 16], "texture": "#0"},
				"up": {"uv": [12, 12, 16, 16], "texture": "#0"},
				"down": {"uv": [12, 12, 16, 16], "texture": "#0"}
			}
		},
		{
			"from": [7, 5.89651, -1.41756],
			"to": [9, 6.79651, -1.31756],
			"rotation": {"angle": -45, "axis": "x", "origin": [8, 6.19651, -1.26756]},
			"faces": {
				"north": {"uv": [12, 12, 16, 16], "texture": "#0"},
				"east": {"uv": [12, 12, 16, 16], "texture": "#0"},
				"south": {"uv": [12, 12, 16, 16], "texture": "#0"},
				"west": {"uv": [12, 12, 16, 16], "texture": "#0"},
				"up": {"uv": [12, 12, 16, 16], "texture": "#0"},
				"down": {"uv": [12, 12, 16, 16], "texture": "#0"}
			}
		},
		{
			"from": [7, 5.89651, -0.91756],
			"to": [9, 6.79651, -0.81756],
			"rotation": {"angle": -45, "axis": "x", "origin": [8, 6.19651, -0.76756]},
			"faces": {
				"north": {"uv": [12, 12, 16, 16], "texture": "#0"},
				"east": {"uv": [12, 12, 16, 16], "texture": "#0"},
				"south": {"uv": [12, 12, 16, 16], "texture": "#0"},
				"west": {"uv": [12, 12, 16, 16], "texture": "#0"},
				"up": {"uv": [12, 12, 16, 16], "texture": "#0"},
				"down": {"uv": [12, 12, 16, 16], "texture": "#0"}
			}
		},
		{
			"from": [7, 5.89651, 0.08244],
			"to": [9, 6.79651, 0.18244],
			"rotation": {"angle": -45, "axis": "x", "origin": [8, 6.19651, 0.23244]},
			"faces": {
				"north": {"uv": [12, 12, 16, 16], "texture": "#0"},
				"east": {"uv": [12, 12, 16, 16], "texture": "#0"},
				"south": {"uv": [12, 12, 16, 16], "texture": "#0"},
				"west": {"uv": [12, 12, 16, 16], "texture": "#0"},
				"up": {"uv": [12, 12, 16, 16], "texture": "#0"},
				"down": {"uv": [12, 12, 16, 16], "texture": "#0"}
			}
		},
		{
			"from": [7, 5.89651, -0.41756],
			"to": [9, 6.79651, -0.31756],
			"rotation": {"angle": -45, "axis": "x", "origin": [8, 6.19651, -0.26756]},
			"faces": {
				"north": {"uv": [12, 12, 16, 16], "texture": "#0"},
				"east": {"uv": [12, 12, 16, 16], "texture": "#0"},
				"south": {"uv": [12, 12, 16, 16], "texture": "#0"},
				"west": {"uv": [12, 12, 16, 16], "texture": "#0"},
				"up": {"uv": [12, 12, 16, 16], "texture": "#0"},
				"down": {"uv": [12, 12, 16, 16], "texture": "#0"}
			}
		},
		{
			"from": [7, 5.89651, 0.58244],
			"to": [9, 6.79651, 0.68244],
			"rotation": {"angle": -45, "axis": "x", "origin": [8, 6.19651, 0.73244]},
			"faces": {
				"north": {"uv": [12, 12, 16, 16], "texture": "#0"},
				"east": {"uv": [12, 12, 16, 16], "texture": "#0"},
				"south": {"uv": [12, 12, 16, 16], "texture": "#0"},
				"west": {"uv": [12, 12, 16, 16], "texture": "#0"},
				"up": {"uv": [12, 12, 16, 16], "texture": "#0"},
				"down": {"uv": [12, 12, 16, 16], "texture": "#0"}
			}
		},
		{
			"from": [7, 5.89651, 1.08244],
			"to": [9, 6.79651, 1.18244],
			"rotation": {"angle": -45, "axis": "x", "origin": [8, 6.19651, 1.23244]},
			"faces": {
				"north": {"uv": [12, 12, 16, 16], "texture": "#0"},
				"east": {"uv": [12, 12, 16, 16], "texture": "#0"},
				"south": {"uv": [12, 12, 16, 16], "texture": "#0"},
				"west": {"uv": [12, 12, 16, 16], "texture": "#0"},
				"up": {"uv": [12, 12, 16, 16], "texture": "#0"},
				"down": {"uv": [12, 12, 16, 16], "texture": "#0"}
			}
		},
		{
			"from": [7, 5.99651, 1.58244],
			"to": [9, 6.79651, 1.68244],
			"rotation": {"angle": -45, "axis": "x", "origin": [8, 6.19651, 1.73244]},
			"faces": {
				"north": {"uv": [12, 12, 16, 16], "texture": "#0"},
				"east": {"uv": [12, 12, 16, 16], "texture": "#0"},
				"south": {"uv": [12, 12, 16, 16], "texture": "#0"},
				"west": {"uv": [12, 12, 16, 16], "texture": "#0"},
				"up": {"uv": [12, 12, 16, 16], "texture": "#0"},
				"down": {"uv": [12, 12, 16, 16], "texture": "#0"}
			}
		},
		{
			"from": [7, 6.39651, 2.08244],
			"to": [9, 6.79651, 2.18244],
			"rotation": {"angle": -45, "axis": "x", "origin": [8, 6.19651, 2.23244]},
			"faces": {
				"north": {"uv": [12, 12, 16, 16], "texture": "#0"},
				"east": {"uv": [12, 12, 16, 16], "texture": "#0"},
				"south": {"uv": [12, 12, 16, 16], "texture": "#0"},
				"west": {"uv": [12, 12, 16, 16], "texture": "#0"},
				"up": {"uv": [12, 12, 16, 16], "texture": "#0"},
				"down": {"uv": [12, 12, 16, 16], "texture": "#0"}
			}
		},
		{
			"from": [7.11, 5.48891, 1.18536],
			"to": [8.89, 6.48891, 1.68536],
			"rotation": {"angle": 45, "axis": "x", "origin": [8, 5.78891, 1.43536]},
			"faces": {
				"north": {"uv": [12, 12, 16, 16], "texture": "#0"},
				"east": {"uv": [12, 12, 16, 16], "texture": "#0"},
				"south": {"uv": [12, 12, 16, 16], "texture": "#0"},
				"west": {"uv": [12, 12, 16, 16], "texture": "#0"},
				"up": {"uv": [12, 12, 16, 16], "texture": "#0"},
				"down": {"uv": [12, 12, 16, 16], "texture": "#0"}
			}
		},
		{
			"from": [7.3, 8.21716, 4.58284],
			"to": [8.7, 8.71716, 12.58284],
			"rotation": {"angle": 0, "axis": "y", "origin": [0, 6.01716, 0.58284]},
			"faces": {
				"north": {"uv": [0, 12, 4, 16], "texture": "#0"},
				"east": {"uv": [0, 12, 4, 16], "texture": "#0"},
				"south": {"uv": [0, 12, 4, 16], "texture": "#0"},
				"west": {"uv": [0, 12, 4, 16], "texture": "#0"},
				"up": {"uv": [0, 12, 4, 16], "texture": "#0"},
				"down": {"uv": [0, 12, 4, 16], "texture": "#0"}
			}
		},
		{
			"from": [7.3, 7.51716, 7.78284],
			"to": [8.7, 7.91716, 12.58284],
			"rotation": {"angle": 0, "axis": "y", "origin": [0, 6.01716, 0.58284]},
			"faces": {
				"north": {"uv": [0, 12, 4, 16], "texture": "#0"},
				"east": {"uv": [0, 12, 4, 16], "texture": "#0"},
				"south": {"uv": [0, 12, 4, 16], "texture": "#0"},
				"west": {"uv": [0, 12, 4, 16], "texture": "#0"},
				"up": {"uv": [0, 12, 4, 16], "texture": "#0"},
				"down": {"uv": [0, 12, 4, 16], "texture": "#0"}
			}
		},
		{
			"from": [7.3, 7.71716, 5.88284],
			"to": [8.7, 7.81716, 7.78284],
			"rotation": {"angle": 0, "axis": "y", "origin": [0, 6.01716, 0.58284]},
			"faces": {
				"north": {"uv": [0, 12, 4, 16], "texture": "#0"},
				"east": {"uv": [0, 12, 4, 16], "texture": "#0"},
				"south": {"uv": [0, 12, 4, 16], "texture": "#0"},
				"west": {"uv": [0, 12, 4, 16], "texture": "#0"},
				"up": {"uv": [0, 12, 4, 16], "texture": "#0"},
				"down": {"uv": [0, 12, 4, 16], "texture": "#0"}
			}
		},
		{
			"from": [7.3, 7.91716, 10.08284],
			"to": [8.7, 8.21716, 12.28284],
			"rotation": {"angle": 0, "axis": "y", "origin": [0, 6.01716, 0.58284]},
			"faces": {
				"north": {"uv": [0, 12, 4, 16], "texture": "#0"},
				"east": {"uv": [0, 12, 4, 16], "texture": "#0"},
				"south": {"uv": [0, 12, 4, 16], "texture": "#0"},
				"west": {"uv": [0, 12, 4, 16], "texture": "#0"},
				"up": {"uv": [0, 12, 4, 16], "texture": "#0"},
				"down": {"uv": [0, 12, 4, 16], "texture": "#0"}
			}
		},
		{
			"from": [7.3, 7.71716, 5.88284],
			"to": [8.6, 8.21716, 10.08284],
			"rotation": {"angle": 0, "axis": "y", "origin": [0, 6.01716, 0.58284]},
			"faces": {
				"north": {"uv": [0, 12, 4, 16], "texture": "#0"},
				"east": {"uv": [12, 8, 16, 12], "texture": "#0"},
				"south": {"uv": [0, 12, 4, 16], "texture": "#0"},
				"west": {"uv": [0, 12, 4, 16], "texture": "#0"},
				"up": {"uv": [0, 12, 4, 16], "texture": "#0"},
				"down": {"uv": [0, 12, 4, 16], "texture": "#0"}
			}
		},
		{
			"from": [7.3, 7.61716, 4.78284],
			"to": [8.7, 8.21716, 5.88284],
			"rotation": {"angle": 0, "axis": "y", "origin": [0, 6.01716, 0.58284]},
			"faces": {
				"north": {"uv": [0, 12, 4, 16], "texture": "#0"},
				"east": {"uv": [0, 12, 4, 16], "texture": "#0"},
				"south": {"uv": [0, 12, 4, 16], "texture": "#0"},
				"west": {"uv": [0, 12, 4, 16], "texture": "#0"},
				"up": {"uv": [0, 12, 4, 16], "texture": "#0"},
				"down": {"uv": [0, 12, 4, 16], "texture": "#0"}
			}
		},
		{
			"from": [7.6, 8.71716, 6.08284],
			"to": [8.4, 9.01716, 9.18284],
			"rotation": {"angle": 0, "axis": "y", "origin": [0, 6.01716, 0.28284]},
			"faces": {
				"north": {"uv": [0, 12, 4, 16], "texture": "#0"},
				"east": {"uv": [0, 12, 4, 16], "texture": "#0"},
				"south": {"uv": [0, 12, 4, 16], "texture": "#0"},
				"west": {"uv": [0, 12, 4, 16], "texture": "#0"},
				"up": {"uv": [0, 12, 4, 16], "texture": "#0"},
				"down": {"uv": [0, 12, 4, 16], "texture": "#0"}
			}
		},
		{
			"from": [7.6, 8.91716, 6.48284],
			"to": [8.4, 9.21716, 7.58284],
			"rotation": {"angle": 0, "axis": "y", "origin": [0, 6.01716, 0.28284]},
			"faces": {
				"north": {"uv": [0, 12, 4, 16], "texture": "#0"},
				"east": {"uv": [0, 12, 4, 16], "texture": "#0"},
				"south": {"uv": [0, 12, 4, 16], "texture": "#0"},
				"west": {"uv": [0, 12, 4, 16], "texture": "#0"},
				"up": {"uv": [0, 12, 4, 16], "texture": "#0"},
				"down": {"uv": [0, 12, 4, 16], "texture": "#0"}
			}
		},
		{
			"from": [7.6, 9.01716, 7.58284],
			"to": [8.4, 9.31716, 9.18284],
			"rotation": {"angle": 0, "axis": "y", "origin": [0, 6.01716, -0.11716]},
			"faces": {
				"north": {"uv": [0, 12, 4, 16], "texture": "#0"},
				"east": {"uv": [0, 12, 4, 16], "texture": "#0"},
				"south": {"uv": [0, 12, 4, 16], "texture": "#0"},
				"west": {"uv": [0, 12, 4, 16], "texture": "#0"},
				"up": {"uv": [0, 12, 4, 16], "texture": "#0"},
				"down": {"uv": [0, 12, 4, 16], "texture": "#0"}
			}
		},
		{
			"from": [7.3, 8.71716, 8.18284],
			"to": [8.7, 9.11716, 8.58284],
			"rotation": {"angle": 0, "axis": "y", "origin": [0, 6.01716, 0.28284]},
			"faces": {
				"north": {"uv": [12, 0, 16, 4], "texture": "#0"},
				"east": {"uv": [12, 0, 16, 4], "texture": "#0"},
				"south": {"uv": [12, 0, 16, 4], "texture": "#0"},
				"west": {"uv": [12, 0, 16, 4], "texture": "#0"},
				"up": {"uv": [12, 0, 16, 4], "texture": "#0"},
				"down": {"uv": [12, 0, 16, 4], "texture": "#0"}
			}
		},
		{
			"from": [7.3, 8.71716, 5.98284],
			"to": [8.7, 9.11716, 6.38284],
			"rotation": {"angle": 0, "axis": "y", "origin": [0, 6.01716, 0.28284]},
			"faces": {
				"north": {"uv": [12, 0, 16, 4], "texture": "#0"},
				"east": {"uv": [12, 0, 16, 4], "texture": "#0"},
				"south": {"uv": [12, 0, 16, 4], "texture": "#0"},
				"west": {"uv": [12, 0, 16, 4], "texture": "#0"},
				"up": {"uv": [12, 0, 16, 4], "texture": "#0"},
				"down": {"uv": [12, 0, 16, 4], "texture": "#0"}
			}
		},
		{
			"from": [7.2, 6, 14.4],
			"to": [8.8, 7.7, 21.8],
			"rotation": {"angle": 0, "axis": "y", "origin": [0, 6, 0.4]},
			"faces": {
				"north": {"uv": [12, 12, 16, 16], "texture": "#0"},
				"east": {"uv": [12, 12, 16, 16], "texture": "#0"},
				"south": {"uv": [12, 12, 16, 16], "texture": "#0"},
				"west": {"uv": [12, 12, 16, 16], "texture": "#0"},
				"up": {"uv": [12, 12, 16, 16], "texture": "#0"},
				"down": {"uv": [12, 12, 16, 16], "texture": "#0"}
			}
		},
		{
			"from": [7.6, 4.85159, 19.55058],
			"to": [8.4, 6.55159, 20.75058],
			"rotation": {"angle": 22.5, "axis": "x", "origin": [8, 5.50159, 19.00058]},
			"faces": {
				"north": {"uv": [12, 12, 16, 16], "texture": "#0"},
				"east": {"uv": [12, 12, 16, 16], "texture": "#0"},
				"south": {"uv": [12, 12, 16, 16], "texture": "#0"},
				"west": {"uv": [12, 12, 16, 16], "texture": "#0"},
				"up": {"uv": [12, 12, 16, 16], "texture": "#0"},
				"down": {"uv": [12, 12, 16, 16], "texture": "#0"}
			}
		},
		{
			"from": [7.6, 3.46734, 21.91317],
			"to": [8.4, 4.76734, 24.01317],
			"rotation": {"angle": 45, "axis": "x", "origin": [8, 6.31734, 22.31317]},
			"faces": {
				"north": {"uv": [12, 12, 16, 16], "texture": "#0"},
				"east": {"uv": [12, 12, 16, 16], "texture": "#0"},
				"south": {"uv": [12, 12, 16, 16], "texture": "#0"},
				"west": {"uv": [12, 12, 16, 16], "texture": "#0"},
				"up": {"uv": [12, 12, 16, 16], "texture": "#0"},
				"down": {"uv": [12, 12, 16, 16], "texture": "#0"}
			}
		},
		{
			"from": [7.6, 3.1, 21.5],
			"to": [8.4, 4.3, 21.8],
			"rotation": {"angle": 0, "axis": "x", "origin": [8, 3.8, 21.75]},
			"faces": {
				"north": {"uv": [12, 12, 16, 16], "texture": "#0"},
				"east": {"uv": [12, 12, 16, 16], "texture": "#0"},
				"south": {"uv": [12, 12, 16, 16], "texture": "#0"},
				"west": {"uv": [12, 12, 16, 16], "texture": "#0"},
				"up": {"uv": [12, 12, 16, 16], "texture": "#0"},
				"down": {"uv": [12, 12, 16, 16], "texture": "#0"}
			}
		},
		{
			"from": [7.6, 4.6, 16.3],
			"to": [8.4, 6, 21.8],
			"rotation": {"angle": 0, "axis": "y", "origin": [0, 6, 0.4]},
			"faces": {
				"north": {"uv": [12, 12, 16, 16], "texture": "#0"},
				"east": {"uv": [12, 12, 16, 16], "texture": "#0"},
				"south": {"uv": [12, 12, 16, 16], "texture": "#0"},
				"west": {"uv": [12, 12, 16, 16], "texture": "#0"},
				"up": {"uv": [12, 12, 16, 16], "texture": "#0"},
				"down": {"uv": [12, 12, 16, 16], "texture": "#0"}
			}
		},
		{
			"from": [7.6, 5.2, 14.4],
			"to": [8.4, 6, 14.5],
			"rotation": {"angle": 0, "axis": "y", "origin": [0, 6, 0.4]},
			"faces": {
				"north": {"uv": [0, 12, 4, 16], "texture": "#0"},
				"east": {"uv": [0, 12, 4, 16], "texture": "#0"},
				"south": {"uv": [0, 12, 4, 16], "texture": "#0"},
				"west": {"uv": [0, 12, 4, 16], "texture": "#0"},
				"up": {"uv": [0, 12, 4, 16], "texture": "#0"},
				"down": {"uv": [0, 12, 4, 16], "texture": "#0"}
			}
		},
		{
			"from": [7.6, 5.2, 16.2],
			"to": [8.4, 6, 16.3],
			"rotation": {"angle": 0, "axis": "y", "origin": [0, 6, 0.4]},
			"faces": {
				"north": {"uv": [0, 12, 4, 16], "texture": "#0"},
				"east": {"uv": [0, 12, 4, 16], "texture": "#0"},
				"south": {"uv": [0, 12, 4, 16], "texture": "#0"},
				"west": {"uv": [0, 12, 4, 16], "texture": "#0"},
				"up": {"uv": [0, 12, 4, 16], "texture": "#0"},
				"down": {"uv": [0, 12, 4, 16], "texture": "#0"}
			}
		},
		{
			"from": [7.6, 5.1, 14.5],
			"to": [8.4, 5.2, 16.2],
			"rotation": {"angle": 0, "axis": "x", "origin": [8, 5.15, 14.9]},
			"faces": {
				"north": {"uv": [0, 12, 4, 16], "rotation": 270, "texture": "#0"},
				"east": {"uv": [0, 12, 4, 16], "rotation": 270, "texture": "#0"},
				"south": {"uv": [0, 12, 4, 16], "rotation": 270, "texture": "#0"},
				"west": {"uv": [0, 12, 4, 16], "rotation": 270, "texture": "#0"},
				"up": {"uv": [0, 12, 4, 16], "rotation": 270, "texture": "#0"},
				"down": {"uv": [0, 12, 4, 16], "rotation": 270, "texture": "#0"}
			}
		},
		{
			"from": [7.3, 7.1565, 11.9364],
			"to": [8.7, 8.1565, 13.5364],
			"rotation": {"angle": 45, "axis": "x", "origin": [8, 7.6565, 12.9364]},
			"faces": {
				"north": {"uv": [0, 12, 4, 16], "texture": "#0"},
				"east": {"uv": [0, 12, 4, 16], "texture": "#0"},
				"south": {"uv": [0, 12, 4, 16], "texture": "#0"},
				"west": {"uv": [0, 12, 4, 16], "texture": "#0"},
				"up": {"uv": [12, 0, 16, 4], "texture": "#0"},
				"down": {"uv": [0, 12, 4, 16], "texture": "#0"}
			}
		},
		{
			"from": [7.4, 6.4, 5.8],
			"to": [8.6, 7.6, 14.8],
			"rotation": {"angle": 0, "axis": "y", "origin": [0, 6, 0.4]},
			"faces": {
				"north": {"uv": [12, 0, 16, 4.2], "texture": "#0"},
				"east": {"uv": [12, 0, 16, 4.2], "texture": "#0"},
				"south": {"uv": [12, 0, 16, 4.2], "texture": "#0"},
				"west": {"uv": [12, 0, 16, 4.2], "texture": "#0"},
				"up": {"uv": [12, 0, 16, 4.2], "texture": "#0"},
				"down": {"uv": [12, 0, 16, 4.2], "texture": "#0"}
			}
		},
		{
			"from": [7.3, 6, 5],
			"to": [8.7, 7.6, 11.1],
			"rotation": {"angle": 0, "axis": "y", "origin": [0, 6, 0]},
			"faces": {
				"north": {"uv": [0, 12, 4, 16], "texture": "#0"},
				"east": {"uv": [0, 12, 4, 16], "texture": "#0"},
				"south": {"uv": [0, 12, 4, 16], "texture": "#0"},
				"west": {"uv": [0, 12, 4, 16], "texture": "#0"},
				"up": {"uv": [0, 12, 4, 16], "texture": "#0"},
				"down": {"uv": [0, 12, 4, 16], "texture": "#0"}
			}
		},
		{
			"from": [7.2, 7.6, 5],
			"to": [8.8, 7.7, 11.1],
			"rotation": {"angle": 0, "axis": "y", "origin": [0, 6, 0]},
			"faces": {
				"north": {"uv": [11, 10, 12, 14], "texture": "#0"},
				"east": {"uv": [11, 10, 12, 14], "texture": "#0"},
				"south": {"uv": [11, 10, 12, 14], "texture": "#0"},
				"west": {"uv": [11, 10, 12, 14], "texture": "#0"},
				"up": {"uv": [11, 10, 12, 12], "texture": "#0"},
				"down": {"uv": [11, 10, 12, 14], "texture": "#0"}
			}
		},
		{
			"from": [7.2, 6.6, 10],
			"to": [7.3, 6.9, 10.8],
			"rotation": {"angle": 0, "axis": "y", "origin": [0, 6, 0]},
			"faces": {
				"north": {"uv": [8, 12, 12, 16], "texture": "#0"},
				"east": {"uv": [8, 12, 12, 16], "texture": "#0"},
				"south": {"uv": [8, 12, 12, 16], "texture": "#0"},
				"west": {"uv": [8, 12, 12, 16], "texture": "#0"},
				"up": {"uv": [8, 12, 12, 16], "texture": "#0"},
				"down": {"uv": [8, 12, 12, 16], "texture": "#0"}
			}
		},
		{
			"from": [7.2, 7, 7],
			"to": [8.8, 7.3, 7.8],
			"rotation": {"angle": 0, "axis": "y", "origin": [0, 6, 0]},
			"faces": {
				"north": {"uv": [4, 15, 5, 16], "texture": "#0"},
				"east": {"uv": [4, 12, 8, 16], "texture": "#0"},
				"south": {"uv": [4, 15, 5, 16], "texture": "#0"},
				"west": {"uv": [4, 12, 8, 16], "texture": "#0"},
				"up": {"uv": [4, 15, 5, 16], "texture": "#0"},
				"down": {"uv": [4, 15, 5, 16], "texture": "#0"}
			}
		},
		{
			"from": [7.2, 7.9, 11.9],
			"to": [8.8, 8.2, 12.2],
			"rotation": {"angle": 0, "axis": "y", "origin": [0, 6, 0]},
			"faces": {
				"north": {"uv": [4, 15, 5, 16], "texture": "#0"},
				"east": {"uv": [4, 12, 8, 16], "texture": "#0"},
				"south": {"uv": [4, 15, 5, 16], "texture": "#0"},
				"west": {"uv": [4, 12, 8, 16], "texture": "#0"},
				"up": {"uv": [4, 15, 5, 16], "texture": "#0"},
				"down": {"uv": [4, 15, 5, 16], "texture": "#0"}
			}
		},
		{
			"from": [7.1, 6.9, 14.9],
			"to": [8.9, 7.2, 15.2],
			"rotation": {"angle": 0, "axis": "y", "origin": [0, 6, 0]},
			"faces": {
				"north": {"uv": [4, 15, 5, 16], "texture": "#0"},
				"east": {"uv": [4, 12, 8, 16], "texture": "#0"},
				"south": {"uv": [4, 15, 5, 16], "texture": "#0"},
				"west": {"uv": [4, 12, 8, 16], "texture": "#0"},
				"up": {"uv": [4, 15, 5, 16], "texture": "#0"},
				"down": {"uv": [4, 15, 5, 16], "texture": "#0"}
			}
		},
		{
			"from": [7.1, 6.9, 20.9],
			"to": [8.9, 7.2, 21.2],
			"rotation": {"angle": 0, "axis": "y", "origin": [0, 6, 0]},
			"faces": {
				"north": {"uv": [4, 15, 5, 16], "texture": "#0"},
				"east": {"uv": [4, 12, 8, 16], "texture": "#0"},
				"south": {"uv": [4, 15, 5, 16], "texture": "#0"},
				"west": {"uv": [4, 12, 8, 16], "texture": "#0"},
				"up": {"uv": [4, 15, 5, 16], "texture": "#0"},
				"down": {"uv": [4, 15, 5, 16], "texture": "#0"}
			}
		},
		{
			"from": [7.2, 6.5, 9.7],
			"to": [7.3, 7, 10.2],
			"rotation": {"angle": 0, "axis": "y", "origin": [0, 6, 0]},
			"faces": {
				"north": {"uv": [8, 12, 12, 16], "texture": "#0"},
				"east": {"uv": [8, 12, 12, 16], "texture": "#0"},
				"south": {"uv": [8, 12, 12, 16], "texture": "#0"},
				"west": {"uv": [8, 12, 12, 16], "texture": "#0"},
				"up": {"uv": [8, 12, 12, 16], "texture": "#0"},
				"down": {"uv": [8, 12, 12, 16], "texture": "#0"}
			}
		},
		{
			"from": [7.2, 7.9, 5],
			"to": [8.8, 8, 5.7],
			"rotation": {"angle": 0, "axis": "y", "origin": [0, 6, 0]},
			"faces": {
				"north": {"uv": [11, 10, 12, 14], "texture": "#0"},
				"east": {"uv": [11, 10, 12, 14], "texture": "#0"},
				"south": {"uv": [11, 10, 12, 14], "texture": "#0"},
				"west": {"uv": [11, 10, 12, 14], "texture": "#0"},
				"up": {"uv": [11, 10, 12, 12], "texture": "#0"},
				"down": {"uv": [11, 10, 12, 14], "texture": "#0"}
			}
		},
		{
			"from": [7.2, 7.9, 5.7],
			"to": [7.3, 8, 10.2],
			"rotation": {"angle": 0, "axis": "y", "origin": [0, 6, 0]},
			"faces": {
				"north": {"uv": [11, 10, 12, 14], "texture": "#0"},
				"east": {"uv": [11, 10, 12, 14], "texture": "#0"},
				"south": {"uv": [11, 10, 12, 14], "texture": "#0"},
				"west": {"uv": [11, 10, 12, 14], "texture": "#0"},
				"up": {"uv": [11, 10, 12, 12], "texture": "#0"},
				"down": {"uv": [11, 10, 12, 14], "texture": "#0"}
			}
		},
		{
			"from": [7.2, 7.9, 10.2],
			"to": [8.8, 8, 11.1],
			"rotation": {"angle": 0, "axis": "y", "origin": [0, 6, 0]},
			"faces": {
				"north": {"uv": [11, 10, 12, 14], "texture": "#0"},
				"east": {"uv": [11, 10, 12, 14], "texture": "#0"},
				"south": {"uv": [11, 10, 12, 14], "texture": "#0"},
				"west": {"uv": [11, 10, 12, 14], "texture": "#0"},
				"up": {"uv": [11, 10, 12, 12], "texture": "#0"},
				"down": {"uv": [11, 10, 12, 14], "texture": "#0"}
			}
		},
		{
			"from": [7.2, 8.2, 5],
			"to": [8.8, 8.3, 11.1],
			"rotation": {"angle": 0, "axis": "y", "origin": [0, 6, 0]},
			"faces": {
				"north": {"uv": [11, 10, 12, 14], "texture": "#0"},
				"east": {"uv": [11, 10, 12, 14], "texture": "#0"},
				"south": {"uv": [11, 10, 12, 14], "texture": "#0"},
				"west": {"uv": [11, 10, 12, 14], "texture": "#0"},
				"up": {"uv": [11, 10, 12, 12], "texture": "#0"},
				"down": {"uv": [11, 10, 12, 14], "texture": "#0"}
			}
		},
		{
			"from": [7.3, 6.69274, 10.88264],
			"to": [8.7, 7.19274, 12.28264],
			"rotation": {"angle": -22.5, "axis": "x", "origin": [8, 6.89274, 12.73264]},
			"faces": {
				"north": {"uv": [0, 12, 4, 16], "texture": "#0"},
				"east": {"uv": [0, 12, 4, 16], "texture": "#0"},
				"south": {"uv": [0, 12, 4, 16], "texture": "#0"},
				"west": {"uv": [0, 12, 4, 16], "texture": "#0"},
				"up": {"uv": [0, 12, 4, 16], "texture": "#0"},
				"down": {"uv": [0, 12, 4, 16], "texture": "#0"}
			}
		},
		{
			"from": [7.3, 6.28579, 11.01421],
			"to": [8.7, 7.58579, 13.71421],
			"rotation": {"angle": 0, "axis": "x", "origin": [8, 6.78579, 13.41421]},
			"faces": {
				"north": {"uv": [0, 12, 4, 16], "texture": "#0"},
				"east": {"uv": [0, 12, 4, 16], "texture": "#0"},
				"south": {"uv": [0, 12, 4, 16], "texture": "#0"},
				"west": {"uv": [0, 12, 4, 16], "texture": "#0"},
				"up": {"uv": [0, 12, 4, 16], "texture": "#0"},
				"down": {"uv": [0, 12, 4, 16], "texture": "#0"}
			}
		},
		{
			"from": [6.9, 2.9, 21.8],
			"to": [9.1, 8, 22.6],
			"rotation": {"angle": 0, "axis": "y", "origin": [0, 6, 0.4]},
			"faces": {
				"north": {"uv": [12, 8, 16, 12], "texture": "#0"},
				"east": {"uv": [12, 8, 16, 12], "texture": "#0"},
				"south": {"uv": [12, 8, 16, 12], "texture": "#0"},
				"west": {"uv": [12, 8, 16, 12], "texture": "#0"},
				"up": {"uv": [12, 8, 16, 12], "texture": "#0"},
				"down": {"uv": [12, 8, 16, 12], "texture": "#0"}
			}
		},
		{
			"from": [7.29, 4.4, 4.8],
			"to": [8.71, 6, 7.4],
			"rotation": {"angle": 0, "axis": "y", "origin": [0, 6, 0.5]},
			"faces": {
				"north": {"uv": [0, 8, 4, 12], "texture": "#0"},
				"east": {"uv": [0, 8, 4, 12], "texture": "#0"},
				"south": {"uv": [0, 8, 4, 12], "texture": "#0"},
				"west": {"uv": [0, 8, 4, 12], "texture": "#0"},
				"up": {"uv": [0, 8, 4, 12], "texture": "#0"},
				"down": {"uv": [0, 8, 4, 12], "texture": "#0"}
			}
		},
		{
			"from": [7.29, 5.44162, 3.70719],
			"to": [8.71, 6.44162, 6.10719],
			"rotation": {"angle": 22.5, "axis": "x", "origin": [8, 6.24162, 5.00719]},
			"faces": {
				"north": {"uv": [0, 8, 4, 12], "texture": "#0"},
				"east": {"uv": [0, 8, 4, 12], "texture": "#0"},
				"south": {"uv": [0, 8, 4, 12], "texture": "#0"},
				"west": {"uv": [0, 8, 4, 12], "texture": "#0"},
				"up": {"uv": [0, 8, 4, 12], "texture": "#0"},
				"down": {"uv": [0, 8, 4, 12], "texture": "#0"}
			}
		},
		{
			"from": [7.4, 4.5, 10.6],
			"to": [8.6, 6.3, 12.3],
			"rotation": {"angle": 0, "axis": "y", "origin": [0, 6.7, 0.4]},
			"faces": {
				"north": {"uv": [12, 4, 16, 8], "texture": "#0"},
				"east": {"uv": [12, 4, 16, 8], "texture": "#0"},
				"south": {"uv": [12, 4, 16, 8], "texture": "#0"},
				"west": {"uv": [12, 4, 16, 8], "texture": "#0"},
				"up": {"uv": [12, 4, 16, 8], "texture": "#0"},
				"down": {"uv": [12, 4, 16, 8], "texture": "#0"}
			}
		},
		{
			"from": [7.4, 5.60815, 12.27322],
			"to": [8.6, 6.90815, 13.17322],
			"rotation": {"angle": 45, "axis": "x", "origin": [8, 6.40815, 12.12322]},
			"faces": {
				"north": {"uv": [12, 4, 16, 8], "texture": "#0"},
				"east": {"uv": [12, 4, 16, 8], "texture": "#0"},
				"south": {"uv": [12, 4, 16, 8], "texture": "#0"},
				"west": {"uv": [12, 4, 16, 8], "texture": "#0"},
				"up": {"uv": [12, 4, 16, 8], "texture": "#0"},
				"down": {"uv": [12, 4, 16, 8], "texture": "#0"}
			}
		},
		{
			"from": [7.4, 2.54289, 11.76213],
			"to": [8.6, 5.44289, 12.56213],
			"rotation": {"angle": -45, "axis": "x", "origin": [8, 4.39289, 12.51213]},
			"faces": {
				"north": {"uv": [12, 4, 16, 8], "texture": "#0"},
				"east": {"uv": [12, 4, 16, 8], "texture": "#0"},
				"south": {"uv": [12, 4, 16, 8], "texture": "#0"},
				"west": {"uv": [12, 4, 16, 8], "texture": "#0"},
				"up": {"uv": [12, 4, 16, 8], "texture": "#0"},
				"down": {"uv": [12, 4, 16, 8], "texture": "#0"}
			}
		},
		{
			"from": [7.4, 1.94431, 11.12825],
			"to": [8.6, 4.74431, 12.72825],
			"rotation": {"angle": -22.5, "axis": "x", "origin": [8, 3.29431, 11.47825]},
			"faces": {
				"north": {"uv": [12, 4, 16, 8], "texture": "#0"},
				"east": {"uv": [12, 4, 16, 8], "texture": "#0"},
				"south": {"uv": [12, 4, 16, 8], "texture": "#0"},
				"west": {"uv": [12, 4, 16, 8], "texture": "#0"},
				"up": {"uv": [12, 4, 16, 8], "texture": "#0"},
				"down": {"uv": [12, 4, 16, 8], "texture": "#0"}
			}
		},
		{
			"from": [7.2, 1.87131, 10.78849],
			"to": [8.8, 2.27131, 13.38849],
			"rotation": {"angle": -22.5, "axis": "x", "origin": [8, 3.72131, 11.43849]},
			"faces": {
				"north": {"uv": [12, 4, 16, 8], "texture": "#0"},
				"east": {"uv": [12, 4, 16, 8], "texture": "#0"},
				"south": {"uv": [12, 4, 16, 8], "texture": "#0"},
				"west": {"uv": [12, 4, 16, 8], "texture": "#0"},
				"up": {"uv": [12, 4, 16, 8], "texture": "#0"},
				"down": {"uv": [12, 4, 16, 8], "texture": "#0"}
			}
		},
		{
			"from": [7.4, 2.7201, 13.15563],
			"to": [8.6, 3.1201, 13.85563],
			"rotation": {"angle": 0, "axis": "x", "origin": [8, 2.9201, 13.50563]},
			"faces": {
				"north": {"uv": [12, 4, 16, 8], "texture": "#0"},
				"east": {"uv": [12, 4, 16, 8], "texture": "#0"},
				"south": {"uv": [12, 4, 16, 8], "texture": "#0"},
				"west": {"uv": [12, 4, 16, 8], "texture": "#0"},
				"up": {"uv": [12, 4, 16, 8], "texture": "#0"},
				"down": {"uv": [12, 4, 16, 8], "texture": "#0"}
			}
		},
		{
			"from": [7.46, -2.2, 4.95],
			"to": [8.54, 0.6, 7.25],
			"rotation": {"angle": 0, "axis": "y", "origin": [0, 1, 0.5]},
			"faces": {
				"north": {"uv": [11, 11, 12, 12], "texture": "#0"},
				"east": {"uv": [4, 8, 12, 12], "rotation": 180, "texture": "#0"},
				"south": {"uv": [11, 11, 12, 12], "texture": "#0"},
				"west": {"uv": [4, 8, 12, 12], "texture": "#0"},
				"up": {"uv": [8, 8, 12, 12], "texture": "#0"},
				"down": {"uv": [11, 11, 12, 12], "texture": "#0"}
			}
		},
		{
			"from": [7.45, -4.79902, 4.73139],
			"to": [8.53, -1.69902, 7.03139],
			"rotation": {"angle": 22.5, "axis": "x", "origin": [8, -2.49902, 5.88139]},
			"faces": {
				"north": {"uv": [11, 11, 12, 12], "texture": "#0"},
				"east": {"uv": [4, 8, 12, 12], "rotation": 180, "texture": "#0"},
				"south": {"uv": [11, 11, 12, 12], "texture": "#0"},
				"west": {"uv": [4, 8, 12, 12], "texture": "#0"},
				"up": {"uv": [8, 8, 12, 12], "texture": "#0"},
				"down": {"uv": [11, 11, 12, 12], "texture": "#0"}
			}
		},
		{
			"from": [7.7, 4.67252, 9.0354],
			"to": [8.3, 5.37252, 9.3354],
			"rotation": {"angle": 22.5, "axis": "x", "origin": [8, 4.92252, 9.2354]},
			"faces": {
				"north": {"uv": [8, 12, 12, 16], "texture": "#0"},
				"east": {"uv": [8, 12, 12, 16], "texture": "#0"},
				"south": {"uv": [8, 12, 12, 16], "texture": "#0"},
				"west": {"uv": [8, 12, 12, 16], "texture": "#0"},
				"up": {"uv": [8, 12, 12, 16], "texture": "#0"},
				"down": {"uv": [8, 12, 12, 16], "texture": "#0"}
			}
		},
		{
			"from": [7.7, 5.3, 9.2],
			"to": [8.3, 6, 9.5],
			"rotation": {"angle": 0, "axis": "y", "origin": [0, 6, 0.4]},
			"faces": {
				"north": {"uv": [8, 12, 12, 16], "texture": "#0"},
				"east": {"uv": [8, 12, 12, 16], "texture": "#0"},
				"south": {"uv": [8, 12, 12, 16], "texture": "#0"},
				"west": {"uv": [8, 12, 12, 16], "texture": "#0"},
				"up": {"uv": [8, 12, 12, 16], "texture": "#0"},
				"down": {"uv": [8, 12, 12, 16], "texture": "#0"}
			}
		},
		{
			"from": [7.7, 4.4, 7.7],
			"to": [8.3, 4.5, 10.4],
			"rotation": {"angle": 0, "axis": "y", "origin": [0, 6, 0.4]},
			"faces": {
				"north": {"uv": [8, 12, 12, 16], "texture": "#0"},
				"east": {"uv": [8, 12, 12, 16], "texture": "#0"},
				"south": {"uv": [8, 12, 12, 16], "texture": "#0"},
				"west": {"uv": [8, 12, 12, 16], "texture": "#0"},
				"up": {"uv": [8, 12, 12, 16], "texture": "#0"},
				"down": {"uv": [8, 12, 12, 16], "texture": "#0"}
			}
		},
		{
			"from": [7.5, 5.2, 7],
			"to": [8.5, 6.2, 7.4],
			"rotation": {"angle": 22.5, "axis": "x", "origin": [8, 4.9, 7.35]},
			"faces": {
				"north": {"uv": [8, 12, 12, 16], "texture": "#0"},
				"east": {"uv": [8, 12, 12, 16], "texture": "#0"},
				"south": {"uv": [8, 12, 12, 16], "texture": "#0"},
				"west": {"uv": [8, 12, 12, 16], "texture": "#0"},
				"up": {"uv": [8, 12, 12, 16], "texture": "#0"},
				"down": {"uv": [8, 12, 12, 16], "texture": "#0"}
			}
		},
		{
			"from": [7.5, 4.03791, 7.04927],
			"to": [8.5, 4.83791, 7.44927],
			"rotation": {"angle": -22.5, "axis": "x", "origin": [8, 5.43791, 6.24927]},
			"faces": {
				"north": {"uv": [8, 12, 12, 16], "texture": "#0"},
				"east": {"uv": [8, 12, 12, 16], "texture": "#0"},
				"south": {"uv": [8, 12, 12, 16], "texture": "#0"},
				"west": {"uv": [8, 12, 12, 16], "texture": "#0"},
				"up": {"uv": [8, 12, 12, 16], "texture": "#0"},
				"down": {"uv": [8, 12, 12, 16], "texture": "#0"}
			}
		},
		{
			"from": [7.9, 5.5, 9.7],
			"to": [8.1, 5.7, 10.1],
			"rotation": {"angle": 0, "axis": "y", "origin": [0, 6, 0.4]},
			"faces": {
				"north": {"uv": [8, 12, 12, 16], "texture": "#0"},
				"east": {"uv": [8, 12, 12, 16], "texture": "#0"},
				"south": {"uv": [8, 12, 12, 16], "texture": "#0"},
				"west": {"uv": [8, 12, 12, 16], "texture": "#0"},
				"up": {"uv": [8, 12, 12, 16], "texture": "#0"},
				"down": {"uv": [8, 12, 12, 16], "texture": "#0"}
			}
		},
		{
			"from": [7.8, 5.4, 9.6],
			"to": [8.2, 5.8, 9.7],
			"rotation": {"angle": 0, "axis": "y", "origin": [0, 6, 0.4]},
			"faces": {
				"north": {"uv": [8, 12, 12, 16], "texture": "#0"},
				"east": {"uv": [8, 12, 12, 16], "texture": "#0"},
				"south": {"uv": [8, 12, 12, 16], "texture": "#0"},
				"west": {"uv": [8, 12, 12, 16], "texture": "#0"},
				"up": {"uv": [8, 12, 12, 16], "texture": "#0"},
				"down": {"uv": [8, 12, 12, 16], "texture": "#0"}
			}
		},
		{
			"from": [7.5, 4.5, 10.1],
			"to": [8.5, 6, 10.6],
			"rotation": {"angle": 0, "axis": "y", "origin": [0, 6, 0.4]},
			"faces": {
				"north": {"uv": [8, 12, 12, 16], "texture": "#0"},
				"east": {"uv": [8, 12, 12, 16], "texture": "#0"},
				"south": {"uv": [8, 12, 12, 16], "texture": "#0"},
				"west": {"uv": [8, 12, 12, 16], "texture": "#0"},
				"up": {"uv": [8, 12, 12, 16], "texture": "#0"},
				"down": {"uv": [8, 12, 12, 16], "texture": "#0"}
			}
		},
		{
			"from": [7, 9.30605, 6.12701],
			"to": [7.3, 11.20605, 6.42701],
			"rotation": {"angle": -22.5, "axis": "x", "origin": [7.1, 10.20605, 6.57701]},
			"faces": {
				"north": {"uv": [12, 8, 16, 12], "texture": "#0"},
				"east": {"uv": [12, 8, 16, 12], "texture": "#0"},
				"south": {"uv": [12, 8, 16, 12], "texture": "#0"},
				"west": {"uv": [12, 8, 16, 12], "texture": "#0"},
				"up": {"uv": [12, 8, 16, 12], "texture": "#0"},
				"down": {"uv": [12, 8, 16, 12], "texture": "#0"}
			}
		},
		{
			"from": [8.7, 9.80605, 6.42701],
			"to": [9, 10.90605, 7.02701],
			"rotation": {"angle": -22.5, "axis": "x", "origin": [8.8, 10.20605, 6.67701]},
			"faces": {
				"north": {"uv": [12, 8, 16, 12], "texture": "#0"},
				"east": {"uv": [12, 8, 16, 12], "texture": "#0"},
				"south": {"uv": [12, 8, 16, 12], "texture": "#0"},
				"west": {"uv": [12, 8, 16, 12], "texture": "#0"},
				"up": {"uv": [12, 8, 16, 12], "texture": "#0"},
				"down": {"uv": [12, 8, 16, 12], "texture": "#0"}
			}
		},
		{
			"from": [7, 9.80605, 6.32701],
			"to": [7.3, 10.90605, 6.92701],
			"rotation": {"angle": -22.5, "axis": "x", "origin": [7.1, 10.20605, 6.57701]},
			"faces": {
				"north": {"uv": [12, 8, 16, 12], "texture": "#0"},
				"east": {"uv": [12, 8, 16, 12], "texture": "#0"},
				"south": {"uv": [12, 8, 16, 12], "texture": "#0"},
				"west": {"uv": [12, 8, 16, 12], "texture": "#0"},
				"up": {"uv": [12, 8, 16, 12], "texture": "#0"},
				"down": {"uv": [12, 8, 16, 12], "texture": "#0"}
			}
		},
		{
			"from": [7, 10.77253, 6.05574],
			"to": [9, 11.07253, 7.45574],
			"rotation": {"angle": 0, "axis": "x", "origin": [8, 10.92253, 7.00574]},
			"faces": {
				"north": {"uv": [12, 8, 16, 12], "rotation": 270, "texture": "#0"},
				"east": {"uv": [12, 8, 16, 12], "rotation": 270, "texture": "#0"},
				"south": {"uv": [12, 8, 16, 12], "rotation": 270, "texture": "#0"},
				"west": {"uv": [12, 8, 16, 12], "rotation": 270, "texture": "#0"},
				"up": {"uv": [12, 8, 16, 12], "rotation": 270, "texture": "#0"},
				"down": {"uv": [12, 8, 16, 12], "rotation": 270, "texture": "#0"}
			}
		},
		{
			"from": [7, 9.21716, 6.68284],
			"to": [9, 9.51716, 7.48284],
			"rotation": {"angle": 0, "axis": "y", "origin": [8, 10.76716, 7.63284]},
			"faces": {
				"north": {"uv": [12, 8, 16, 12], "rotation": 270, "texture": "#0"},
				"east": {"uv": [12, 8, 16, 12], "rotation": 270, "texture": "#0"},
				"south": {"uv": [12, 8, 16, 12], "rotation": 270, "texture": "#0"},
				"west": {"uv": [12, 8, 16, 12], "rotation": 270, "texture": "#0"},
				"up": {"uv": [12, 8, 16, 12], "rotation": 270, "texture": "#0"},
				"down": {"uv": [12, 8, 16, 12], "rotation": 270, "texture": "#0"}
			}
		},
		{
			"from": [7, 9.21716, 6.48284],
			"to": [7.3, 11.01716, 7.48284],
			"rotation": {"angle": 0, "axis": "x", "origin": [8, 10.01716, 6.78284]},
			"faces": {
				"north": {"uv": [12, 8, 16, 12], "texture": "#0"},
				"east": {"uv": [12, 8, 16, 12], "texture": "#0"},
				"south": {"uv": [12, 8, 16, 12], "texture": "#0"},
				"west": {"uv": [12, 8, 16, 12], "texture": "#0"},
				"up": {"uv": [12, 8, 16, 12], "texture": "#0"},
				"down": {"uv": [12, 8, 16, 12], "texture": "#0"}
			}
		},
		{
			"from": [8.7, 9.41716, 7.48284],
			"to": [8.9, 10.81716, 10.78284],
			"rotation": {"angle": 0, "axis": "y", "origin": [9.7, 10.01716, 7.08284]},
			"faces": {
				"north": {"uv": [12, 8, 16, 12], "texture": "#0"},
				"east": {"uv": [12, 8, 16, 12], "texture": "#0"},
				"south": {"uv": [12, 8, 16, 12], "texture": "#0"},
				"west": {"uv": [12, 8, 16, 12], "texture": "#0"},
				"up": {"uv": [12, 8, 16, 12], "texture": "#0"},
				"down": {"uv": [12, 8, 16, 12], "texture": "#0"}
			}
		},
		{
			"from": [7.1, 9.41716, 7.48284],
			"to": [7.3, 10.81716, 10.78284],
			"rotation": {"angle": 0, "axis": "y", "origin": [8, 10.01716, 7.08284]},
			"faces": {
				"north": {"uv": [12, 8, 16, 12], "texture": "#0"},
				"east": {"uv": [12, 8, 16, 12], "texture": "#0"},
				"south": {"uv": [12, 8, 16, 12], "texture": "#0"},
				"west": {"uv": [12, 8, 16, 12], "texture": "#0"},
				"up": {"uv": [12, 8, 16, 12], "texture": "#0"},
				"down": {"uv": [12, 8, 16, 12], "texture": "#0"}
			}
		},
		{
			"from": [7.2, 9.31716, 7.48284],
			"to": [8.8, 9.51716, 10.78284],
			"rotation": {"angle": 0, "axis": "z", "origin": [8, 10.11716, 9.13284]},
			"faces": {
				"north": {"uv": [12, 8, 16, 12], "rotation": 270, "texture": "#0"},
				"east": {"uv": [12, 8, 16, 12], "rotation": 90, "texture": "#0"},
				"south": {"uv": [12, 8, 16, 12], "rotation": 90, "texture": "#0"},
				"west": {"uv": [12, 8, 16, 12], "rotation": 90, "texture": "#0"},
				"up": {"uv": [12, 8, 16, 12], "rotation": 90, "texture": "#0"},
				"down": {"uv": [12, 8, 16, 12], "rotation": 90, "texture": "#0"}
			}
		},
		{
			"from": [7.3, 9.51716, 9.78284],
			"to": [8.7, 10.71716, 9.78284],
			"rotation": {"angle": 0, "axis": "y", "origin": [8, 10.11716, 9.13284]},
			"faces": {
				"north": {"uv": [0, 0, 16, 16], "rotation": 90, "texture": "#1"},
				"east": {"uv": [0, 0, 16, 16], "rotation": 90, "texture": "#1"},
				"south": {"uv": [0, 0, 16, 16], "rotation": 90, "texture": "#1"},
				"west": {"uv": [0, 0, 16, 16], "rotation": 90, "texture": "#1"},
				"up": {"uv": [0, 0, 16, 16], "rotation": 90, "texture": "#1"},
				"down": {"uv": [0, 0, 16, 16], "rotation": 90, "texture": "#1"}
			}
		},
		{
			"from": [7.3, 9.51716, 7.78284],
			"to": [8.7, 10.71716, 7.78284],
			"rotation": {"angle": 0, "axis": "y", "origin": [8, 10.11716, 9.13284]},
			"faces": {
				"north": {"uv": [0, 0, 16, 16], "rotation": 90, "texture": "#1"},
				"east": {"uv": [0, 0, 16, 16], "rotation": 90, "texture": "#1"},
				"south": {"uv": [0, 0, 16, 16], "rotation": 90, "texture": "#1"},
				"west": {"uv": [0, 0, 16, 16], "rotation": 90, "texture": "#1"},
				"up": {"uv": [0, 0, 16, 16], "rotation": 90, "texture": "#1"},
				"down": {"uv": [0, 0, 16, 16], "rotation": 90, "texture": "#1"}
			}
		},
		{
			"from": [7.2, 10.71716, 7.48284],
			"to": [8.8, 10.91716, 10.78284],
			"rotation": {"angle": 0, "axis": "z", "origin": [8, 10.11716, 9.13284]},
			"faces": {
				"north": {"uv": [12, 8, 16, 12], "rotation": 270, "texture": "#0"},
				"east": {"uv": [12, 8, 16, 12], "rotation": 90, "texture": "#0"},
				"south": {"uv": [12, 8, 16, 12], "rotation": 90, "texture": "#0"},
				"west": {"uv": [12, 8, 16, 12], "rotation": 90, "texture": "#0"},
				"up": {"uv": [12, 8, 16, 12], "rotation": 90, "texture": "#0"},
				"down": {"uv": [12, 8, 16, 12], "rotation": 90, "texture": "#0"}
			}
		},
		{
			"from": [7.7, 11.01716, 8.98284],
			"to": [8.3, 11.11716, 9.58284],
			"rotation": {"angle": 0, "axis": "y", "origin": [8, 10.11716, 9.13284]},
			"faces": {
				"north": {"uv": [4, 0, 5, 8], "rotation": 270, "texture": "#0"},
				"east": {"uv": [4, 0, 5, 8], "rotation": 270, "texture": "#0"},
				"south": {"uv": [4, 0, 5, 8], "rotation": 270, "texture": "#0"},
				"west": {"uv": [4, 0, 5, 8], "rotation": 270, "texture": "#0"},
				"up": {"uv": [4, 0, 12, 8], "rotation": 90, "texture": "#0"},
				"down": {"uv": [8, 12, 12, 16], "rotation": 90, "texture": "#0"}
			}
		},
		{
			"from": [7.1, 10.81716, 8.98284],
			"to": [8.9, 11.01716, 9.58284],
			"rotation": {"angle": 0, "axis": "y", "origin": [8, 10.11716, 9.13284]},
			"faces": {
				"north": {"uv": [8, 12, 12, 16], "rotation": 270, "texture": "#0"},
				"east": {"uv": [8, 12, 12, 16], "rotation": 270, "texture": "#0"},
				"south": {"uv": [8, 12, 12, 16], "rotation": 270, "texture": "#0"},
				"west": {"uv": [8, 12, 12, 16], "rotation": 270, "texture": "#0"},
				"up": {"uv": [8, 12, 12, 16], "rotation": 270, "texture": "#0"},
				"down": {"uv": [8, 12, 12, 16], "rotation": 270, "texture": "#0"}
			}
		},
		{
			"from": [7.1, 9.21716, 8.98284],
			"to": [8.9, 9.41716, 9.58284],
			"rotation": {"angle": 0, "axis": "y", "origin": [8, 10.11716, 9.13284]},
			"faces": {
				"north": {"uv": [8, 12, 12, 16], "rotation": 270, "texture": "#0"},
				"east": {"uv": [8, 12, 12, 16], "rotation": 270, "texture": "#0"},
				"south": {"uv": [8, 12, 12, 16], "rotation": 270, "texture": "#0"},
				"west": {"uv": [8, 12, 12, 16], "rotation": 270, "texture": "#0"},
				"up": {"uv": [8, 12, 12, 16], "rotation": 270, "texture": "#0"},
				"down": {"uv": [8, 12, 12, 16], "rotation": 270, "texture": "#0"}
			}
		},
		{
			"from": [8.8, 9.31716, 8.98284],
			"to": [9, 10.91716, 9.58284],
			"rotation": {"angle": 0, "axis": "y", "origin": [8, 10.11716, 9.13284]},
			"faces": {
				"north": {"uv": [8, 12, 12, 16], "rotation": 270, "texture": "#0"},
				"east": {"uv": [8, 12, 12, 16], "rotation": 270, "texture": "#0"},
				"south": {"uv": [8, 12, 12, 16], "rotation": 270, "texture": "#0"},
				"west": {"uv": [8, 12, 12, 16], "rotation": 270, "texture": "#0"},
				"up": {"uv": [8, 12, 12, 16], "rotation": 270, "texture": "#0"},
				"down": {"uv": [8, 12, 12, 16], "rotation": 270, "texture": "#0"}
			}
		},
		{
			"from": [7, 9.31716, 8.98284],
			"to": [7.2, 10.91716, 9.58284],
			"rotation": {"angle": 0, "axis": "y", "origin": [8, 10.11716, 9.13284]},
			"faces": {
				"north": {"uv": [8, 12, 12, 16], "rotation": 270, "texture": "#0"},
				"east": {"uv": [8, 12, 12, 16], "rotation": 270, "texture": "#0"},
				"south": {"uv": [8, 12, 12, 16], "rotation": 270, "texture": "#0"},
				"west": {"uv": [8, 12, 12, 16], "rotation": 270, "texture": "#0"},
				"up": {"uv": [8, 12, 12, 16], "rotation": 270, "texture": "#0"},
				"down": {"uv": [8, 12, 12, 16], "rotation": 270, "texture": "#0"}
			}
		},
		{
			"from": [8.7, 9.30605, 6.12701],
			"to": [9, 11.20605, 6.42701],
			"rotation": {"angle": -22.5, "axis": "x", "origin": [8.8, 10.20605, 6.57701]},
			"faces": {
				"north": {"uv": [12, 8, 16, 12], "texture": "#0"},
				"east": {"uv": [12, 8, 16, 12], "texture": "#0"},
				"south": {"uv": [12, 8, 16, 12], "texture": "#0"},
				"west": {"uv": [12, 8, 16, 12], "texture": "#0"},
				"up": {"uv": [12, 8, 16, 12], "texture": "#0"},
				"down": {"uv": [12, 8, 16, 12], "texture": "#0"}
			}
		},
		{
			"from": [8.7, 9.21716, 6.48284],
			"to": [9, 11.01716, 7.48284],
			"rotation": {"angle": 0, "axis": "y", "origin": [9.7, 10.01716, 6.88284]},
			"faces": {
				"north": {"uv": [12, 8, 16, 12], "texture": "#0"},
				"east": {"uv": [12, 8, 16, 12], "texture": "#0"},
				"south": {"uv": [12, 8, 16, 12], "texture": "#0"},
				"west": {"uv": [12, 8, 16, 12], "texture": "#0"},
				"up": {"uv": [12, 8, 16, 12], "texture": "#0"},
				"down": {"uv": [12, 8, 16, 12], "texture": "#0"}
			}
		},
		{
			"from": [7.5, 7.91716, 5.98284],
			"to": [9.1, 8.16716, 6.38284],
			"rotation": {"angle": 0, "axis": "y", "origin": [0, 6.01716, 0.58284]},
			"faces": {
				"north": {"uv": [12, 12, 16, 16], "texture": "#0"},
				"east": {"uv": [12, 12, 16, 16], "texture": "#0"},
				"south": {"uv": [12, 12, 16, 16], "texture": "#0"},
				"west": {"uv": [12, 12, 16, 16], "texture": "#0"},
				"up": {"uv": [12, 12, 16, 16], "texture": "#0"},
				"down": {"uv": [12, 12, 16, 16], "texture": "#0"}
			}
		},
		{
			"from": [7.3, 7.81716, 5.88284],
			"to": [8.65, 8.21716, 10.08284],
			"rotation": {"angle": 0, "axis": "y", "origin": [0, 6.01716, 0.58284]},
			"faces": {
				"north": {"uv": [12, 4, 16, 8], "texture": "#0"},
				"east": {"uv": [12, 2, 16, 10], "rotation": 270, "texture": "#0"},
				"south": {"uv": [12, 4, 16, 8], "texture": "#0"},
				"west": {"uv": [0, 12, 4, 16], "texture": "#0"},
				"up": {"uv": [12, 4, 16, 8], "texture": "#0"},
				"down": {"uv": [12, 4, 16, 8], "texture": "#0"}
			}
		}
	],
	"display": {
		"thirdperson_righthand": {
			"translation": [0, 1.5, 0],
			"scale": [0.7, 0.7, 0.7]
		},
		"firstperson_righthand": {
			"rotation": [0, -15, -12],
			"translation": [9, 12, -2]
		},
		"firstperson_lefthand": {
			"scale": [0, 0, 0]
		},
		"ground": {
			"rotation": [0, 0, 90]
		},
		"gui": {
			"rotation": [90, 45, -90],
			"translation": [1.5, 0.5, 0],
			"scale": [0.7, 0.7, 0.7]
		},
		"head": {
			"rotation": [0, 0, 90],
			"translation": [0, -42.5, 0]
		},
		"fixed": {
			"rotation": [0, -90, 0],
			"translation": [0, 0, -1]
		}
	},
	"groups": [
		{
			"name": "group",
			"origin": [8, 4.80433, -8.32961],
			"color": 0,
			"nbt": "{}",
			"armAnimationEnabled": false,
			"children": [0, 1, 2, 3, 4]
		},
		{
			"name": "group",
			"origin": [8, 4.24162, 4.50719],
			"color": 0,
			"nbt": "{}",
			"armAnimationEnabled": false,
			"children": [
				5,
				6,
				7,
				8,
				9,
				10,
				11,
				12,
				13,
				14,
				15,
				16,
				17,
				{
					"name": "group",
					"origin": [8, 4.19651, 2.23244],
					"color": 0,
					"nbt": "{}",
					"armAnimationEnabled": false,
					"children": [18, 19, 20, 21, 22, 23, 24, 25, 26, 27, 28, 29, 30, 31, 32]
				},
				33,
				34,
				35,
				36,
				37,
				38,
				39,
				40,
				41,
				42,
				43,
				44,
				45,
				46,
				47,
				48,
				49,
				50,
				51,
				52,
				53,
				54,
				55,
				56,
				57,
				58,
				59,
				60,
				61,
				62,
				63,
				64,
				65,
				66,
				67,
				68,
				69,
				70,
				71
			]
		},
		{
			"name": "group",
			"origin": [8, 0.9201, 13.30563],
			"color": 0,
			"nbt": "{}",
			"armAnimationEnabled": false,
			"children": [72, 73, 74, 75, 76, 77]
		},
		{
			"name": "group",
			"origin": [0, 4, 0.5],
			"color": 0,
			"nbt": "{}",
			"armAnimationEnabled": false,
			"children": [78, 79]
		},
		{
			"name": "group",
			"origin": [0, 4, 0.2],
			"color": 0,
			"nbt": "{}",
			"armAnimationEnabled": false,
			"children": [80, 81, 82, 83, 84, 85, 86, 87]
		},
		{
			"name": "group",
			"origin": [8, 8, 8],
			"color": 0,
			"nbt": "{}",
			"armAnimationEnabled": false,
			"children": [88, 89, 90, 91, 92, 93, 94, 95, 96, 97, 98, 99, 100, 101, 102, 103, 104, 105, 106]
		},
		{
			"name": "group",
			"origin": [0, 4.01716, 0.58284],
			"color": 0,
			"nbt": "{}",
			"armAnimationEnabled": false,
			"children": [107, 108]
		}
	]
}