{
"credit": "Made with Blockbench",
"texture_size": [64, 64],
"textures": {
"0": "custom/wizard_alt",
"particle": "custom/wizard_alt"
}
,
"elements": [
{
"from": [4, 4, 4],
"to": [12, 12, 12],
"rotation": {"angle": 0, "axis": "y", "origin": [8, 4, 8]},
"faces": {
"north": {"uv": [2, 2, 4, 4], "texture": "#0"},
"east": {"uv": [0, 2, 2, 4], "texture": "#0"},
"south": {"uv": [6, 2, 8, 4], "texture": "#0"},
"west": {"uv": [4, 2, 6, 4], "texture": "#0"},
"up": {"uv": [2, 0, 4, 2], "rotation": 180, "texture": "#0"},
"down": {"uv": [4, 0, 6, 2], "texture": "#0"}
}
}
,
{
"from": [3.8, 3.8, 3.8],
"to": [12.2, 12.2, 12.2],
"rotation": {"angle": 0, "axis": "y", "origin": [8, 4, 8]},
"faces": {
"north": {"uv": [10, 2, 12, 4], "texture": "#0"},
"east": {"uv": [8, 2, 10, 4], "texture": "#0"},
"south": {"uv": [14, 2, 16, 4], "texture": "#0"},
"west": {"uv": [12, 2, 14, 4], "texture": "#0"},
"up": {"uv": [10, 0, 12, 2], "rotation": 180, "texture": "#0"},
"down": {"uv": [12, 0, 14, 2], "texture": "#0"}
}
}
],
"display": {
"head": {
"scale": [1.5, 1.5, 1.5]
}
}
}
