{
  "variants": {
    "facing=east,half=bottom,shape=straight": {
      "model": "minecraft:block/swivel_chair"
    },
    "facing=north,half=bottom,shape=straight": {
      "model": "minecraft:block/swivel_chair",
      "uvlock": true,
      "y": 270
    },
    "facing=south,half=bottom,shape=straight": {
      "model": "minecraft:block/swivel_chair",
      "uvlock": true,
      "y": 90
    },
    "facing=west,half=bottom,shape=straight": {
      "model": "minecraft:block/swivel_chair",
      "uvlock": true,
      "y": 180
    }
  }
}