{
"credit": "Made with Blockbench",
"texture_size": [64, 64],
"textures": {
"0": "custom/skin3",
"particle": "custom/skin3"
}
,
"elements": [
{
"from": [4, 0, 6],
"to": [12, 12, 10],
"rotation": {"angle": 0, "axis": "y", "origin": [8, 4, 8]},
"faces": {
"north": {"uv": [5, 5, 7, 8], "texture": "#0"},
"east": {"uv": [4, 5, 5, 8], "texture": "#0"},
"south": {"uv": [8, 5, 10, 8], "texture": "#0"},
"west": {"uv": [7, 5, 8, 8], "texture": "#0"},
"up": {"uv": [5, 4, 7, 5], "rotation": 180, "texture": "#0"},
"down": {"uv": [7, 4, 9, 5], "texture": "#0"}
}
}
,
{
"from": [3.8, -0.2, 5.8],
"to": [12.2, 12.2, 10.2],
"rotation": {"angle": 0, "axis": "y", "origin": [8, 4, 8]},
"faces": {
"north": {"uv": [5, 9, 7, 12], "texture": "#0"},
"east": {"uv": [4, 9, 5, 12], "texture": "#0"},
"south": {"uv": [8, 9, 10, 12], "texture": "#0"},
"west": {"uv": [7, 9, 8, 12], "texture": "#0"},
"up": {"uv": [5, 8, 7, 9], "rotation": 180, "texture": "#0"},
"down": {"uv": [7, 8, 9, 9], "texture": "#0"}
}
}
],
"display": {
"head": {
"scale": [1.5, 1.5, 1.5]
}
}
}
