{
"credit": "Made with Blockbench",
"texture_size": [64, 64],
"textures": {
"0": "custom/skin4",
"particle": "custom/skin4"
}
,
"elements": [
{
"from": [6, -6, 6],
"to": [10, 6, 10],
"rotation": {"angle": 0, "axis": "y", "origin": [8, 4, 8]},
"faces": {
"north": {"uv": [5, 13, 6, 16], "texture": "#0"},
"east": {"uv": [4, 13, 5, 16], "texture": "#0"},
"south": {"uv": [7, 13, 8, 16], "texture": "#0"},
"west": {"uv": [6, 13, 7, 16], "texture": "#0"},
"up": {"uv": [5, 12, 6, 13], "rotation": 180, "texture": "#0"},
"down": {"uv": [6, 12, 7, 13], "texture": "#0"}
}
}
,
{
"from": [5.8, -6.2, 5.8],
"to": [10.2, 6.2, 10.2],
"rotation": {"angle": 0, "axis": "y", "origin": [8, 4, 8]},
"faces": {
"north": {"uv": [1, 13, 2, 16], "texture": "#0"},
"east": {"uv": [0, 13, 1, 16], "texture": "#0"},
"south": {"uv": [3, 13, 4, 16], "texture": "#0"},
"west": {"uv": [2, 13, 3, 16], "texture": "#0"},
"up": {"uv": [1, 12, 2, 13], "rotation": 180, "texture": "#0"},
"down": {"uv": [2, 12, 3, 13], "texture": "#0"}
}
}
],
"display": {
"head": {
"scale": [1.5, 1.5, 1.5],
"translation": [0.0, -1.75, 0.0]
}
}
}
