{
	"credit": "Made with Blockbench",
	"texture_size": [8, 8],
	"textures": {
		"0": "slot_1:item/awp/0",
		"1": "slot_1:item/awp/1"
	},
	"elements": [
		{
			"from": [7.1, 5.3, 1.3],
			"to": [8.9, 7, 14.8],
			"rotation": {"angle": 0, "axis": "y", "origin": [0, -2.7, 7]},
			"faces": {
				"north": {"uv": [0, 0, 4, 4], "texture": "#0"},
				"east": {"uv": [0, 0, 4, 4], "texture": "#0"},
				"south": {"uv": [0, 0, 4, 4], "texture": "#0"},
				"west": {"uv": [0, 0, 4, 4], "texture": "#0"},
				"up": {"uv": [0, 0, 4, 4], "texture": "#0"},
				"down": {"uv": [0, 0, 4, 4], "texture": "#0"}
			}
		},
		{
			"from": [7.1, 4.4606, 6.72814],
			"to": [8.9, 6.2606, 10.22814],
			"rotation": {"angle": 22.5, "axis": "x", "origin": [8, 6.5606, 8.52814]},
			"faces": {
				"north": {"uv": [0, 0, 4, 4], "texture": "#0"},
				"east": {"uv": [0, 0, 4, 4], "texture": "#0"},
				"south": {"uv": [0, 0, 4, 4], "texture": "#0"},
				"west": {"uv": [0, 0, 4, 4], "texture": "#0"},
				"up": {"uv": [0, 0, 4, 4], "texture": "#0"},
				"down": {"uv": [0, 0, 4, 4], "texture": "#0"}
			}
		},
		{
			"from": [7.1, 3.96061, 9.23358],
			"to": [8.9, 5.36061, 13.33358],
			"rotation": {"angle": 0, "axis": "y", "origin": [0, -3.23939, 5.83358]},
			"faces": {
				"north": {"uv": [0, 0, 4, 4], "texture": "#0"},
				"east": {"uv": [0, 0, 4, 4], "texture": "#0"},
				"south": {"uv": [0, 0, 4, 4], "texture": "#0"},
				"west": {"uv": [0, 0, 4, 4], "texture": "#0"},
				"up": {"uv": [0, 0, 4, 4], "texture": "#0"},
				"down": {"uv": [0, 0, 4, 4], "texture": "#0"}
			}
		},
		{
			"from": [7.1, 2.63934, 20.06066],
			"to": [8.9, 3.33934, 22.16066],
			"rotation": {"angle": 0, "axis": "y", "origin": [8, 5.43934, 17.91066]},
			"faces": {
				"north": {"uv": [0, 0, 4, 4], "texture": "#0"},
				"east": {"uv": [0, 0, 4, 4], "texture": "#0"},
				"south": {"uv": [0, 0, 4, 4], "texture": "#0"},
				"west": {"uv": [0, 0, 4, 4], "texture": "#0"},
				"up": {"uv": [0, 0, 4, 4], "texture": "#0"},
				"down": {"uv": [0, 0, 4, 4], "texture": "#0"}
			}
		},
		{
			"from": [7.1, 3.33934, 18.26066],
			"to": [8.9, 6.33934, 22.16066],
			"rotation": {"angle": 0, "axis": "y", "origin": [8, 5.43934, 17.91066]},
			"faces": {
				"north": {"uv": [0, 0, 4, 4], "texture": "#0"},
				"east": {"uv": [0, 0, 4, 4], "texture": "#0"},
				"south": {"uv": [0, 0, 4, 4], "texture": "#0"},
				"west": {"uv": [0, 0, 4, 4], "texture": "#0"},
				"up": {"uv": [0, 0, 4, 4], "texture": "#0"},
				"down": {"uv": [0, 0, 4, 4], "texture": "#0"}
			}
		},
		{
			"from": [7.1, 3.61464, 17.55245],
			"to": [8.9, 4.31464, 19.95245],
			"rotation": {"angle": -45, "axis": "x", "origin": [8, 3.86464, 18.75245]},
			"faces": {
				"north": {"uv": [0, 0, 4, 4], "texture": "#0"},
				"east": {"uv": [0, 0, 4, 4], "texture": "#0"},
				"south": {"uv": [0, 0, 4, 4], "texture": "#0"},
				"west": {"uv": [0, 0, 4, 4], "texture": "#0"},
				"up": {"uv": [0, 0, 4, 4], "texture": "#0"},
				"down": {"uv": [0, 0, 4, 4], "texture": "#0"}
			}
		},
		{
			"from": [7.1, 3.85403, 17.42641],
			"to": [8.9, 5.35403, 18.32641],
			"rotation": {"angle": 0, "axis": "x", "origin": [8, 5.15403, 17.47641]},
			"faces": {
				"north": {"uv": [0, 0, 4, 4], "texture": "#0"},
				"east": {"uv": [0, 0, 4, 4], "texture": "#0"},
				"south": {"uv": [0, 0, 4, 4], "texture": "#0"},
				"west": {"uv": [0, 0, 4, 4], "texture": "#0"},
				"up": {"uv": [0, 0, 4, 4], "texture": "#0"},
				"down": {"uv": [0, 0, 4, 4], "texture": "#0"}
			}
		},
		{
			"from": [7.1, 5.33934, 15.16066],
			"to": [8.9, 6.13934, 20.26066],
			"rotation": {"angle": 0, "axis": "x", "origin": [8, 5.43934, 17.91066]},
			"faces": {
				"north": {"uv": [0, 0, 4, 4], "texture": "#0"},
				"east": {"uv": [0, 0, 4, 4], "texture": "#0"},
				"south": {"uv": [0, 0, 4, 4], "texture": "#0"},
				"west": {"uv": [0, 0, 4, 4], "texture": "#0"},
				"up": {"uv": [0, 0, 4, 4], "texture": "#0"},
				"down": {"uv": [0, 0, 4, 4], "texture": "#0"}
			}
		},
		{
			"from": [7.1, 7.97474, 15.62164],
			"to": [8.9, 8.47474, 16.62164],
			"rotation": {"angle": 45, "axis": "x", "origin": [8, 5.22474, 13.02164]},
			"faces": {
				"north": {"uv": [0, 0, 4, 4], "rotation": 270, "texture": "#0"},
				"east": {"uv": [0, 0, 4, 4], "rotation": 270, "texture": "#0"},
				"south": {"uv": [0, 0, 4, 4], "rotation": 270, "texture": "#0"},
				"west": {"uv": [0, 0, 4, 4], "rotation": 270, "texture": "#0"},
				"up": {"uv": [0, 0, 4, 4], "rotation": 270, "texture": "#0"},
				"down": {"uv": [0, 0, 4, 4], "rotation": 270, "texture": "#0"}
			}
		},
		{
			"from": [7.1, 4.92365, 13.89853],
			"to": [8.9, 5.92365, 15.39853],
			"rotation": {"angle": 45, "axis": "x", "origin": [8, 5.37365, 15.64853]},
			"faces": {
				"north": {"uv": [0, 0, 4, 4], "texture": "#0"},
				"east": {"uv": [0, 0, 4, 4], "texture": "#0"},
				"south": {"uv": [0, 0, 4, 4], "texture": "#0"},
				"west": {"uv": [0, 0, 4, 4], "texture": "#0"},
				"up": {"uv": [0, 0, 4, 4], "texture": "#0"},
				"down": {"uv": [0, 0, 4, 4], "texture": "#0"}
			}
		},
		{
			"from": [7.1, 5.75446, 13.67268],
			"to": [8.9, 6.75446, 14.17268],
			"rotation": {"angle": 45, "axis": "x", "origin": [8, 3.70446, 13.62268]},
			"faces": {
				"north": {"uv": [0, 0, 4, 4], "rotation": 180, "texture": "#0"},
				"east": {"uv": [0, 0, 4, 4], "rotation": 180, "texture": "#0"},
				"south": {"uv": [0, 0, 4, 4], "rotation": 180, "texture": "#0"},
				"west": {"uv": [0, 0, 4, 4], "rotation": 180, "texture": "#0"},
				"up": {"uv": [0, 0, 4, 4], "rotation": 180, "texture": "#0"},
				"down": {"uv": [0, 0, 4, 4], "rotation": 180, "texture": "#0"}
			}
		},
		{
			"from": [7.1, 5.97474, 13.82164],
			"to": [8.9, 6.47474, 14.82164],
			"rotation": {"angle": 45, "axis": "x", "origin": [8, 5.22474, 13.42164]},
			"faces": {
				"north": {"uv": [0, 0, 4, 4], "rotation": 270, "texture": "#0"},
				"east": {"uv": [0, 0, 4, 4], "rotation": 270, "texture": "#0"},
				"south": {"uv": [0, 0, 4, 4], "rotation": 270, "texture": "#0"},
				"west": {"uv": [0, 0, 4, 4], "rotation": 270, "texture": "#0"},
				"up": {"uv": [0, 0, 4, 4], "rotation": 270, "texture": "#0"},
				"down": {"uv": [0, 0, 4, 4], "rotation": 270, "texture": "#0"}
			}
		},
		{
			"from": [7.1, 5.1, 13.4],
			"to": [8.9, 6.4, 15],
			"rotation": {"angle": 0, "axis": "y", "origin": [0, -2.5, 6.5]},
			"faces": {
				"north": {"uv": [0, 0, 4, 4], "texture": "#0"},
				"east": {"uv": [0, 0, 4, 4], "texture": "#0"},
				"south": {"uv": [0, 0, 4, 4], "texture": "#0"},
				"west": {"uv": [0, 0, 4, 4], "texture": "#0"},
				"up": {"uv": [0, 0, 4, 4], "texture": "#0"},
				"down": {"uv": [0, 0, 4, 4], "texture": "#0"}
			}
		},
		{
			"from": [7.1, 3.6, 14.9],
			"to": [8.9, 5.8, 15.7],
			"rotation": {"angle": 0, "axis": "y", "origin": [0, -2.5, 7]},
			"faces": {
				"north": {"uv": [0, 0, 4, 4], "texture": "#0"},
				"east": {"uv": [0, 0, 4, 4], "texture": "#0"},
				"south": {"uv": [0, 0, 4, 4], "texture": "#0"},
				"west": {"uv": [0, 0, 4, 4], "texture": "#0"},
				"up": {"uv": [0, 0, 4, 4], "texture": "#0"},
				"down": {"uv": [0, 0, 4, 4], "texture": "#0"}
			}
		},
		{
			"from": [7.1, 3.95446, 12.17268],
			"to": [8.9, 4.95446, 12.67268],
			"rotation": {"angle": 45, "axis": "x", "origin": [8, 3.70446, 14.02268]},
			"faces": {
				"north": {"uv": [0, 0, 4, 4], "rotation": 180, "texture": "#0"},
				"east": {"uv": [0, 0, 4, 4], "rotation": 180, "texture": "#0"},
				"south": {"uv": [0, 0, 4, 4], "rotation": 180, "texture": "#0"},
				"west": {"uv": [0, 0, 4, 4], "rotation": 180, "texture": "#0"},
				"up": {"uv": [0, 0, 4, 4], "rotation": 180, "texture": "#0"},
				"down": {"uv": [0, 0, 4, 4], "rotation": 180, "texture": "#0"}
			}
		},
		{
			"from": [7.1, 3.37474, 14.02875],
			"to": [8.9, 3.87474, 15.02875],
			"rotation": {"angle": 45, "axis": "x", "origin": [8, 5.22474, 14.12875]},
			"faces": {
				"north": {"uv": [0, 0, 4, 4], "rotation": 90, "texture": "#0"},
				"east": {"uv": [0, 0, 4, 4], "rotation": 90, "texture": "#0"},
				"south": {"uv": [0, 0, 4, 4], "rotation": 90, "texture": "#0"},
				"west": {"uv": [0, 0, 4, 4], "rotation": 90, "texture": "#0"},
				"up": {"uv": [0, 0, 4, 4], "rotation": 90, "texture": "#0"},
				"down": {"uv": [0, 0, 4, 4], "rotation": 90, "texture": "#0"}
			}
		},
		{
			"from": [7.4, 3.2802, 13.457],
			"to": [8.6, 3.7802, 14.817],
			"rotation": {"angle": 0, "axis": "x", "origin": [8, 3.5302, 13.957]},
			"faces": {
				"north": {"uv": [0, 0, 4, 4], "rotation": 90, "texture": "#0"},
				"east": {"uv": [0, 0, 4, 4], "rotation": 90, "texture": "#0"},
				"south": {"uv": [0, 0, 4, 4], "rotation": 90, "texture": "#0"},
				"west": {"uv": [0, 0, 4, 4], "rotation": 90, "texture": "#0"},
				"up": {"uv": [0, 0, 4, 4], "rotation": 90, "texture": "#0"},
				"down": {"uv": [0, 0, 4, 4], "rotation": 90, "texture": "#0"}
			}
		},
		{
			"from": [7.1, 4.32474, 15.47875],
			"to": [8.9, 5.32474, 15.97875],
			"rotation": {"angle": 45, "axis": "x", "origin": [8, 5.22474, 14.12875]},
			"faces": {
				"north": {"uv": [0, 0, 4, 4], "texture": "#0"},
				"east": {"uv": [0, 0, 4, 4], "texture": "#0"},
				"south": {"uv": [0, 0, 4, 4], "texture": "#0"},
				"west": {"uv": [0, 0, 4, 4], "texture": "#0"},
				"up": {"uv": [0, 0, 4, 4], "texture": "#0"},
				"down": {"uv": [0, 0, 4, 4], "texture": "#0"}
			}
		},
		{
			"from": [7.1, 3.15962, 14.71967],
			"to": [8.9, 3.85962, 15.31967],
			"rotation": {"angle": -45, "axis": "x", "origin": [8, 3.85962, 15.26967]},
			"faces": {
				"north": {"uv": [0, 0, 4, 4], "texture": "#0"},
				"east": {"uv": [0, 0, 4, 4], "texture": "#0"},
				"south": {"uv": [0, 0, 4, 4], "texture": "#0"},
				"west": {"uv": [0, 0, 4, 4], "texture": "#0"},
				"up": {"uv": [0, 0, 4, 4], "texture": "#0"},
				"down": {"uv": [0, 0, 4, 4], "texture": "#0"}
			}
		},
		{
			"from": [7.1, 5.27474, 15.72875],
			"to": [8.9, 5.87474, 16.92875],
			"rotation": {"angle": 45, "axis": "x", "origin": [8, 5.22474, 13.72875]},
			"faces": {
				"north": {"uv": [0, 0, 4, 4], "rotation": 90, "texture": "#0"},
				"east": {"uv": [0, 0, 4, 4], "rotation": 90, "texture": "#0"},
				"south": {"uv": [0, 0, 4, 4], "rotation": 90, "texture": "#0"},
				"west": {"uv": [0, 0, 4, 4], "rotation": 90, "texture": "#0"},
				"up": {"uv": [0, 0, 4, 4], "rotation": 90, "texture": "#0"},
				"down": {"uv": [0, 0, 4, 4], "rotation": 90, "texture": "#0"}
			}
		},
		{
			"from": [7.4, 3.64746, 15.56365],
			"to": [8.6, 4.24746, 19.66365],
			"rotation": {"angle": -22.5, "axis": "x", "origin": [8, 4.14746, 18.46365]},
			"faces": {
				"north": {"uv": [0, 0, 4, 4], "texture": "#0"},
				"east": {"uv": [0, 0, 4, 4], "texture": "#0"},
				"south": {"uv": [0, 0, 4, 4], "texture": "#0"},
				"west": {"uv": [0, 0, 4, 4], "texture": "#0"},
				"up": {"uv": [0, 0, 4, 4], "texture": "#0"},
				"down": {"uv": [0, 0, 4, 4], "texture": "#0"}
			}
		},
		{
			"from": [7.1, 6.32474, 17.27875],
			"to": [8.9, 7.32474, 17.77875],
			"rotation": {"angle": 45, "axis": "x", "origin": [8, 5.22474, 13.72875]},
			"faces": {
				"north": {"uv": [0, 0, 4, 4], "texture": "#0"},
				"east": {"uv": [0, 0, 4, 4], "texture": "#0"},
				"south": {"uv": [0, 0, 4, 4], "texture": "#0"},
				"west": {"uv": [0, 0, 4, 4], "texture": "#0"},
				"up": {"uv": [0, 0, 4, 4], "texture": "#0"},
				"down": {"uv": [0, 0, 4, 4], "texture": "#0"}
			}
		},
		{
			"from": [7.4, 2.83934, 16.5807],
			"to": [8.6, 3.33934, 18.0807],
			"rotation": {"angle": 0, "axis": "y", "origin": [8, 5.43934, 17.91066]},
			"faces": {
				"north": {"uv": [0, 0, 4, 4], "texture": "#0"},
				"east": {"uv": [0, 0, 4, 4], "texture": "#0"},
				"south": {"uv": [0, 0, 4, 4], "texture": "#0"},
				"west": {"uv": [0, 0, 4, 4], "texture": "#0"},
				"up": {"uv": [0, 0, 4, 4], "texture": "#0"},
				"down": {"uv": [0, 0, 4, 4], "texture": "#0"}
			}
		},
		{
			"from": [7.1, 3.13934, 15.66066],
			"to": [8.9, 3.53934, 17.26066],
			"rotation": {"angle": 0, "axis": "y", "origin": [8, 5.43934, 17.51066]},
			"faces": {
				"north": {"uv": [0, 0, 4, 4], "texture": "#0"},
				"east": {"uv": [0, 0, 4, 4], "texture": "#0"},
				"south": {"uv": [0, 0, 4, 4], "texture": "#0"},
				"west": {"uv": [0, 0, 4, 4], "texture": "#0"},
				"up": {"uv": [0, 0, 4, 4], "texture": "#0"},
				"down": {"uv": [0, 0, 4, 4], "texture": "#0"}
			}
		},
		{
			"from": [7.4, 2.57574, 15.67574],
			"to": [8.6, 3.37574, 15.97574],
			"rotation": {"angle": 0, "axis": "y", "origin": [8, 5.67574, 17.52574]},
			"faces": {
				"north": {"uv": [0, 0, 4, 4], "texture": "#0"},
				"east": {"uv": [0, 0, 4, 4], "texture": "#0"},
				"south": {"uv": [0, 0, 4, 4], "texture": "#0"},
				"west": {"uv": [0, 0, 4, 4], "texture": "#0"},
				"up": {"uv": [0, 0, 4, 4], "texture": "#0"},
				"down": {"uv": [0, 0, 4, 4], "texture": "#0"}
			}
		},
		{
			"from": [7.4, 2.57574, 15.37574],
			"to": [8.6, 5.37574, 15.67574],
			"rotation": {"angle": 0, "axis": "y", "origin": [0, 0.17574, 6.97574]},
			"faces": {
				"north": {"uv": [0, 0, 4, 4], "texture": "#0"},
				"east": {"uv": [0, 0, 4, 4], "texture": "#0"},
				"south": {"uv": [0, 0, 4, 4], "texture": "#0"},
				"west": {"uv": [0, 0, 4, 4], "texture": "#0"},
				"up": {"uv": [0, 0, 4, 4], "texture": "#0"},
				"down": {"uv": [0, 0, 4, 4], "texture": "#0"}
			}
		},
		{
			"from": [6.9, 2.53934, 22.16066],
			"to": [9.1, 6.53934, 23.66066],
			"rotation": {"angle": 0, "axis": "y", "origin": [0.2, -2.26066, 7.06066]},
			"faces": {
				"north": {"uv": [12, 0, 16, 4], "texture": "#0"},
				"east": {"uv": [12, 0, 16, 4], "texture": "#0"},
				"south": {"uv": [12, 0, 16, 4], "texture": "#0"},
				"west": {"uv": [12, 0, 16, 4], "texture": "#0"},
				"up": {"uv": [12, 0, 16, 4], "texture": "#0"},
				"down": {"uv": [12, 0, 16, 4], "texture": "#0"}
			}
		},
		{
			"from": [6.9, 5.33934, 20.86066],
			"to": [7.1, 6.33934, 22.16066],
			"rotation": {"angle": 0, "axis": "y", "origin": [8, 5.43934, 17.91066]},
			"faces": {
				"north": {"uv": [15, 0, 16, 1], "texture": "#0"},
				"east": {"uv": [15, 0, 16, 1], "texture": "#0"},
				"south": {"uv": [15, 0, 16, 1], "texture": "#0"},
				"west": {"uv": [15, 0, 16, 1], "texture": "#0"},
				"up": {"uv": [15, 0, 16, 1], "texture": "#0"},
				"down": {"uv": [15, 0, 16, 1], "texture": "#0"}
			}
		},
		{
			"from": [6.9, 6.33934, 18.86066],
			"to": [9.1, 6.53934, 22.16066],
			"rotation": {"angle": 0, "axis": "y", "origin": [8, 5.43934, 17.91066]},
			"faces": {
				"north": {"uv": [15, 0, 16, 1], "texture": "#0"},
				"east": {"uv": [15, 0, 16, 1], "texture": "#0"},
				"south": {"uv": [15, 0, 16, 1], "texture": "#0"},
				"west": {"uv": [15, 0, 16, 1], "texture": "#0"},
				"up": {"uv": [15, 0, 16, 1], "texture": "#0"},
				"down": {"uv": [15, 0, 16, 1], "texture": "#0"}
			}
		},
		{
			"from": [8.9, 5.33934, 20.86066],
			"to": [9.1, 6.33934, 22.16066],
			"rotation": {"angle": 0, "axis": "y", "origin": [8, 5.43934, 17.91066]},
			"faces": {
				"north": {"uv": [15, 0, 16, 1], "texture": "#0"},
				"east": {"uv": [15, 0, 16, 1], "texture": "#0"},
				"south": {"uv": [15, 0, 16, 1], "texture": "#0"},
				"west": {"uv": [15, 0, 16, 1], "texture": "#0"},
				"up": {"uv": [15, 0, 16, 1], "texture": "#0"},
				"down": {"uv": [15, 0, 16, 1], "texture": "#0"}
			}
		},
		{
			"from": [6.9, 5.83934, 1.96066],
			"to": [7.1, 6.23934, 2.36066],
			"rotation": {"angle": 0, "axis": "y", "origin": [8, 5.43934, 17.91066]},
			"faces": {
				"north": {"uv": [15, 0, 16, 1], "texture": "#0"},
				"east": {"uv": [15, 0, 16, 1], "texture": "#0"},
				"south": {"uv": [15, 0, 16, 1], "texture": "#0"},
				"west": {"uv": [12, 12, 16, 16], "texture": "#0"},
				"up": {"uv": [15, 0, 16, 1], "texture": "#0"},
				"down": {"uv": [15, 0, 16, 1], "texture": "#0"}
			}
		},
		{
			"from": [6.9, 5.83934, 3.96066],
			"to": [7.1, 6.23934, 4.36066],
			"rotation": {"angle": 0, "axis": "y", "origin": [8, 5.43934, 17.91066]},
			"faces": {
				"north": {"uv": [15, 0, 16, 1], "texture": "#0"},
				"east": {"uv": [15, 0, 16, 1], "texture": "#0"},
				"south": {"uv": [15, 0, 16, 1], "texture": "#0"},
				"west": {"uv": [12, 12, 16, 16], "texture": "#0"},
				"up": {"uv": [15, 0, 16, 1], "texture": "#0"},
				"down": {"uv": [15, 0, 16, 1], "texture": "#0"}
			}
		},
		{
			"from": [6.9, 5.03934, 12.76066],
			"to": [7.1, 5.43934, 13.16066],
			"rotation": {"angle": 0, "axis": "y", "origin": [8, 5.43934, 17.91066]},
			"faces": {
				"north": {"uv": [15, 0, 16, 1], "texture": "#0"},
				"east": {"uv": [15, 0, 16, 1], "texture": "#0"},
				"south": {"uv": [15, 0, 16, 1], "texture": "#0"},
				"west": {"uv": [12, 12, 16, 16], "texture": "#0"},
				"up": {"uv": [15, 0, 16, 1], "texture": "#0"},
				"down": {"uv": [15, 0, 16, 1], "texture": "#0"}
			}
		},
		{
			"from": [6.9, 5.13934, 15.06066],
			"to": [7.1, 5.53934, 15.46066],
			"rotation": {"angle": 0, "axis": "y", "origin": [8, 5.43934, 17.91066]},
			"faces": {
				"north": {"uv": [15, 0, 16, 1], "texture": "#0"},
				"east": {"uv": [15, 0, 16, 1], "texture": "#0"},
				"south": {"uv": [15, 0, 16, 1], "texture": "#0"},
				"west": {"uv": [12, 12, 16, 16], "texture": "#0"},
				"up": {"uv": [15, 0, 16, 1], "texture": "#0"},
				"down": {"uv": [15, 0, 16, 1], "texture": "#0"}
			}
		},
		{
			"from": [6.9, 5.63934, 19.06066],
			"to": [7.1, 6.03934, 19.46066],
			"rotation": {"angle": 0, "axis": "y", "origin": [8, 5.43934, 17.91066]},
			"faces": {
				"north": {"uv": [15, 0, 16, 1], "texture": "#0"},
				"east": {"uv": [15, 0, 16, 1], "texture": "#0"},
				"south": {"uv": [15, 0, 16, 1], "texture": "#0"},
				"west": {"uv": [12, 12, 16, 16], "texture": "#0"},
				"up": {"uv": [15, 0, 16, 1], "texture": "#0"},
				"down": {"uv": [15, 0, 16, 1], "texture": "#0"}
			}
		},
		{
			"from": [6.9, 5.63934, 19.96066],
			"to": [7.1, 6.03934, 20.36066],
			"rotation": {"angle": 0, "axis": "y", "origin": [8, 5.43934, 17.91066]},
			"faces": {
				"north": {"uv": [15, 0, 16, 1], "texture": "#0"},
				"east": {"uv": [15, 0, 16, 1], "texture": "#0"},
				"south": {"uv": [15, 0, 16, 1], "texture": "#0"},
				"west": {"uv": [12, 12, 16, 16], "texture": "#0"},
				"up": {"uv": [15, 0, 16, 1], "texture": "#0"},
				"down": {"uv": [15, 0, 16, 1], "texture": "#0"}
			}
		},
		{
			"from": [6.9, 3.53934, 21.46066],
			"to": [7.1, 3.93934, 21.86066],
			"rotation": {"angle": 0, "axis": "y", "origin": [8, 5.43934, 17.91066]},
			"faces": {
				"north": {"uv": [15, 0, 16, 1], "texture": "#0"},
				"east": {"uv": [15, 0, 16, 1], "texture": "#0"},
				"south": {"uv": [15, 0, 16, 1], "texture": "#0"},
				"west": {"uv": [12, 12, 16, 16], "texture": "#0"},
				"up": {"uv": [15, 0, 16, 1], "texture": "#0"},
				"down": {"uv": [15, 0, 16, 1], "texture": "#0"}
			}
		},
		{
			"from": [8.9, 5.83934, 1.96066],
			"to": [9.1, 6.23934, 2.36066],
			"rotation": {"angle": 0, "axis": "y", "origin": [8, 5.43934, 17.91066]},
			"faces": {
				"north": {"uv": [15, 0, 16, 1], "texture": "#0"},
				"east": {"uv": [12, 12, 16, 16], "texture": "#0"},
				"south": {"uv": [15, 0, 16, 1], "texture": "#0"},
				"west": {"uv": [15, 0, 16, 1], "texture": "#0"},
				"up": {"uv": [15, 0, 16, 1], "texture": "#0"},
				"down": {"uv": [15, 0, 16, 1], "texture": "#0"}
			}
		},
		{
			"from": [8.9, 5.83934, 3.96066],
			"to": [9.1, 6.23934, 4.36066],
			"rotation": {"angle": 0, "axis": "y", "origin": [8, 5.43934, 17.91066]},
			"faces": {
				"north": {"uv": [15, 0, 16, 1], "texture": "#0"},
				"east": {"uv": [12, 12, 16, 16], "texture": "#0"},
				"south": {"uv": [15, 0, 16, 1], "texture": "#0"},
				"west": {"uv": [15, 0, 16, 1], "texture": "#0"},
				"up": {"uv": [15, 0, 16, 1], "texture": "#0"},
				"down": {"uv": [15, 0, 16, 1], "texture": "#0"}
			}
		},
		{
			"from": [8.9, 5.03934, 12.76066],
			"to": [9.1, 5.43934, 13.16066],
			"rotation": {"angle": 0, "axis": "y", "origin": [8, 5.43934, 17.91066]},
			"faces": {
				"north": {"uv": [15, 0, 16, 1], "texture": "#0"},
				"east": {"uv": [12, 12, 16, 16], "texture": "#0"},
				"south": {"uv": [15, 0, 16, 1], "texture": "#0"},
				"west": {"uv": [15, 0, 16, 1], "texture": "#0"},
				"up": {"uv": [15, 0, 16, 1], "texture": "#0"},
				"down": {"uv": [15, 0, 16, 1], "texture": "#0"}
			}
		},
		{
			"from": [8.9, 5.13934, 15.06066],
			"to": [9.1, 5.53934, 15.46066],
			"rotation": {"angle": 0, "axis": "y", "origin": [8, 5.43934, 17.91066]},
			"faces": {
				"north": {"uv": [15, 0, 16, 1], "texture": "#0"},
				"east": {"uv": [12, 12, 16, 16], "texture": "#0"},
				"south": {"uv": [15, 0, 16, 1], "texture": "#0"},
				"west": {"uv": [15, 0, 16, 1], "texture": "#0"},
				"up": {"uv": [15, 0, 16, 1], "texture": "#0"},
				"down": {"uv": [15, 0, 16, 1], "texture": "#0"}
			}
		},
		{
			"from": [8.9, 5.63934, 19.06066],
			"to": [9.1, 6.03934, 19.46066],
			"rotation": {"angle": 0, "axis": "y", "origin": [8, 5.43934, 17.91066]},
			"faces": {
				"north": {"uv": [15, 0, 16, 1], "texture": "#0"},
				"east": {"uv": [12, 12, 16, 16], "texture": "#0"},
				"south": {"uv": [15, 0, 16, 1], "texture": "#0"},
				"west": {"uv": [15, 0, 16, 1], "texture": "#0"},
				"up": {"uv": [15, 0, 16, 1], "texture": "#0"},
				"down": {"uv": [15, 0, 16, 1], "texture": "#0"}
			}
		},
		{
			"from": [8.9, 5.63934, 19.96066],
			"to": [9.1, 6.03934, 20.36066],
			"rotation": {"angle": 0, "axis": "y", "origin": [8, 5.43934, 17.91066]},
			"faces": {
				"north": {"uv": [15, 0, 16, 1], "texture": "#0"},
				"east": {"uv": [12, 12, 16, 16], "texture": "#0"},
				"south": {"uv": [15, 0, 16, 1], "texture": "#0"},
				"west": {"uv": [15, 0, 16, 1], "texture": "#0"},
				"up": {"uv": [15, 0, 16, 1], "texture": "#0"},
				"down": {"uv": [15, 0, 16, 1], "texture": "#0"}
			}
		},
		{
			"from": [8.9, 3.53934, 21.46066],
			"to": [9.1, 3.93934, 21.86066],
			"rotation": {"angle": 0, "axis": "y", "origin": [8, 5.43934, 17.91066]},
			"faces": {
				"north": {"uv": [15, 0, 16, 1], "texture": "#0"},
				"east": {"uv": [12, 12, 16, 16], "texture": "#0"},
				"south": {"uv": [15, 0, 16, 1], "texture": "#0"},
				"west": {"uv": [15, 0, 16, 1], "texture": "#0"},
				"up": {"uv": [15, 0, 16, 1], "texture": "#0"},
				"down": {"uv": [15, 0, 16, 1], "texture": "#0"}
			}
		},
		{
			"from": [7.4, 3.4, 9.8],
			"to": [8.6, 6.8, 12.7],
			"rotation": {"angle": 0, "axis": "y", "origin": [0, -2.1, 7]},
			"faces": {
				"north": {"uv": [12, 0, 16, 4], "texture": "#0"},
				"east": {"uv": [12, 0, 16, 4], "texture": "#0"},
				"south": {"uv": [12, 0, 16, 4], "texture": "#0"},
				"west": {"uv": [12, 0, 16, 4], "texture": "#0"},
				"up": {"uv": [12, 0, 16, 4], "texture": "#0"},
				"down": {"uv": [12, 0, 16, 4], "texture": "#0"}
			}
		},
		{
			"from": [7.3, 2.79162, 9.3385],
			"to": [8.7, 3.19162, 10.4585],
			"rotation": {"angle": 22.5, "axis": "x", "origin": [8, 2.99162, 10.90855]},
			"faces": {
				"north": {"uv": [12, 0, 16, 4], "texture": "#0"},
				"east": {"uv": [12, 0, 16, 4], "texture": "#0"},
				"south": {"uv": [12, 0, 16, 4], "texture": "#0"},
				"west": {"uv": [12, 0, 16, 4], "texture": "#0"},
				"up": {"uv": [12, 0, 16, 4], "texture": "#0"},
				"down": {"uv": [12, 0, 16, 4], "texture": "#0"}
			}
		},
		{
			"from": [7.3, 2.97905, 10.41627],
			"to": [8.7, 3.47905, 12.91627],
			"rotation": {"angle": 0, "axis": "x", "origin": [8, 3.17905, 11.96627]},
			"faces": {
				"north": {"uv": [12, 0, 16, 4], "texture": "#0"},
				"east": {"uv": [12, 0, 16, 4], "texture": "#0"},
				"south": {"uv": [12, 0, 16, 4], "texture": "#0"},
				"west": {"uv": [12, 0, 16, 4], "texture": "#0"},
				"up": {"uv": [12, 0, 16, 4], "texture": "#0"},
				"down": {"uv": [12, 0, 16, 4], "texture": "#0"}
			}
		},
		{
			"from": [7.8, 4.9, -3.1],
			"to": [8.2, 5.3, 3.6],
			"rotation": {"angle": 0, "axis": "y", "origin": [0, 0, 1]},
			"faces": {
				"north": {"uv": [15, 0, 16, 1], "texture": "#0"},
				"east": {"uv": [15, 0, 16, 1], "texture": "#0"},
				"south": {"uv": [15, 0, 16, 1], "texture": "#0"},
				"west": {"uv": [15, 0, 16, 1], "texture": "#0"},
				"up": {"uv": [15, 0, 16, 1], "texture": "#0"},
				"down": {"uv": [15, 0, 16, 1], "texture": "#0"}
			}
		},
		{
			"from": [7, 6.7, 1.9],
			"to": [7.1, 6.8, 5.6],
			"rotation": {"angle": 0, "axis": "y", "origin": [0, 0, 1]},
			"faces": {
				"north": {"uv": [8, 12, 12, 16], "texture": "#0"},
				"east": {"uv": [8, 12, 12, 16], "texture": "#0"},
				"south": {"uv": [8, 12, 12, 16], "texture": "#0"},
				"west": {"uv": [8, 12, 12, 16], "texture": "#0"},
				"up": {"uv": [8, 12, 12, 16], "texture": "#0"},
				"down": {"uv": [8, 12, 12, 16], "texture": "#0"}
			}
		},
		{
			"from": [8.9, 6.4, 1.9],
			"to": [9, 6.5, 5.6],
			"rotation": {"angle": 0, "axis": "y", "origin": [0, 0, 1]},
			"faces": {
				"north": {"uv": [8, 12, 12, 16], "texture": "#0"},
				"east": {"uv": [8, 12, 12, 16], "texture": "#0"},
				"south": {"uv": [8, 12, 12, 16], "texture": "#0"},
				"west": {"uv": [8, 12, 12, 16], "texture": "#0"},
				"up": {"uv": [8, 12, 12, 16], "texture": "#0"},
				"down": {"uv": [8, 12, 12, 16], "texture": "#0"}
			}
		},
		{
			"from": [8.9, 6.7, 1.9],
			"to": [9, 6.8, 5.6],
			"rotation": {"angle": 0, "axis": "y", "origin": [0, 0, 1]},
			"faces": {
				"north": {"uv": [8, 12, 12, 16], "texture": "#0"},
				"east": {"uv": [8, 12, 12, 16], "texture": "#0"},
				"south": {"uv": [8, 12, 12, 16], "texture": "#0"},
				"west": {"uv": [8, 12, 12, 16], "texture": "#0"},
				"up": {"uv": [8, 12, 12, 16], "texture": "#0"},
				"down": {"uv": [8, 12, 12, 16], "texture": "#0"}
			}
		},
		{
			"from": [7, 6.4, 1.9],
			"to": [7.1, 6.5, 5.6],
			"rotation": {"angle": 0, "axis": "y", "origin": [0, 0, 1]},
			"faces": {
				"north": {"uv": [8, 12, 12, 16], "texture": "#0"},
				"east": {"uv": [8, 12, 12, 16], "texture": "#0"},
				"south": {"uv": [8, 12, 12, 16], "texture": "#0"},
				"west": {"uv": [8, 12, 12, 16], "texture": "#0"},
				"up": {"uv": [8, 12, 12, 16], "texture": "#0"},
				"down": {"uv": [8, 12, 12, 16], "texture": "#0"}
			}
		},
		{
			"from": [7.7, 4.8, -3.7],
			"to": [8.3, 5.4, -3.1],
			"rotation": {"angle": 0, "axis": "y", "origin": [0, 0, 1]},
			"faces": {
				"north": {"uv": [15, 4, 16, 5], "texture": "#0"},
				"east": {"uv": [15, 4, 16, 5], "texture": "#0"},
				"south": {"uv": [15, 4, 16, 5], "texture": "#0"},
				"west": {"uv": [15, 4, 16, 5], "texture": "#0"},
				"up": {"uv": [15, 4, 16, 5], "texture": "#0"},
				"down": {"uv": [15, 4, 16, 5], "texture": "#0"}
			}
		},
		{
			"from": [7.4, 4.8, 2.3],
			"to": [8.6, 5.4, 2.9],
			"rotation": {"angle": 0, "axis": "y", "origin": [0, 0, 1]},
			"faces": {
				"north": {"uv": [15, 0, 16, 1], "texture": "#0"},
				"east": {"uv": [15, 0, 16, 1], "texture": "#0"},
				"south": {"uv": [15, 0, 16, 1], "texture": "#0"},
				"west": {"uv": [15, 0, 16, 1], "texture": "#0"},
				"up": {"uv": [15, 0, 16, 1], "texture": "#0"},
				"down": {"uv": [15, 0, 16, 1], "texture": "#0"}
			}
		},
		{
			"from": [7.4, 4.8, 3.2],
			"to": [8.6, 5.4, 3.8],
			"rotation": {"angle": 0, "axis": "y", "origin": [0, 0, 1]},
			"faces": {
				"north": {"uv": [15, 0, 16, 1], "texture": "#0"},
				"east": {"uv": [15, 0, 16, 1], "texture": "#0"},
				"south": {"uv": [15, 0, 16, 1], "texture": "#0"},
				"west": {"uv": [15, 0, 16, 1], "texture": "#0"},
				"up": {"uv": [15, 0, 16, 1], "texture": "#0"},
				"down": {"uv": [15, 0, 16, 1], "texture": "#0"}
			}
		},
		{
			"from": [7.4, 4.8, 1.4],
			"to": [8.6, 5.4, 2],
			"rotation": {"angle": 0, "axis": "y", "origin": [0, 0, 1]},
			"faces": {
				"north": {"uv": [15, 0, 16, 1], "texture": "#0"},
				"east": {"uv": [15, 0, 16, 1], "texture": "#0"},
				"south": {"uv": [15, 0, 16, 1], "texture": "#0"},
				"west": {"uv": [15, 0, 16, 1], "texture": "#0"},
				"up": {"uv": [15, 0, 16, 1], "texture": "#0"},
				"down": {"uv": [15, 0, 16, 1], "texture": "#0"}
			}
		},
		{
			"from": [7.6, 6.6, -16],
			"to": [8.4, 7.4, 13.7],
			"rotation": {"angle": 0, "axis": "y", "origin": [0, 0, 1]},
			"faces": {
				"north": {"uv": [12, 4, 16, 8], "texture": "#0"},
				"east": {"uv": [15, 4, 16, 5], "texture": "#0"},
				"south": {"uv": [15, 4, 16, 5], "texture": "#0"},
				"west": {"uv": [15, 4, 16, 5], "texture": "#0"},
				"up": {"uv": [15, 4, 16, 5], "texture": "#0"},
				"down": {"uv": [15, 4, 16, 5], "texture": "#0"}
			}
		},
		{
			"from": [7.2, 7, 7.7],
			"to": [8.8, 7.6, 14.8],
			"faces": {
				"north": {"uv": [15, 0, 16, 1], "texture": "#0"},
				"east": {"uv": [15, 0, 16, 1], "texture": "#0"},
				"south": {"uv": [15, 0, 16, 1], "texture": "#0"},
				"west": {"uv": [15, 0, 16, 1], "texture": "#0"},
				"up": {"uv": [15, 0, 16, 1], "texture": "#0"},
				"down": {"uv": [15, 0, 16, 1], "texture": "#0"}
			}
		},
		{
			"from": [8.3, 6.9, 14.8],
			"to": [9, 7.2, 15.1],
			"rotation": {"angle": 0, "axis": "y", "origin": [-0.2, -0.2, 0]},
			"faces": {
				"north": {"uv": [15, 4, 16, 5], "texture": "#0"},
				"east": {"uv": [15, 4, 16, 5], "texture": "#0"},
				"south": {"uv": [15, 4, 16, 5], "texture": "#0"},
				"west": {"uv": [15, 4, 16, 5], "texture": "#0"},
				"up": {"uv": [15, 4, 16, 5], "texture": "#0"},
				"down": {"uv": [15, 4, 16, 5], "texture": "#0"}
			}
		},
		{
			"from": [7.4, 7.6, 8.5],
			"to": [8.7, 7.9, 14],
			"faces": {
				"north": {"uv": [15, 0, 16, 1], "texture": "#0"},
				"east": {"uv": [15, 0, 16, 1], "texture": "#0"},
				"south": {"uv": [15, 0, 16, 1], "texture": "#0"},
				"west": {"uv": [15, 0, 16, 1], "texture": "#0"},
				"up": {"uv": [15, 0, 16, 1], "texture": "#0"},
				"down": {"uv": [15, 0, 16, 1], "texture": "#0"}
			}
		},
		{
			"from": [7.4, 7.9, 12.6],
			"to": [7.8, 8.3, 13],
			"faces": {
				"north": {"uv": [15, 0, 16, 1], "texture": "#0"},
				"east": {"uv": [15, 0, 16, 1], "texture": "#0"},
				"south": {"uv": [15, 0, 16, 1], "texture": "#0"},
				"west": {"uv": [15, 0, 16, 1], "texture": "#0"},
				"up": {"uv": [15, 0, 16, 1], "texture": "#0"},
				"down": {"uv": [15, 0, 16, 1], "texture": "#0"}
			}
		},
		{
			"from": [8.3, 7.9, 12.6],
			"to": [8.7, 8.3, 13],
			"faces": {
				"north": {"uv": [15, 0, 16, 1], "texture": "#0"},
				"east": {"uv": [15, 0, 16, 1], "texture": "#0"},
				"south": {"uv": [15, 0, 16, 1], "texture": "#0"},
				"west": {"uv": [15, 0, 16, 1], "texture": "#0"},
				"up": {"uv": [15, 0, 16, 1], "texture": "#0"},
				"down": {"uv": [15, 0, 16, 1], "texture": "#0"}
			}
		},
		{
			"from": [7.5, 8.3, 9.3],
			"to": [8.6, 8.7, 9.7],
			"faces": {
				"north": {"uv": [15, 0, 16, 1], "texture": "#0"},
				"east": {"uv": [15, 0, 16, 1], "texture": "#0"},
				"south": {"uv": [15, 0, 16, 1], "texture": "#0"},
				"west": {"uv": [15, 0, 16, 1], "texture": "#0"},
				"up": {"uv": [15, 0, 16, 1], "texture": "#0"},
				"down": {"uv": [15, 0, 16, 1], "texture": "#0"}
			}
		},
		{
			"from": [7.5, 8.3, 12.6],
			"to": [8.6, 8.7, 13],
			"faces": {
				"north": {"uv": [15, 0, 16, 1], "texture": "#0"},
				"east": {"uv": [15, 0, 16, 1], "texture": "#0"},
				"south": {"uv": [15, 0, 16, 1], "texture": "#0"},
				"west": {"uv": [15, 0, 16, 1], "texture": "#0"},
				"up": {"uv": [15, 0, 16, 1], "texture": "#0"},
				"down": {"uv": [15, 0, 16, 1], "texture": "#0"}
			}
		},
		{
			"from": [7.3, 8.7, 12.5],
			"to": [8.8, 8.9, 13.1],
			"faces": {
				"north": {"uv": [15, 0, 16, 1], "texture": "#0"},
				"east": {"uv": [15, 0, 16, 1], "texture": "#0"},
				"south": {"uv": [15, 0, 16, 1], "texture": "#0"},
				"west": {"uv": [15, 0, 16, 1], "texture": "#0"},
				"up": {"uv": [15, 0, 16, 1], "texture": "#0"},
				"down": {"uv": [15, 0, 16, 1], "texture": "#0"}
			}
		},
		{
			"from": [8.5, 8.9, 9.1],
			"to": [8.7, 9.7, 9.9],
			"rotation": {"angle": 0, "axis": "y", "origin": [8.05, 9.35, 12.8]},
			"faces": {
				"north": {"uv": [15, 0, 16, 1], "rotation": 270, "texture": "#0"},
				"east": {"uv": [15, 0, 16, 1], "rotation": 90, "texture": "#0"},
				"south": {"uv": [15, 0, 16, 1], "rotation": 90, "texture": "#0"},
				"west": {"uv": [15, 0, 16, 1], "rotation": 90, "texture": "#0"},
				"up": {"uv": [15, 0, 16, 1], "rotation": 90, "texture": "#0"},
				"down": {"uv": [15, 0, 16, 1], "rotation": 90, "texture": "#0"}
			}
		},
		{
			"from": [7.4, 8.9, 9.1],
			"to": [7.6, 9.7, 9.9],
			"rotation": {"angle": 0, "axis": "y", "origin": [8.05, 9.35, 12.8]},
			"faces": {
				"north": {"uv": [15, 0, 16, 1], "rotation": 270, "texture": "#0"},
				"east": {"uv": [15, 0, 16, 1], "rotation": 90, "texture": "#0"},
				"south": {"uv": [15, 0, 16, 1], "rotation": 90, "texture": "#0"},
				"west": {"uv": [15, 0, 16, 1], "rotation": 90, "texture": "#0"},
				"up": {"uv": [15, 0, 16, 1], "rotation": 90, "texture": "#0"},
				"down": {"uv": [15, 0, 16, 1], "rotation": 90, "texture": "#0"}
			}
		},
		{
			"from": [7.3, 8.7, 9.2],
			"to": [8.8, 8.9, 9.8],
			"faces": {
				"north": {"uv": [15, 0, 16, 1], "texture": "#0"},
				"east": {"uv": [15, 0, 16, 1], "texture": "#0"},
				"south": {"uv": [15, 0, 16, 1], "texture": "#0"},
				"west": {"uv": [15, 0, 16, 1], "texture": "#0"},
				"up": {"uv": [15, 0, 16, 1], "texture": "#0"},
				"down": {"uv": [15, 0, 16, 1], "texture": "#0"}
			}
		},
		{
			"from": [7.4, 8.9, 12.4],
			"to": [7.6, 9.7, 13.2],
			"rotation": {"angle": 0, "axis": "z", "origin": [8.05, 9.35, 12.8]},
			"faces": {
				"north": {"uv": [15, 0, 16, 1], "rotation": 270, "texture": "#0"},
				"east": {"uv": [15, 0, 16, 1], "rotation": 90, "texture": "#0"},
				"south": {"uv": [15, 0, 16, 1], "rotation": 90, "texture": "#0"},
				"west": {"uv": [15, 0, 16, 1], "rotation": 90, "texture": "#0"},
				"up": {"uv": [15, 0, 16, 1], "rotation": 90, "texture": "#0"},
				"down": {"uv": [15, 0, 16, 1], "rotation": 90, "texture": "#0"}
			}
		},
		{
			"from": [8.5, 8.9, 12.4],
			"to": [8.7, 9.7, 13.2],
			"rotation": {"angle": 0, "axis": "z", "origin": [8.05, 9.35, 12.8]},
			"faces": {
				"north": {"uv": [15, 0, 16, 1], "rotation": 270, "texture": "#0"},
				"east": {"uv": [15, 0, 16, 1], "rotation": 90, "texture": "#0"},
				"south": {"uv": [15, 0, 16, 1], "rotation": 90, "texture": "#0"},
				"west": {"uv": [15, 0, 16, 1], "rotation": 90, "texture": "#0"},
				"up": {"uv": [15, 0, 16, 1], "rotation": 90, "texture": "#0"},
				"down": {"uv": [15, 0, 16, 1], "rotation": 90, "texture": "#0"}
			}
		},
		{
			"from": [7.4, 7.9, 9.3],
			"to": [7.8, 8.3, 9.7],
			"faces": {
				"north": {"uv": [15, 0, 16, 1], "texture": "#0"},
				"east": {"uv": [15, 0, 16, 1], "texture": "#0"},
				"south": {"uv": [15, 0, 16, 1], "texture": "#0"},
				"west": {"uv": [15, 0, 16, 1], "texture": "#0"},
				"up": {"uv": [15, 0, 16, 1], "texture": "#0"},
				"down": {"uv": [15, 0, 16, 1], "texture": "#0"}
			}
		},
		{
			"from": [8.3, 7.9, 9.3],
			"to": [8.7, 8.3, 9.7],
			"faces": {
				"north": {"uv": [15, 0, 16, 1], "texture": "#0"},
				"east": {"uv": [15, 0, 16, 1], "texture": "#0"},
				"south": {"uv": [15, 0, 16, 1], "texture": "#0"},
				"west": {"uv": [15, 0, 16, 1], "texture": "#0"},
				"up": {"uv": [15, 0, 16, 1], "texture": "#0"},
				"down": {"uv": [15, 0, 16, 1], "texture": "#0"}
			}
		},
		{
			"from": [8.8, 8.6, 5.3],
			"to": [8.9, 10.1, 7.5],
			"rotation": {"angle": 0, "axis": "y", "origin": [8.0727, 9.50205, 6.9]},
			"faces": {
				"north": {"uv": [12, 8, 16, 12], "texture": "#0"},
				"east": {"uv": [12, 8, 16, 12], "texture": "#0"},
				"south": {"uv": [12, 0, 16, 4], "texture": "#0"},
				"west": {"uv": [12, 0, 16, 4], "texture": "#0"},
				"up": {"uv": [12, 8, 16, 12], "texture": "#0"},
				"down": {"uv": [12, 8, 16, 12], "texture": "#0"}
			}
		},
		{
			"from": [7.2959, 10.1041, 5.3],
			"to": [8.7959, 10.2041, 7.5],
			"rotation": {"angle": 0, "axis": "z", "origin": [8.0727, 9.50205, 6.9]},
			"faces": {
				"north": {"uv": [12, 8, 16, 12], "rotation": 90, "texture": "#0"},
				"east": {"uv": [12, 8, 16, 12], "rotation": 90, "texture": "#0"},
				"south": {"uv": [12, 0, 16, 4], "rotation": 90, "texture": "#0"},
				"west": {"uv": [12, 8, 16, 12], "rotation": 90, "texture": "#0"},
				"up": {"uv": [12, 8, 16, 12], "rotation": 90, "texture": "#0"},
				"down": {"uv": [12, 0, 16, 4], "rotation": 90, "texture": "#0"}
			}
		},
		{
			"from": [7.2959, 8.4959, 5.3],
			"to": [8.7959, 8.5959, 7.5],
			"rotation": {"angle": 0, "axis": "z", "origin": [8.0191, 8.79795, 6.9]},
			"faces": {
				"north": {"uv": [12, 8, 16, 12], "rotation": 270, "texture": "#0"},
				"east": {"uv": [12, 8, 16, 12], "rotation": 270, "texture": "#0"},
				"south": {"uv": [12, 0, 16, 4], "rotation": 270, "texture": "#0"},
				"west": {"uv": [12, 8, 16, 12], "rotation": 270, "texture": "#0"},
				"up": {"uv": [12, 0, 16, 4], "rotation": 270, "texture": "#0"},
				"down": {"uv": [12, 8, 16, 12], "rotation": 270, "texture": "#0"}
			}
		},
		{
			"from": [7.1918, 8.6, 5.3],
			"to": [7.2918, 10.1, 7.5],
			"rotation": {"angle": 0, "axis": "z", "origin": [8.0191, 8.79795, 6.9]},
			"faces": {
				"north": {"uv": [12, 8, 16, 12], "rotation": 180, "texture": "#0"},
				"east": {"uv": [12, 0, 16, 4], "rotation": 180, "texture": "#0"},
				"south": {"uv": [12, 0, 16, 4], "rotation": 180, "texture": "#0"},
				"west": {"uv": [12, 8, 16, 12], "rotation": 180, "texture": "#0"},
				"up": {"uv": [12, 8, 16, 12], "rotation": 180, "texture": "#0"},
				"down": {"uv": [12, 8, 16, 12], "rotation": 180, "texture": "#0"}
			}
		},
		{
			"from": [7.3959, 8.64184, 7.67097],
			"to": [8.6959, 8.74184, 7.93097],
			"rotation": {"angle": -22.5, "axis": "x", "origin": [8.0459, 8.69184, 7.80097]},
			"faces": {
				"north": {"uv": [12, 0, 16, 4], "rotation": 270, "texture": "#0"},
				"east": {"uv": [12, 8, 16, 12], "rotation": 270, "texture": "#0"},
				"south": {"uv": [12, 0, 16, 4], "rotation": 270, "texture": "#0"},
				"west": {"uv": [12, 8, 16, 12], "rotation": 270, "texture": "#0"},
				"up": {"uv": [12, 0, 16, 4], "rotation": 270, "texture": "#0"},
				"down": {"uv": [12, 8, 16, 12], "rotation": 270, "texture": "#0"}
			}
		},
		{
			"from": [7.3959, 9.75916, 7.63139],
			"to": [8.6959, 9.85916, 7.89139],
			"rotation": {"angle": 22.5, "axis": "x", "origin": [8.0459, 9.80916, 8.28139]},
			"faces": {
				"north": {"uv": [12, 0, 16, 4], "rotation": 90, "texture": "#0"},
				"east": {"uv": [12, 8, 16, 12], "rotation": 90, "texture": "#0"},
				"south": {"uv": [12, 0, 16, 4], "rotation": 90, "texture": "#0"},
				"west": {"uv": [12, 8, 16, 12], "rotation": 90, "texture": "#0"},
				"up": {"uv": [12, 8, 16, 12], "rotation": 90, "texture": "#0"},
				"down": {"uv": [12, 0, 16, 4], "rotation": 90, "texture": "#0"}
			}
		},
		{
			"from": [8.60814, 8.7, 7.66184],
			"to": [8.70814, 10, 7.92184],
			"rotation": {"angle": -22.5, "axis": "y", "origin": [8.65814, 9.35, 7.91184]},
			"faces": {
				"north": {"uv": [12, 0, 16, 4], "texture": "#0"},
				"east": {"uv": [12, 8, 16, 12], "texture": "#0"},
				"south": {"uv": [12, 0, 16, 4], "texture": "#0"},
				"west": {"uv": [12, 0, 16, 4], "texture": "#0"},
				"up": {"uv": [12, 8, 16, 12], "texture": "#0"},
				"down": {"uv": [12, 8, 16, 12], "texture": "#0"}
			}
		},
		{
			"from": [7.38366, 8.7, 7.66184],
			"to": [7.48366, 10, 7.92184],
			"rotation": {"angle": 22.5, "axis": "y", "origin": [7.43366, 9.35, 7.91184]},
			"faces": {
				"north": {"uv": [12, 0, 16, 4], "rotation": 180, "texture": "#0"},
				"east": {"uv": [12, 0, 16, 4], "rotation": 180, "texture": "#0"},
				"south": {"uv": [12, 0, 16, 4], "rotation": 180, "texture": "#0"},
				"west": {"uv": [12, 8, 16, 12], "rotation": 180, "texture": "#0"},
				"up": {"uv": [12, 8, 16, 12], "rotation": 180, "texture": "#0"},
				"down": {"uv": [12, 8, 16, 12], "rotation": 180, "texture": "#0"}
			}
		},
		{
			"from": [7.2959, 8.54184, 7.47097],
			"to": [8.7959, 8.64184, 7.73097],
			"rotation": {"angle": -22.5, "axis": "x", "origin": [8.0459, 8.59184, 7.60097]},
			"faces": {
				"north": {"uv": [12, 0, 16, 4], "rotation": 270, "texture": "#0"},
				"east": {"uv": [12, 8, 16, 12], "rotation": 270, "texture": "#0"},
				"south": {"uv": [12, 0, 16, 4], "rotation": 270, "texture": "#0"},
				"west": {"uv": [12, 8, 16, 12], "rotation": 270, "texture": "#0"},
				"up": {"uv": [12, 0, 16, 4], "rotation": 270, "texture": "#0"},
				"down": {"uv": [12, 8, 16, 12], "rotation": 270, "texture": "#0"}
			}
		},
		{
			"from": [8.70814, 8.6, 7.46184],
			"to": [8.80814, 10.1, 7.72184],
			"rotation": {"angle": -22.5, "axis": "y", "origin": [8.75814, 9.35, 7.71184]},
			"faces": {
				"north": {"uv": [12, 0, 16, 4], "texture": "#0"},
				"east": {"uv": [12, 8, 16, 12], "texture": "#0"},
				"south": {"uv": [12, 0, 16, 4], "texture": "#0"},
				"west": {"uv": [12, 0, 16, 4], "texture": "#0"},
				"up": {"uv": [12, 8, 16, 12], "texture": "#0"},
				"down": {"uv": [12, 8, 16, 12], "texture": "#0"}
			}
		},
		{
			"from": [7.2959, 9.85916, 7.43139],
			"to": [8.7959, 9.95916, 7.69139],
			"rotation": {"angle": 22.5, "axis": "x", "origin": [8.0459, 9.90916, 8.08139]},
			"faces": {
				"north": {"uv": [12, 0, 16, 4], "rotation": 90, "texture": "#0"},
				"east": {"uv": [12, 8, 16, 12], "rotation": 90, "texture": "#0"},
				"south": {"uv": [12, 0, 16, 4], "rotation": 90, "texture": "#0"},
				"west": {"uv": [12, 8, 16, 12], "rotation": 90, "texture": "#0"},
				"up": {"uv": [12, 8, 16, 12], "rotation": 90, "texture": "#0"},
				"down": {"uv": [12, 0, 16, 4], "rotation": 90, "texture": "#0"}
			}
		},
		{
			"from": [7.28366, 8.6, 7.46184],
			"to": [7.38366, 10.1, 7.72184],
			"rotation": {"angle": 22.5, "axis": "y", "origin": [7.33366, 9.35, 7.71184]},
			"faces": {
				"north": {"uv": [12, 0, 16, 4], "rotation": 180, "texture": "#0"},
				"east": {"uv": [12, 0, 16, 4], "rotation": 180, "texture": "#0"},
				"south": {"uv": [12, 0, 16, 4], "rotation": 180, "texture": "#0"},
				"west": {"uv": [12, 8, 16, 12], "rotation": 180, "texture": "#0"},
				"up": {"uv": [12, 8, 16, 12], "rotation": 180, "texture": "#0"},
				"down": {"uv": [12, 8, 16, 12], "rotation": 180, "texture": "#0"}
			}
		},
		{
			"from": [7.4959, 8.74184, 7.87097],
			"to": [8.5959, 8.84184, 8.13097],
			"rotation": {"angle": -22.5, "axis": "x", "origin": [8.0459, 8.69184, 8.00097]},
			"faces": {
				"north": {"uv": [12, 0, 16, 4], "rotation": 270, "texture": "#0"},
				"east": {"uv": [12, 8, 16, 12], "rotation": 270, "texture": "#0"},
				"south": {"uv": [12, 0, 16, 4], "rotation": 270, "texture": "#0"},
				"west": {"uv": [12, 8, 16, 12], "rotation": 270, "texture": "#0"},
				"up": {"uv": [12, 0, 16, 4], "rotation": 270, "texture": "#0"},
				"down": {"uv": [12, 8, 16, 12], "rotation": 270, "texture": "#0"}
			}
		},
		{
			"from": [8.50814, 8.8, 7.86184],
			"to": [8.60814, 9.9, 8.12184],
			"rotation": {"angle": -22.5, "axis": "y", "origin": [8.65814, 9.35, 8.11184]},
			"faces": {
				"north": {"uv": [12, 0, 16, 4], "texture": "#0"},
				"east": {"uv": [12, 8, 16, 12], "texture": "#0"},
				"south": {"uv": [12, 0, 16, 4], "texture": "#0"},
				"west": {"uv": [12, 0, 16, 4], "texture": "#0"},
				"up": {"uv": [12, 8, 16, 12], "texture": "#0"},
				"down": {"uv": [12, 8, 16, 12], "texture": "#0"}
			}
		},
		{
			"from": [7.4959, 9.65916, 7.83139],
			"to": [8.5959, 9.75916, 8.09139],
			"rotation": {"angle": 22.5, "axis": "x", "origin": [8.0459, 9.80916, 8.48139]},
			"faces": {
				"north": {"uv": [12, 0, 16, 4], "rotation": 90, "texture": "#0"},
				"east": {"uv": [12, 8, 16, 12], "rotation": 90, "texture": "#0"},
				"south": {"uv": [12, 0, 16, 4], "rotation": 90, "texture": "#0"},
				"west": {"uv": [12, 8, 16, 12], "rotation": 90, "texture": "#0"},
				"up": {"uv": [12, 8, 16, 12], "rotation": 90, "texture": "#0"},
				"down": {"uv": [12, 0, 16, 4], "rotation": 90, "texture": "#0"}
			}
		},
		{
			"from": [7.48366, 8.8, 7.86184],
			"to": [7.58366, 9.9, 8.12184],
			"rotation": {"angle": 22.5, "axis": "y", "origin": [7.43366, 9.35, 8.11184]},
			"faces": {
				"north": {"uv": [12, 0, 16, 4], "rotation": 180, "texture": "#0"},
				"east": {"uv": [12, 0, 16, 4], "rotation": 180, "texture": "#0"},
				"south": {"uv": [12, 0, 16, 4], "rotation": 180, "texture": "#0"},
				"west": {"uv": [12, 8, 16, 12], "rotation": 180, "texture": "#0"},
				"up": {"uv": [12, 8, 16, 12], "rotation": 180, "texture": "#0"},
				"down": {"uv": [12, 8, 16, 12], "rotation": 180, "texture": "#0"}
			}
		},
		{
			"from": [7.5959, 8.84134, 8.01118],
			"to": [8.4959, 8.94134, 8.27118],
			"rotation": {"angle": -22.5, "axis": "x", "origin": [8.2459, 8.79134, 8.14118]},
			"faces": {
				"north": {"uv": [12, 0, 16, 4], "rotation": 270, "texture": "#0"},
				"east": {"uv": [12, 8, 16, 12], "rotation": 270, "texture": "#0"},
				"south": {"uv": [12, 0, 16, 4], "rotation": 270, "texture": "#0"},
				"west": {"uv": [12, 8, 16, 12], "rotation": 270, "texture": "#0"},
				"up": {"uv": [12, 0, 16, 4], "rotation": 270, "texture": "#0"},
				"down": {"uv": [12, 8, 16, 12], "rotation": 270, "texture": "#0"}
			}
		},
		{
			"from": [8.40864, 8.9, 8.00204],
			"to": [8.50864, 9.8, 8.26204],
			"rotation": {"angle": -22.5, "axis": "y", "origin": [8.55864, 9.55, 8.25204]},
			"faces": {
				"north": {"uv": [12, 0, 16, 4], "texture": "#0"},
				"east": {"uv": [12, 8, 16, 12], "texture": "#0"},
				"south": {"uv": [12, 0, 16, 4], "texture": "#0"},
				"west": {"uv": [12, 0, 16, 4], "texture": "#0"},
				"up": {"uv": [12, 8, 16, 12], "texture": "#0"},
				"down": {"uv": [12, 8, 16, 12], "texture": "#0"}
			}
		},
		{
			"from": [7.5959, 9.55967, 7.9716],
			"to": [8.4959, 9.65967, 8.2316],
			"rotation": {"angle": 22.5, "axis": "x", "origin": [7.9459, 9.70967, 8.6216]},
			"faces": {
				"north": {"uv": [12, 0, 16, 4], "rotation": 90, "texture": "#0"},
				"east": {"uv": [12, 8, 16, 12], "rotation": 90, "texture": "#0"},
				"south": {"uv": [12, 0, 16, 4], "rotation": 90, "texture": "#0"},
				"west": {"uv": [12, 8, 16, 12], "rotation": 90, "texture": "#0"},
				"up": {"uv": [12, 8, 16, 12], "rotation": 90, "texture": "#0"},
				"down": {"uv": [12, 0, 16, 4], "rotation": 90, "texture": "#0"}
			}
		},
		{
			"from": [7.58316, 8.9, 8.00204],
			"to": [7.68316, 9.8, 8.26204],
			"rotation": {"angle": 22.5, "axis": "y", "origin": [7.53316, 9.45, 8.25204]},
			"faces": {
				"north": {"uv": [12, 0, 16, 4], "rotation": 180, "texture": "#0"},
				"east": {"uv": [12, 0, 16, 4], "rotation": 180, "texture": "#0"},
				"south": {"uv": [12, 0, 16, 4], "rotation": 180, "texture": "#0"},
				"west": {"uv": [12, 8, 16, 12], "rotation": 180, "texture": "#0"},
				"up": {"uv": [12, 8, 16, 12], "rotation": 180, "texture": "#0"},
				"down": {"uv": [12, 8, 16, 12], "rotation": 180, "texture": "#0"}
			}
		},
		{
			"from": [8.4, 9, 8.2],
			"to": [8.5, 9.7, 13.8],
			"rotation": {"angle": 0, "axis": "y", "origin": [8.0727, 9.50205, 6.8]},
			"faces": {
				"north": {"uv": [12, 0, 16, 4], "texture": "#0"},
				"east": {"uv": [12, 8, 16, 12], "texture": "#0"},
				"south": {"uv": [12, 0, 16, 4], "texture": "#0"},
				"west": {"uv": [12, 0, 16, 4], "texture": "#0"},
				"up": {"uv": [12, 8, 16, 12], "texture": "#0"},
				"down": {"uv": [12, 8, 16, 12], "texture": "#0"}
			}
		},
		{
			"from": [7.6959, 9.7041, 8.2],
			"to": [8.3959, 9.8041, 13.8],
			"rotation": {"angle": 0, "axis": "y", "origin": [8.0727, 9.50205, 6.8]},
			"faces": {
				"north": {"uv": [12, 0, 16, 4], "rotation": 90, "texture": "#0"},
				"east": {"uv": [12, 8, 16, 12], "rotation": 90, "texture": "#0"},
				"south": {"uv": [12, 0, 16, 4], "rotation": 90, "texture": "#0"},
				"west": {"uv": [12, 8, 16, 12], "rotation": 90, "texture": "#0"},
				"up": {"uv": [12, 8, 16, 12], "rotation": 90, "texture": "#0"},
				"down": {"uv": [12, 0, 16, 4], "rotation": 90, "texture": "#0"}
			}
		},
		{
			"from": [7.6959, 8.8959, 8.2],
			"to": [8.3959, 8.9959, 13.8],
			"rotation": {"angle": 0, "axis": "y", "origin": [8.0191, 8.79795, 6.8]},
			"faces": {
				"north": {"uv": [12, 0, 16, 4], "rotation": 270, "texture": "#0"},
				"east": {"uv": [12, 8, 16, 12], "rotation": 270, "texture": "#0"},
				"south": {"uv": [12, 0, 16, 4], "rotation": 270, "texture": "#0"},
				"west": {"uv": [12, 8, 16, 12], "rotation": 270, "texture": "#0"},
				"up": {"uv": [12, 0, 16, 4], "rotation": 270, "texture": "#0"},
				"down": {"uv": [12, 8, 16, 12], "rotation": 270, "texture": "#0"}
			}
		},
		{
			"from": [7.5918, 9, 8.2],
			"to": [7.6918, 9.7, 13.8],
			"rotation": {"angle": 0, "axis": "y", "origin": [8.0191, 8.79795, 6.8]},
			"faces": {
				"north": {"uv": [12, 0, 16, 4], "rotation": 180, "texture": "#0"},
				"east": {"uv": [12, 0, 16, 4], "rotation": 180, "texture": "#0"},
				"south": {"uv": [12, 0, 16, 4], "rotation": 180, "texture": "#0"},
				"west": {"uv": [12, 8, 16, 12], "rotation": 180, "texture": "#0"},
				"up": {"uv": [12, 8, 16, 12], "rotation": 180, "texture": "#0"},
				"down": {"uv": [12, 8, 16, 12], "rotation": 180, "texture": "#0"}
			}
		},
		{
			"from": [7.3918, 8.8, 14.1627],
			"to": [7.4918, 9.9, 16.3627],
			"rotation": {"angle": 0, "axis": "y", "origin": [8.0459, 11.35, 8.88135]},
			"faces": {
				"north": {"uv": [12, 0, 16, 4], "texture": "#0"},
				"east": {"uv": [12, 0, 16, 4], "texture": "#0"},
				"south": {"uv": [12, 8, 16, 12], "texture": "#0"},
				"west": {"uv": [12, 8, 16, 12], "texture": "#0"},
				"up": {"uv": [12, 8, 16, 12], "rotation": 180, "texture": "#0"},
				"down": {"uv": [12, 8, 16, 12], "rotation": 180, "texture": "#0"}
			}
		},
		{
			"from": [7.4959, 9.9041, 14.1627],
			"to": [8.5959, 10.0041, 16.3627],
			"rotation": {"angle": 0, "axis": "y", "origin": [8.0459, 11.35, 8.88135]},
			"faces": {
				"north": {"uv": [12, 0, 16, 4], "rotation": 90, "texture": "#0"},
				"east": {"uv": [12, 8, 16, 12], "rotation": 90, "texture": "#0"},
				"south": {"uv": [12, 8, 16, 12], "rotation": 90, "texture": "#0"},
				"west": {"uv": [12, 8, 16, 12], "rotation": 90, "texture": "#0"},
				"up": {"uv": [12, 8, 16, 12], "rotation": 270, "texture": "#0"},
				"down": {"uv": [12, 0, 16, 4], "rotation": 270, "texture": "#0"}
			}
		},
		{
			"from": [7.4959, 8.6959, 14.1627],
			"to": [8.5959, 8.7959, 16.3627],
			"rotation": {"angle": 0, "axis": "y", "origin": [8.0459, 11.35, 8.88135]},
			"faces": {
				"north": {"uv": [12, 0, 16, 4], "rotation": 270, "texture": "#0"},
				"east": {"uv": [12, 8, 16, 12], "rotation": 270, "texture": "#0"},
				"south": {"uv": [12, 8, 16, 12], "rotation": 270, "texture": "#0"},
				"west": {"uv": [12, 8, 16, 12], "rotation": 270, "texture": "#0"},
				"up": {"uv": [12, 0, 16, 4], "rotation": 90, "texture": "#0"},
				"down": {"uv": [12, 8, 16, 12], "rotation": 90, "texture": "#0"}
			}
		},
		{
			"from": [8.6, 8.8, 14.1627],
			"to": [8.7, 9.9, 16.3627],
			"rotation": {"angle": 0, "axis": "y", "origin": [8.0459, 11.35, 8.88135]},
			"faces": {
				"north": {"uv": [12, 0, 16, 4], "rotation": 180, "texture": "#0"},
				"east": {"uv": [12, 8, 16, 12], "rotation": 180, "texture": "#0"},
				"south": {"uv": [12, 8, 16, 12], "rotation": 180, "texture": "#0"},
				"west": {"uv": [12, 0, 16, 4], "rotation": 180, "texture": "#0"},
				"up": {"uv": [12, 8, 16, 12], "texture": "#0"},
				"down": {"uv": [12, 8, 16, 12], "texture": "#0"}
			}
		},
		{
			"from": [7.4959, 8.74184, 13.93173],
			"to": [8.5959, 8.84184, 14.19173],
			"rotation": {"angle": 22.5, "axis": "x", "origin": [8.0459, 8.79184, 14.06173]},
			"faces": {
				"north": {"uv": [12, 0, 16, 4], "rotation": 270, "texture": "#0"},
				"east": {"uv": [12, 8, 16, 12], "rotation": 270, "texture": "#0"},
				"south": {"uv": [12, 0, 16, 4], "rotation": 270, "texture": "#0"},
				"west": {"uv": [12, 8, 16, 12], "rotation": 270, "texture": "#0"},
				"up": {"uv": [12, 0, 16, 4], "rotation": 90, "texture": "#0"},
				"down": {"uv": [12, 8, 16, 12], "rotation": 90, "texture": "#0"}
			}
		},
		{
			"from": [7.4959, 10.04518, 14.23076],
			"to": [8.5959, 10.14518, 14.49076],
			"rotation": {"angle": -22.5, "axis": "x", "origin": [8.0459, 9.25, 14.68135]},
			"faces": {
				"north": {"uv": [12, 0, 16, 4], "rotation": 90, "texture": "#0"},
				"east": {"uv": [12, 8, 16, 12], "rotation": 90, "texture": "#0"},
				"south": {"uv": [12, 0, 16, 4], "rotation": 90, "texture": "#0"},
				"west": {"uv": [12, 8, 16, 12], "rotation": 90, "texture": "#0"},
				"up": {"uv": [12, 8, 16, 12], "rotation": 270, "texture": "#0"},
				"down": {"uv": [12, 0, 16, 4], "rotation": 270, "texture": "#0"}
			}
		},
		{
			"from": [7.25072, 8.8, 14.23076],
			"to": [7.35072, 9.9, 14.49076],
			"rotation": {"angle": -22.5, "axis": "y", "origin": [8.1459, 9.35, 14.68135]},
			"faces": {
				"north": {"uv": [12, 0, 16, 4], "texture": "#0"},
				"east": {"uv": [12, 0, 16, 4], "texture": "#0"},
				"south": {"uv": [12, 0, 16, 4], "texture": "#0"},
				"west": {"uv": [12, 8, 16, 12], "texture": "#0"},
				"up": {"uv": [12, 8, 16, 12], "rotation": 180, "texture": "#0"},
				"down": {"uv": [12, 8, 16, 12], "rotation": 180, "texture": "#0"}
			}
		},
		{
			"from": [8.74108, 8.8, 14.23076],
			"to": [8.84108, 9.9, 14.49076],
			"rotation": {"angle": 22.5, "axis": "y", "origin": [7.9459, 9.35, 14.68135]},
			"faces": {
				"north": {"uv": [12, 0, 16, 4], "rotation": 180, "texture": "#0"},
				"east": {"uv": [12, 8, 16, 12], "rotation": 180, "texture": "#0"},
				"south": {"uv": [12, 0, 16, 4], "rotation": 180, "texture": "#0"},
				"west": {"uv": [12, 0, 16, 4], "rotation": 180, "texture": "#0"},
				"up": {"uv": [12, 8, 16, 12], "texture": "#0"},
				"down": {"uv": [12, 8, 16, 12], "texture": "#0"}
			}
		},
		{
			"from": [7.5959, 8.84134, 13.79152],
			"to": [8.4959, 8.94134, 14.05152],
			"rotation": {"angle": 22.5, "axis": "x", "origin": [8.1459, 8.89134, 13.92152]},
			"faces": {
				"north": {"uv": [12, 0, 16, 4], "rotation": 270, "texture": "#0"},
				"east": {"uv": [12, 8, 16, 12], "rotation": 270, "texture": "#0"},
				"south": {"uv": [12, 0, 16, 4], "rotation": 270, "texture": "#0"},
				"west": {"uv": [12, 8, 16, 12], "rotation": 270, "texture": "#0"},
				"up": {"uv": [12, 0, 16, 4], "rotation": 90, "texture": "#0"},
				"down": {"uv": [12, 8, 16, 12], "rotation": 90, "texture": "#0"}
			}
		},
		{
			"from": [7.2813, 8.9, 14.06751],
			"to": [7.3813, 9.8, 14.32751],
			"rotation": {"angle": -22.5, "axis": "y", "origin": [8.15301, 9.45, 14.70287]},
			"faces": {
				"north": {"uv": [12, 0, 16, 4], "texture": "#0"},
				"east": {"uv": [12, 0, 16, 4], "texture": "#0"},
				"south": {"uv": [12, 0, 16, 4], "texture": "#0"},
				"west": {"uv": [12, 8, 16, 12], "texture": "#0"},
				"up": {"uv": [12, 8, 16, 12], "rotation": 180, "texture": "#0"},
				"down": {"uv": [12, 8, 16, 12], "rotation": 180, "texture": "#0"}
			}
		},
		{
			"from": [7.5959, 10.0146, 14.06751],
			"to": [8.4959, 10.1146, 14.32751],
			"rotation": {"angle": -22.5, "axis": "x", "origin": [7.9459, 9.24289, 14.70287]},
			"faces": {
				"north": {"uv": [12, 0, 16, 4], "rotation": 90, "texture": "#0"},
				"east": {"uv": [12, 8, 16, 12], "rotation": 90, "texture": "#0"},
				"south": {"uv": [12, 0, 16, 4], "rotation": 90, "texture": "#0"},
				"west": {"uv": [12, 8, 16, 12], "rotation": 90, "texture": "#0"},
				"up": {"uv": [12, 8, 16, 12], "rotation": 270, "texture": "#0"},
				"down": {"uv": [12, 0, 16, 4], "rotation": 270, "texture": "#0"}
			}
		},
		{
			"from": [8.7105, 8.9, 14.06751],
			"to": [8.8105, 9.8, 14.32751],
			"rotation": {"angle": 22.5, "axis": "y", "origin": [7.93879, 9.45, 14.70287]},
			"faces": {
				"north": {"uv": [12, 0, 16, 4], "rotation": 180, "texture": "#0"},
				"east": {"uv": [12, 8, 16, 12], "rotation": 180, "texture": "#0"},
				"south": {"uv": [12, 0, 16, 4], "rotation": 180, "texture": "#0"},
				"west": {"uv": [12, 0, 16, 4], "rotation": 180, "texture": "#0"},
				"up": {"uv": [12, 8, 16, 12], "texture": "#0"},
				"down": {"uv": [12, 8, 16, 12], "texture": "#0"}
			}
		},
		{
			"from": [7.35, 8.65, 6.2],
			"to": [8.75, 10.05, 6.4],
			"rotation": {"angle": 0, "axis": "y", "origin": [6.8, 9, 5.8]},
			"faces": {
				"north": {"uv": [0, 0, 16, 16], "texture": "#1"},
				"east": {"uv": [0, 0, 16, 16], "texture": "#1"},
				"south": {"uv": [0, 0, 16, 16], "texture": "#1"},
				"west": {"uv": [0, 0, 16, 16], "texture": "#1"},
				"up": {"uv": [0, 0, 16, 16], "texture": "#1"},
				"down": {"uv": [0, 0, 16, 16], "texture": "#1"}
			}
		},
		{
			"from": [7.4418, 8.75, 14.9627],
			"to": [8.6418, 9.95, 15.5627],
			"rotation": {"angle": 0, "axis": "y", "origin": [8.0459, 11.35, 8.88135]},
			"faces": {
				"north": {"uv": [0, 0, 16, 16], "texture": "#1"},
				"east": {"uv": [0, 0, 16, 16], "texture": "#1"},
				"south": {"uv": [0, 0, 16, 16], "texture": "#1"},
				"west": {"uv": [0, 0, 16, 16], "texture": "#1"},
				"up": {"uv": [0, 0, 16, 16], "rotation": 180, "texture": "#1"},
				"down": {"uv": [0, 0, 16, 16], "rotation": 180, "texture": "#1"}
			}
		},
		{
			"from": [7.7, 4.6, 14.3],
			"to": [8.3, 5.2, 14.5],
			"faces": {
				"north": {"uv": [15.6, 4, 16, 5.2], "texture": "#0"},
				"east": {"uv": [15.6, 4, 16, 5.2], "texture": "#0"},
				"south": {"uv": [15.6, 4, 16, 5.2], "texture": "#0"},
				"west": {"uv": [15.6, 4, 16, 5.2], "texture": "#0"},
				"up": {"uv": [15.6, 4, 16, 5.2], "texture": "#0"},
				"down": {"uv": [15.6, 4, 16, 5.2], "texture": "#0"}
			}
		},
		{
			"from": [7.7, 4.0611, 14.19281],
			"to": [8.3, 4.6611, 14.39281],
			"rotation": {"angle": 22.5, "axis": "x", "origin": [8, 4.3611, 14.29281]},
			"faces": {
				"north": {"uv": [15.6, 4, 16, 5.2], "texture": "#0"},
				"east": {"uv": [15.6, 4, 16, 5.2], "texture": "#0"},
				"south": {"uv": [15.6, 4, 16, 5.2], "texture": "#0"},
				"west": {"uv": [15.6, 4, 16, 5.2], "texture": "#0"},
				"up": {"uv": [15.6, 4, 16, 5.2], "texture": "#0"},
				"down": {"uv": [15.6, 4, 16, 5.2], "texture": "#0"}
			}
		},
		{
			"from": [7.5, 6.1, 14.8],
			"to": [8.5, 7.4, 15.9],
			"faces": {
				"north": {"uv": [15, 4, 16, 5], "texture": "#0"},
				"east": {"uv": [15, 4, 16, 5], "texture": "#0"},
				"south": {"uv": [15, 4, 16, 5], "texture": "#0"},
				"west": {"uv": [15, 4, 16, 5], "texture": "#0"},
				"up": {"uv": [15, 4, 16, 5], "texture": "#0"},
				"down": {"uv": [15, 4, 16, 5], "texture": "#0"}
			}
		},
		{
			"from": [7.5, 7.1, 13.8],
			"to": [8.5, 7.4, 15.9],
			"faces": {
				"north": {"uv": [15, 4, 16, 5], "texture": "#0"},
				"east": {"uv": [15, 4, 16, 5], "texture": "#0"},
				"south": {"uv": [15, 4, 16, 5], "texture": "#0"},
				"west": {"uv": [15, 4, 16, 5], "texture": "#0"},
				"up": {"uv": [15, 3, 16, 5], "texture": "#0"},
				"down": {"uv": [15, 4, 16, 5], "texture": "#0"}
			}
		},
		{
			"from": [8.79142, 6.69645, 14.8],
			"to": [9.69142, 6.99645, 15.1],
			"rotation": {"angle": -45, "axis": "z", "origin": [9.14142, 6.84645, 14.95]},
			"faces": {
				"north": {"uv": [15, 4, 16, 5], "texture": "#0"},
				"east": {"uv": [15, 4, 16, 5], "texture": "#0"},
				"south": {"uv": [15, 4, 16, 5], "texture": "#0"},
				"west": {"uv": [15, 4, 16, 5], "texture": "#0"},
				"up": {"uv": [15, 4, 16, 5], "texture": "#0"},
				"down": {"uv": [15, 4, 16, 5], "texture": "#0"}
			}
		},
		{
			"from": [9.59142, 6.59645, 14.7],
			"to": [10.09142, 7.09645, 15.2],
			"rotation": {"angle": -45, "axis": "z", "origin": [9.14142, 6.84645, 14.95]},
			"faces": {
				"north": {"uv": [15, 0, 16, 1], "texture": "#0"},
				"east": {"uv": [15, 0, 16, 1], "texture": "#0"},
				"south": {"uv": [15, 0, 16, 1], "texture": "#0"},
				"west": {"uv": [15, 0, 16, 1], "texture": "#0"},
				"up": {"uv": [15, 0, 16, 1], "texture": "#0"},
				"down": {"uv": [15, 0, 16, 1], "texture": "#0"}
			}
		}
	],
	"display": {
		"thirdperson_righthand": {
			"translation": [0, 1.5, -2.5],
			"scale": [0.8, 0.8, 0.8]
		},
		"thirdperson_lefthand": {
			"scale": [0, 0, 0]
		},
		"firstperson_righthand": {
			"rotation": [-33.5, -15, 0],
			"translation": [11, 6, -6]
		},
		"firstperson_lefthand": {
			"scale": [0, 0, 0]
		},
		"ground": {
			"rotation": [0, 0, 90]
		},
		"gui": {
			"rotation": [90, 45, -90],
			"translation": [2.5, -0.5, 0],
			"scale": [0.6, 0.6, 0.6]
		},
		"head": {
			"rotation": [0, 0, 90],
			"translation": [-1, -42, 0]
		},
		"fixed": {
			"scale": [0, 0, 0]
		}
	},
	"groups": [
		{
			"name": "group",
			"origin": [0, 0.17574, 6.97574],
			"color": 0,
			"nbt": "{}",
			"armAnimationEnabled": false,
			"children": [0, 1, 2, 3, 4, 5, 6, 7, 8, 9, 10, 11, 12, 13, 14, 15, 16, 17, 18, 19, 20, 21, 22, 23, 24, 25]
		},
		{
			"name": "group",
			"origin": [8, 5.37365, 15.64853],
			"color": 0,
			"nbt": "{}",
			"armAnimationEnabled": false,
			"children": [26, 27, 28, 29]
		},
		{
			"name": "group",
			"origin": [8, 5.43934, 17.91066],
			"color": 0,
			"nbt": "{}",
			"armAnimationEnabled": false,
			"children": [30, 31, 32, 33, 34, 35, 36]
		},
		{
			"name": "group",
			"origin": [8, 5.43934, 17.91066],
			"color": 0,
			"nbt": "{}",
			"armAnimationEnabled": false,
			"children": [37, 38, 39, 40, 41, 42, 43]
		},
		{
			"name": "group",
			"origin": [0, -2.7, 7],
			"color": 0,
			"nbt": "{}",
			"armAnimationEnabled": false,
			"children": [44, 45, 46]
		},
		{
			"name": "group",
			"origin": [0, 0, 0],
			"color": 0,
			"nbt": "{}",
			"armAnimationEnabled": false,
			"children": [47, 48, 49, 50, 51, 52, 53, 54, 55, 56, 57, 58, 59, 60, 61, 62, 63, 64, 65, 66, 67, 68, 69, 70, 71]
		},
		{
			"name": "group",
			"origin": [1.2191, -0.20205, 1],
			"color": 0,
			"nbt": "{}",
			"armAnimationEnabled": false,
			"children": [72, 73, 74, 75, 76, 77, 78, 79, 80, 81, 82, 83, 84, 85, 86, 87, 88, 89, 90, 91]
		},
		{
			"name": "group",
			"origin": [1.2191, -0.20205, 1],
			"color": 0,
			"nbt": "{}",
			"armAnimationEnabled": false,
			"children": [92, 93, 94, 95]
		},
		{
			"name": "group",
			"origin": [1.2191, -0.20205, 1],
			"color": 0,
			"nbt": "{}",
			"armAnimationEnabled": false,
			"children": [96, 97, 98, 99, 100, 101, 102, 103, 104, 105, 106, 107]
		},
		{
			"name": "group",
			"origin": [6.8, 9, 5.6],
			"color": 0,
			"nbt": "{}",
			"armAnimationEnabled": false,
			"children": [108, 109]
		},
		110,
		111,
		{
			"name": "group",
			"origin": [0, 0, 0],
			"color": 0,
			"nbt": "{}",
			"armAnimationEnabled": false,
			"children": [112, 113, 114, 115]
		}
	]
}